source,target,before,after,delta
0,1,0.42567236737486275,0.42567236737488306,2.0317081350640365e-14
0,2,0.4198551927432411,0.4198551927432909,4.979350265443827e-14
0,3,0.4050128637533378,0.40501286375350753,1.6975310046518644e-13
0,4,0.42911566654085453,0.4291156665411062,2.51687559682523e-13
0,5,0.4170113042631324,0.41701130426364036,5.079825449172404e-13
0,6,0.4101521813212671,0.4101521813212851,1.8041124150158794e-14
0,7,0.41939267951613785,0.41939267951616843,3.058664432842306e-14
0,8,0.4192332339326082,0.4192332339332339,6.257216966787382e-13
1,0,0.4404299781172521,0.4404299781172617,9.603429163007604e-15
1,2,0.41913938690034647,0.4191393869003518,5.329070518200751e-15
1,3,0.40798665962955444,0.4079866596295705,1.6042722705833512e-14
1,4,0.4312934472832714,0.4312934472833143,4.29101199017623e-14
1,6,0.42554508569775995,0.42554508569776067,7.216449660063518e-16
1,9,0.41028972308520545,0.41028972308531714,1.1168843627729075e-13
1,11,0.43281509597751133,0.43281509597752155,1.021405182655144e-14
1,14,0.428632662151811,0.42863266215181706,6.050715484207103e-15
2,0,0.4073075249927047,0.4073075249927446,3.991251773527438e-14
2,1,0.4183481980503362,0.41834819805034823,1.2045919817182948e-14
2,3,0.42827931953986415,0.4282793195399553,9.114931032172535e-14
2,4,0.3908896552620232,0.39088965526217473,1.5154544286133387e-13
2,5,0.42709936568278556,0.4270993656830508,2.652322805829499e-13
2,7,0.42605378684620043,0.42605378684622053,2.0095036745715333e-14
2,10,0.44031675727673625,0.4403167572768856,1.4932499681208355e-13
2,12,0.4240140136325178,0.42401401363286434,3.465561171367426e-13
2,15,0.44488148875455297,0.4448814887545771,2.4147350785597155e-14
3,0,0.4030625097320815,0.4030625097323363,2.5479618415147343e-13
3,1,0.4000933856015042,0.40009338560156454,6.034062138837726e-14
3,2,0.435550059300926,0.43555005930108975,1.637578961322106e-13
3,5,0.42096555829971377,0.4209655583021074,2.3936408410918375e-12
3,6,0.4119957103148561,0.4119957103149078,5.168088179630104e-14
3,8,0.4116900023837542,0.41169000238667,2.9157787295730486e-12
3,11,0.4075723370432544,0.407572337043528,2.7361446441886983e-13
3,13,0.4337756356466173,0.4337756356526111,5.993816554195064e-12
3,16,0.40201638248081645,0.40201638248414223,3.325784092567119e-12
4,0,0.422751874840928,0.42275187484101234,8.432143872028064e-14
4,1,0.4330573247093184,0.4330573247093719,5.3512749786932545e-14
4,2,0.4285555869002219,0.4285555869002972,7.532863222081687e-14
4,6,0.4074617667147212,0.4074617667147671,4.590772206825022e-14
4,7,0.42164535231003053,0.42164535231012595,9.54236689665322e-14
4,9,0.41609564567059576,0.4160956456726556,2.059852288738284e-12
4,12,0.41195992541908155,0.4119599254209205,1.8389734179891093e-12
4,17,0.39401294155097966,0.39401294157173394,2.075428717773775e-11
5,0,0.42896055540135264,0.4289605554025104,1.1577405700791132e-12
5,2,0.41658691433391687,0.4165869143346241,7.072120666862247e-13
5,3,0.4271641624298325,0.42716416243318983,3.3573144264664734e-12
5,8,0.4026571722850135,0.40265717230101944,1.6005918812567188e-11
5,10,0.4283745083059692,0.42837450831132723,5.358047339143468e-12
5,13,0.4239497500274815,0.4239497500647639,3.728239938993738e-11
5,18,0.39516363042650665,0.3951636304634962,3.6989522556041265e-11
5,26,0.4386248122053829,0.43862481233724454,1.318616327239397e-10
6,0,0.3987369124857526,0.3987369124857604,7.771561172376096e-15
6,1,0.41069716536225903,0.41069716536225975,7.216449660063518e-16
6,3,0.39775592896364614,0.39775592896365963,1.3489209749195652e-14
6,4,0.4333609612560621,0.4333609612560987,3.658184866139891e-14
6,9,0.4166617069698198,0.4166617069699141,9.431344594190705e-14
6,11,0.4274417045686292,0.4274417045686381,8.93729534823251e-15
6,14,0.43008645153142855,0.43008645153143366,5.10702591327572e-15
6,19,0.41232154166748497,0.41232154166748497,0.0
6,27,0.40040320187678363,0.4004032018767888,5.162537064506978e-15
7,0,0.41362947243355624,0.4136294724335669,1.0658141036401503e-14
7,2,0.4293804314878154,0.42938043148782246,7.049916206369744e-15
7,4,0.4246569061904102,0.42465690619046115,5.0959236830294685e-14
7,10,0.4092324517969604,0.40923245179699647,3.608224830031759e-14
7,12,0.39645617399668426,0.3964561739968012,1.1696199564426024e-13
7,15,0.42281587847514085,0.42281587847514823,7.382983113757291e-15
7,20,0.40255382771382425,0.40255382771402953,2.0528023725319144e-13
7,28,0.42518697835198266,0.4251869783519999,1.7263968032921184e-14
8,0,0.41136414482974665,0.41136414483113487,1.3882228699912957e-12
8,3,0.39826047384553015,0.3982604738495298,3.999633957363358e-12
8,5,0.4224057901692768,0.42240579018490715,1.5630330363336498e-11
8,11,0.414902203658464,0.41490220365992964,1.4656609259589004e-12
8,13,0.41981783033513087,0.41981783037887865,4.374778317384198e-11
8,16,0.41980999644207706,0.4198099964632075,2.1130430738480754e-11
8,21,0.40759316055932676,0.40759316071853474,1.5920798013269177e-10
8,29,0.4208317601859791,0.42083176026688895,8.090983438791e-11
9,1,0.42512173122923835,0.42512173122938013,1.417754802446325e-13
9,4,0.4060031791641277,0.4060031791662282,2.100486451439565e-12
9,6,0.413702337386197,0.41370233738631806,1.2106982083537332e-13
9,12,0.4168917177632855,0.416891717768115,4.829525668270662e-12
9,14,0.42025471358619837,0.4202547135866139,4.155564781171961e-13
9,17,0.42339688140022935,0.4233968814542474,5.4018067796590685e-11
9,22,0.4303231380318902,0.43032313804433103,1.2440826147042117e-11
9,30,0.41170658280528655,0.4117065828949367,8.9650176171574e-11
10,2,0.43057481062851644,0.4305748106287708,2.5435209494162336e-13
10,5,0.4232673759749464,0.4232673759784286,3.4822145167368035e-12
10,7,0.4225360975238716,0.422536097524015,1.4338530363033897e-13
10,13,0.4118077048684307,0.41180770487664525,8.214540159201533e-12
10,15,0.4257252413473652,0.4257252413475514,1.8618440122963875e-13
10,18,0.41255242059209746,0.4125524206014444,9.346967644319193e-12
10,23,0.3961451496435416,0.396145149644879,1.3374301666146948e-12
10,31,0.4345041799420077,0.43450417995148266,9.474976359058473e-12
11,1,0.41536891759201383,0.4153689175920368,2.298161660974074e-14
11,3,0.4251140797581667,0.4251140797583418,1.7513768213461844e-13
11,6,0.4134457440016208,0.41344574400164075,1.992850329202156e-14
11,8,0.40171060546008547,0.4017106054607166,6.311062783481702e-13
11,14,0.4149667131270866,0.41496671312712513,3.852473895449293e-14
11,16,0.4127715704252133,0.412771570425972,7.58726415028832e-13
11,19,0.4278590493770934,0.42785904937711033,1.6930901125533637e-14
11,24,0.4321920876637224,0.43219208766399975,2.773337115513641e-13
11,32,0.4150787137395575,0.41507871373962124,6.372680161348399e-14
12,2,0.3851270121725017,0.38512701217267126,1.695310558602614e-13
12,4,0.42416785591215106,0.42416785591394673,1.7956747200287282e-12
12,7,0.419766164279149,0.4197661642793629,2.1393997684526767e-13
12,9,0.42078038055946165,0.4207803805640842,4.622524585329302e-12
12,15,0.43336719534027557,0.4333671953404961,2.2054580384178735e-13
12,17,0.4083041611300199,0.40830416117624657,4.622668914322503e-11
12,20,0.41324049105360317,0.41324049106076566,7.162492821066735e-12
12,25,0.42377726749346306,0.4237772675551627,6.169964539282091e-11
12,33,0.41913157097364195,0.41913157099853393,2.4891977368213247e-11
13,3,0.4324255514271771,0.4324255514426843,1.5507206629905568e-11
13,5,0.4406810953130262,0.440681095386361,7.333483820204378e-11
13,8,0.4268064434499285,0.42680644353767455,8.77460326620394e-11
13,10,0.4216925039525445,0.4216925039763208,2.3776314250767427e-11
13,16,0.41676633217831144,0.41676633227128435,9.29729071508234e-11
13,18,0.4202445690089545,0.4202445692264005,2.1744600564588268e-10
13,21,0.4243531081999796,0.4243531094906476,1.2906679613955419e-09
13,26,0.3967274478427098,0.39672744911394553,1.2712357277955277e-09
13,34,0.4212905358313551,0.42129053825643775,2.425082634704978e-09
14,1,0.41312981570592805,0.41312981570592805,0.0
14,6,0.4130030107544186,0.4130030107544186,0.0
14,9,0.4008519225870024,0.400851922587031,2.858824288409778e-14
14,11,0.4138277375722327,0.4138277375722327,0.0
14,19,0.4090288846882535,0.4090288846882535,0.0
14,22,0.4212848525816307,0.42128485258169696,6.628031457012185e-14
14,27,0.42008590374899646,0.42008590374899835,1.887379141862766e-15
14,35,0.41951638424444637,0.4195163842445131,6.672440377997191e-14
15,2,0.4415534324680815,0.44155343246809503,1.354472090042691e-14
15,7,0.4283144779213781,0.4283144779213888,1.071365218763276e-14
15,10,0.4169756093629173,0.41697560936297323,5.595524044110789e-14
15,12,0.4207022786042679,0.4207022786044668,1.988964548615968e-13
15,20,0.4289238857430888,0.42892388574343776,3.489430966396867e-13
15,23,0.4098871381863745,0.4098871381864242,4.9682480351975755e-14
15,28,0.42127970419524224,0.4212797041952733,3.1030733538273125e-14
15,36,0.4157936767093236,0.41579367670935885,3.524958103184872e-14
16,3,0.41409062368669564,0.41409062369086863,4.172995282658576e-12
16,8,0.43286890386694904,0.4328689038862572,1.9308166177012254e-11
16,11,0.4130547760180487,0.41305477601962454,1.5758505611529472e-12
16,13,0.4139083708211904,0.41390837086429844,4.3108017155901734e-11
16,21,0.40743808087436695,0.4074380810283683,1.5400136721410718e-10
16,24,0.4112065643561916,0.4112065643624674,6.275813202449854e-12
16,29,0.4164196393615262,0.4164196394419424,8.041617372001042e-11
16,37,0.4079122728245293,0.4079122728545887,3.0059399414028576e-11
16,50,0.4329490456162726,0.4329490457123449,9.607226125751822e-11
17,4,0.43515013715443,0.435150137215872,6.144196262880541e-11
17,9,0.39611142151459594,0.3961114216736912,1.590952369845411e-10
17,12,0.42511202631357803,0.4251120264541417,1.4056367181325413e-10
17,22,0.42977490067116597,0.4297749010405368,3.6937081171473096e-10
17,25,0.4160562248450301,0.4160562276003619,2.7553318515671776e-09
17,30,0.44947767003540934,0.44947767351318346,3.477774124238664e-09
17,38,0.39341477080447995,0.39341477946128534,8.65680538364444e-09
17,51,0.4187102319365306,0.41871025016493796,1.8228407339115904e-08
18,5,0.41147507436217207,0.41147507440300984,4.083777760399698e-11
18,10,0.41726111499513363,0.41726111501123964,1.6106005418237146e-11
18,13,0.4294671404578529,0.4294671405764508,1.185979092710454e-10
18,23,0.4069058468320848,0.4069058468442385,1.215366696172282e-11
18,26,0.4497230801276226,0.4497230805538507,4.262281083633468e-10
18,31,0.4007046067758549,0.40070460689239273,1.165378349377022e-10
18,39,0.42847715949892184,0.42847716004324893,5.443270834071257e-10
18,52,0.4207530562738185,0.4207530567461515,4.723330060407704e-10
19,6,0.43838760154508805,0.4383876015450905,2.4424906541753444e-15
19,11,0.41533856738814107,0.4153385673881521,1.1046719095020308e-14
19,14,0.40781288820013467,0.40781288820014244,7.771561172376096e-15
19,24,0.42638399680676903,0.42638399680680167,3.26405569239796e-14
19,27,0.40232622862601203,0.4023262286260198,7.771561172376096e-15
19,32,0.4492198556578961,0.44921985565790457,8.43769498715119e-15
19,40,0.41765962155454295,0.4176596215545487,5.773159728050814e-15
19,45,0.40320669893506594,0.4032066989350827,1.6764367671839864e-14
19,53,0.4160307199886739,0.41603071998867425,3.3306690738754696e-16
20,7,0.42404923561418956,0.42404923561457647,3.8691272408186705e-13
20,12,0.41175178162890225,0.41175178163635817,7.455924766475164e-12
20,15,0.4259907998631498,0.4259907998635483,3.9851455468919994e-13
20,25,0.4280819301422679,0.42808193025358576,1.1131784383167087e-10
20,28,0.40113884528366783,0.4011388452848623,1.194488952194206e-12
20,33,0.40594616896030083,0.4059461690052386,4.4937775722786455e-11
20,41,0.41975182283737783,0.4197518228399601,2.5822677329756516e-12
20,46,0.4247201877626072,0.42472018800155326,2.3894602962926115e-10
20,54,0.4334276405558541,0.4334276405994327,4.357858518488911e-11
21,8,0.41004259880520255,0.4100425992491675,4.4396497589360706e-10
21,13,0.4239868242392705,0.4239868258543171,1.6150465964592797e-09
21,16,0.4298808345008366,0.4298808349635873,4.6275072662638195e-10
21,26,0.4232923818692906,0.42329238923984464,7.37055405597431e-09
21,29,0.43147874317024326,0.43147874579144296,2.621199701735577e-09
21,34,0.4424461927653711,0.44244620793238604,1.516701492176864e-08
21,42,0.4128524935027207,0.4128525064784809,1.2975760188549401e-08
21,47,0.39386083714787173,0.39386086877892057,3.163104883574519e-08
21,55,0.4085761146165659,0.4085761550708373,4.0454271377221573e-08
22,9,0.44099573965281275,0.44099573966573713,1.2924383785417604e-11
22,14,0.4174816494294026,0.4174816494303957,9.930944955272025e-13
22,17,0.42058262271198854,0.4205826228410073,1.2901874013593329e-10
22,27,0.43519038265873,0.4351903826597466,1.0165757124980246e-12
22,30,0.42520162844794523,0.4252016286620652,2.141199439975594e-10
22,35,0.41037477134474604,0.41037477137459727,2.985123259691136e-11
22,43,0.4226239594836429,0.42262395979974754,3.1610464246156766e-10
22,48,0.4148690246318687,0.41486902464763603,1.5767331884575242e-11
22,56,0.4350995806571749,0.4350995808927134,2.355384776109304e-10
23,10,0.442118803660432,0.44211880366148115,1.049160758270773e-12
23,15,0.4129387638804422,0.4129387638805868,1.4460654895742664e-13
23,18,0.4227044014429791,0.4227044014480391,5.060007968182845e-12
23,28,0.42559620877769183,0.42559620877800897,3.1713520698417597e-13
23,31,0.4140937506536589,0.41409375065879866,5.139777492502162e-12
23,36,0.4217492325675969,0.4217492325682473,6.50424158976648e-13
23,44,0.40366206414356187,0.4036620641482674,4.705513756420032e-12
23,49,0.41748049138901205,0.4174804913891786,1.6653345369377348e-13
23,57,0.4246424204045844,0.4246424204061891,1.6047163597932013e-12
24,11,0.4204981269376954,0.420498126938089,3.9362957338084925e-13
24,16,0.40294300388090964,0.40294300388541515,4.50550707853381e-12
24,19,0.42030918365037295,0.4203091836504426,6.966649479522857e-14
24,29,0.41900700683347447,0.4190070068481765,1.4702017381296173e-11
24,32,0.4301014225033598,0.43010142250365135,2.915445662665661e-13
24,37,0.4430289074300665,0.4430289074361974,6.1308735865850394e-12
24,45,0.43536324689279854,0.43536324689330197,5.034306305162772e-13
24,58,0.4225219027407128,0.4225219027439681,3.2553404416546528e-12
25,12,0.4213473414237969,0.4213473416120321,1.8823520520072634e-10
25,17,0.42385920395788973,0.42385920671933275,2.7614430186950756e-09
25,20,0.41741705695510894,0.4174170572849524,3.2984343034669905e-10
25,30,0.3911308054149642,0.3911308100731093,4.658145091873678e-09
25,33,0.41601971798307175,0.4160197193042764,1.3212046456878568e-09
25,38,0.4044356968512821,0.40443570844827526,1.1596993143569989e-08
25,46,0.4349857367588353,0.43498574496336184,8.204526558142078e-09
25,59,0.4212997708971523,0.42129980309700077,3.2199848454261826e-08
26,5,0.3937868582510434,0.39378685862265894,3.7161551613706933e-10
26,13,0.42047698036910025,0.4204769819935051,1.6244048328672989e-09
26,18,0.41788011962706617,0.417880120750817,1.123750814624458e-09
26,21,0.4334238462107219,0.4334238537406888,7.529966927766196e-09
26,31,0.43193510011195746,0.43193510124441264,1.132455185182124e-09
26,34,0.4233406632243922,0.4233406786568405,1.54324483192525e-08
26,39,0.40212311813367657,0.40212312785140397,9.717727400548881e-09
26,47,0.4410079912434417,0.4410080234800862,3.2236644520455826e-08
26,60,0.4134309789414678,0.4134310187580106,3.981654278506497e-08
27,6,0.41477591053097645,0.41477591053097645,0.0
27,14,0.4040309460051164,0.4040309460051164,0.0
27,19,0.4295491488420719,0.4295491488420719,0.0
27,22,0.45102089795244105,0.45102089795248357,4.2521541843143495e-14
27,32,0.4234679577693568,0.4234679577693568,0.0
27,35,0.4169143978923854,0.4169143978924284,4.3021142204224816e-14
27,40,0.41946479723902685,0.41946479723902685,0.0
27,48,0.4166486372429703,0.4166486372429922,2.1926904736346842e-14
27,61,0.4350172265468765,0.4350172265468854,8.881784197001252e-15
28,7,0.42276970100868566,0.4227697010087113,2.5646151868841116e-14
28,15,0.43900077803447285,0.4390007780345011,2.8255175976710234e-14
28,20,0.43307531962921764,0.4330753196301237,9.060530103965903e-13
28,23,0.41961286901654404,0.4196128690166238,7.97695243193175e-14
28,33,0.4286674013007525,0.4286674013040874,3.3349434325202765e-12
28,36,0.4433896552946067,0.44338965529466423,5.750955267558311e-14
28,41,0.4251864220181009,0.42518642201827433,1.7341683644644945e-13
28,49,0.4240722352943192,0.424072235294337,1.7819079545233762e-14
28,62,0.41324197280488023,0.41324197280501324,1.3300471835009375e-13
29,8,0.4128535715485656,0.41285357168102316,1.3245754493240725e-10
29,16,0.434196466561911,0.43419646670417994,1.4226891886792714e-10
29,21,0.42347892822998223,0.42347892992547786,1.695495632780819e-09
29,24,0.418102606822559,0.41810260685785006,3.529104786181847e-11
29,34,0.43180986373570224,0.43180986656314463,2.827442391328816e-09
29,37,0.40584027244858206,0.4058402726526649,2.0408286172113321e-10
29,42,0.44273589831401816,0.4427359011937135,2.879695315538555e-09
29,50,0.4219704101384309,0.4219704108570487,7.186177763962576e-10
29,63,0.41008466463567617,0.41008466902153723,4.3858610632163675e-09
30,9,0.4203887396755961,0.42038873995216863,2.765725426456811e-10
30,17,0.4170684741146806,0.4170684777185244,3.6038437789542854e-09
30,22,0.4291581779141329,0.42915817855639515,6.422622433888137e-10
30,25,0.41785716102456033,0.417857165840948,4.816387677575307e-09
30,35,0.41360813922333417,0.4136081398690136,6.456794543474587e-10
30,38,0.42577000043562985,0.42577001565346057,1.5217830717784153e-08
30,43,0.41842047703207075,0.4184204860932166,9.06114583365536e-09
30,51,0.4122494834901763,0.41224951556155115,3.2071374833630983e-08
30,64,0.3986661314763194,0.3986661718604847,4.0384165289619744e-08
31,10,0.41187321936127747,0.41187321937751237,1.6234902311396127e-11
31,18,0.42246528085015145,0.4224652809660697,1.1591827497881013e-10
31,23,0.4194237773486385,0.41942377736089964,1.2261136550506535e-11
31,26,0.4166804099849077,0.4166804104127311,4.278233878274307e-10
31,36,0.43823216144908844,0.4382321614578637,8.775258297788469e-12
31,39,0.4182525143453562,0.41825251489165616,5.462999497218846e-10
31,44,0.41460340651334515,0.4146034066203995,1.0705436537250534e-10
31,52,0.4110990691482405,0.4110990696223098,4.740692838289817e-10
31,65,0.435281262530368,0.43528126282157964,2.9121166589263225e-10
32,11,0.39649569660275163,0.39649569660281253,6.089573290068984e-14
32,19,0.4099498269088044,0.4099498269088166,1.2212453270876722e-14
32,24,0.42447093486015897,0.4244709348603608,2.0183854587685346e-13
32,27,0.40847764468282927,0.40847764468285835,2.90878432451791e-14
32,37,0.4025417713980008,0.4025417713987252,7.244205235679146e-13
32,40,0.4159450587056515,0.4159450587056733,2.1760371282653068e-14
32,45,0.40704988430952477,0.407049884309608,8.321121569565548e-14
32,53,0.4307787131153482,0.43077871311535787,9.658940314238862e-15
32,66,0.4293805014710631,0.429380501471111,4.7906123512575505e-14
33,12,0.4323427947077037,0.4323427947587789,5.107519962521678e-11
33,20,0.4135320512809647,0.4135320513702287,8.926398509245814e-11
33,25,0.40734262750551675,0.40734262844166513,9.361483810366167e-10
33,28,0.41692836836064573,0.4169283683684738,7.828071524329516e-12
33,38,0.42048880511431147,0.4204888078548673,2.74055583782129e-09
33,41,0.41182296661979195,0.4118229666355223,1.5730361457855224e-11
33,46,0.41455333762630436,0.41455333969155467,2.065250304106314e-09
33,54,0.4117981062505474,0.41179810655535687,3.0480945545363625e-10
33,67,0.4152881650520635,0.41528816829074566,3.238682155792816e-09
34,13,0.4156508908251704,0.41565089892938517,8.104214743731575e-09
34,21,0.4140423387658459,0.4140423830730769,4.430723099524414e-08
34,26,0.4255690306449945,0.4255690751373141,4.4492319606348474e-08
34,29,0.41372668905943444,0.4137267004099861,1.1350551665234576e-08
34,39,0.4274441419744756,0.427444200760375,5.878589937058365e-08
34,42,0.42028953401241603,0.42028961513961893,8.112720289998876e-08
34,47,0.42810637012855723,0.4281067561094542,3.8598089696639803e-07
34,55,0.42527826438341143,0.42527878619931614,5.218159047082338e-07
34,68,0.42102569099996556,0.42102693683025016,1.245830284601901e-06
35,14,0.39018178347223564,0.39018178347323745,1.00180974627051e-12
35,22,0.4471716099358712,0.44717160996585337,2.9982183402665896e-11
35,27,0.40882284895685594,0.4088228489578809,1.0249578963339445e-12
35,30,0.42015803766825127,0.42015803788421574,2.1596446853067164e-10
35,40,0.4352523879880389,0.4352523879888002,7.613354391367011e-13
35,43,0.3818470469668533,0.38184704728568114,3.188278530075195e-10
35,48,0.39478392354541125,0.3947839235613145,1.590322318278936e-11
35,56,0.41635240095525006,0.41635240119281774,2.37567687744189e-10
35,69,0.4350990747304882,0.43509907486534755,1.3485934591273008e-10
36,15,0.443657255761902,0.4436572557620057,1.0369483049998962e-13
36,23,0.42723904255815315,0.427239042558795,6.418754416870343e-13
36,28,0.4176819823470963,0.41768198234732284,2.265410081747632e-13
36,31,0.4093815751201309,0.40938157512377843,3.647526725103489e-12
36,41,0.42989224932293846,0.42989224932333364,3.9518388561532447e-13
36,44,0.403524785710582,0.4035247857139207,3.338718190804002e-12
36,49,0.4292340170057891,0.42923401700590796,1.18849374786123e-13
36,57,0.42781336067634007,0.4278133606774801,1.140032512836342e-12
36,70,0.4135527764693015,0.41355277646971855,4.1705527920044005e-13
37,16,0.43485042961435555,0.4348504296465695,3.2213953726767386e-11
37,24,0.4317968114456025,0.431796811454765,9.162504088777723e-12
37,29,0.4308243741598333,0.4308243742823225,1.2248918546120535e-10
37,32,0.4037724456329771,0.4037724456346338,1.6567303084968898e-12
37,42,0.4152251716604119,0.415225172046612,3.862001274335114e-10
37,45,0.4218325179486923,0.4218325179514239,2.731592729787735e-12
37,50,0.4311293472884748,0.4311293474334596,1.4498480194191643e-10
37,58,0.43643625647854517,0.4364362564987806,2.0235424447179184e-11
37,71,0.4240994437342944,0.4240994438956017,1.6130730084995548e-10
38,17,0.41364680595182,0.41364683109278155,2.5140961534830808e-08
38,25,0.4120052026397911,0.4120052362777623,3.363797118627332e-08
38,30,0.40527281939128545,0.40527286262589884,4.3234613389397936e-08
38,33,0.4180270568456465,0.4180270669988646,1.0153218099606676e-08
38,43,0.4078054467924337,0.40780551185778163,6.506534794281649e-08
38,46,0.4137520653519865,0.41375214329081655,7.793883005646762e-08
38,51,0.4118945601388139,0.4118949494265753,3.8928776135982446e-07
38,59,0.4232670491428312,0.423267595118473,5.459756418080275e-07
38,72,0.4323320186676268,0.43233329147543303,1.272807806207421e-06
39,18,0.41918541423178207,0.4191854157112987,1.4795166203285248e-09
39,26,0.4286423521359402,0.42864236200292555,9.866985339890277e-09
39,31,0.4370363161250613,0.43703631761594436,1.4908830836546372e-09
39,34,0.4125084821614855,0.4125085027030197,2.0541534195839262e-08
39,44,0.424449567361764,0.4244495687210546,1.3592906245030179e-09
39,47,0.4016230372603398,0.40162308020371956,4.2943379741089416e-08
39,52,0.41259903719412405,0.4125990482817163,1.1087592233227639e-08
39,60,0.43782159502871404,0.43782164808215007,5.3053436033234647e-08
39,73,0.4041964582085572,0.4041965001930943,4.198453706916183e-08
40,19,0.4064362450227762,0.4064362450227762,0.0
40,27,0.4080043293452741,0.4080043293452741,0.0
40,32,0.42580036125908266,0.42580036125908266,0.0
40,35,0.4146242309824617,0.41462423098250745,4.574118861455645e-14
40,48,0.41666924578094444,0.41666924578096765,2.3203661214665772e-14
40,53,0.42936466116881616,0.42936466116881616,0.0
40,61,0.41390860415049435,0.4139086041505037,9.325873406851315e-15
40,74,0.43579415609975414,0.4357941560997565,2.3869795029440866e-15
41,20,0.41558908757791424,0.4155890875787996,8.853473509873311e-13
41,28,0.4021016683525116,0.40210166835259303,8.143485885625523e-14
41,33,0.4218415820784169,0.42184158208159067,3.173794560495935e-12
41,36,0.43326561559137017,0.4332656155914246,5.445643935786393e-14
41,49,0.4161206370494328,0.4161206370494466,1.3766765505351941e-14
41,54,0.4031797934108814,0.4031797934138717,2.990330205676628e-12
41,62,0.400347376486194,0.4003473764863281,1.341149413747189e-13
41,75,0.45034851915629104,0.4503485191596645,3.3734681714747694e-12
42,21,0.42119242223391773,0.421192436113817,1.387989928547384e-08
42,29,0.43584602515693915,0.4358460299460477,4.789108554170696e-09
42,34,0.42224780701005743,0.422247835885068,2.8875010549267444e-08
42,37,0.4246019083828864,0.4246019095975336,1.2146471606300224e-09
42,50,0.4123036699123087,0.41230367450923916,4.596930447409164e-09
42,55,0.41585323111999806,0.41585330858768915,7.746769109528984e-08
42,63,0.42017217675457963,0.4201722140626663,3.7308086675569285e-08
42,76,0.44037498894671584,0.4403751225401265,1.3359341066720987e-07
43,22,0.4128509080155689,0.4128509089878495,9.722805893730424e-10
43,30,0.4226766101921732,0.4226766194217272,9.229554009948515e-09
43,35,0.4061284671967855,0.4061284681742521,9.77466552143369e-10
43,38,0.42402597050331664,0.42402599365858124,2.3155264594620917e-08
43,51,0.41541232682150925,0.4154123756403782,4.8818868947364535e-08
43,56,0.433853998148482,0.43385400835267907,1.0204197042895657e-08
43,64,0.42770383016228813,0.42770389166303874,6.150075060329385e-08
43,77,0.41620060641003803,0.4162006561513736,4.9741335550468335e-08
44,23,0.41042464161440173,0.4104246416255854,1.118366510510782e-11
44,31,0.4254118621954755,0.425411862302323,1.0684747531186645e-10
44,36,0.4295387995643104,0.42953879957231483,8.004430451791222e-12
44,39,0.4231134747999373,0.4231134752975884,4.976511425169861e-10
44,52,0.4250916957571084,0.42509169618896425,4.318558288751717e-10
44,57,0.4271048264721527,0.42710482650122295,2.9070246210238793e-11
44,65,0.4345624071325854,0.4345624073978775,2.6529206609282596e-10
44,78,0.43440213632141156,0.434402136442757,1.2134543370123652e-10
45,19,0.4147151277143688,0.41471512771438895,2.015054789694659e-14
45,24,0.41140620076995305,0.4114062007702587,3.056443986793056e-13
45,32,0.4162566731290278,0.41625667312910114,7.333023077649159e-14
45,37,0.4260903898971536,0.42609038989818815,1.0345613254969521e-12
45,53,0.4187949437895049,0.4187949437895192,1.432187701766452e-14
45,58,0.41046328478089983,0.4104632847816156,7.157607839758384e-13
45,66,0.42377003218725173,0.4237700321873332,8.149037000748649e-14
45,79,0.39748164850553525,0.39748164850613343,5.981881656680343e-13
46,20,0.3952812150834154,0.39528121586493203,7.815166291891273e-10
46,25,0.4142354236090932,0.4142354324571265,8.848033306030345e-09
46,33,0.4089656064760091,0.40896560962783085,3.15182174803752e-09
46,38,0.43534498367412194,0.43534501181259416,2.81384722189415e-08
46,54,0.432832698325163,0.43283270101004356,2.6848805401158415e-09
46,59,0.4027914517388819,0.40279153016313995,7.842425803206154e-08
46,67,0.43268057182262654,0.4326806027780189,3.095539236053213e-08
46,80,0.4192296656103126,0.41922979683288,1.312225673677503e-07
47,21,0.4023568622187068,0.4023569641429239,1.0192421706634036e-07
47,26,0.4292532953187481,0.4292533977314287,1.0241268055821706e-07
47,34,0.4121557821399734,0.4121561806942098,3.985542363915684e-07
47,39,0.39690677857918216,0.3969069139647705,1.3538558835124448e-07
47,55,0.41045040133781513,0.41045162003143393,1.2186936187985609e-06
47,60,0.41335541880473775,0.4133566121858179,1.1933810801223466e-06
47,68,0.4254896259805225,0.42549254725798835,2.9212774658726737e-06
47,81,0.42132425702762394,0.4213281064538289,3.849426204960427e-06
48,22,0.40216642376495165,0.4021664237799366,1.4984957719121894e-11
48,27,0.42421616540706764,0.42421616540758006,5.12423437015741e-13
48,35,0.4277622317382811,0.427762231753329,1.504790736461814e-11
48,40,0.4227851865895343,0.42278518658991465,3.8036240823657863e-13
48,56,0.42429183158300104,0.4242918317017389,1.187378528832994e-10
48,61,0.4217119344579249,0.4217119344613201,3.3952285427574225e-12
48,69,0.430785623477517,0.43078562354492006,6.740308311492527e-11
48,82,0.4011309391566027,0.4011309391820449,2.5442203899217475e-11
49,23,0.43298479700076614,0.43298479700088643,1.202926647181357e-13
49,28,0.4020855009179165,0.4020855009179711,5.4567461660326444e-14
49,36,0.4251001474751101,0.4251001474751971,8.698597397938101e-14
49,41,0.4224459265413693,0.42244592654146707,9.775513731824503e-14
49,57,0.430690258915252,0.43069025891544477,1.9279022822615843e-13
49,62,0.4188993883771766,0.4188993883772448,6.816769371198461e-14
49,70,0.4394778706627958,0.43947787066286914,7.333023077649159e-14
49,83,0.4100082951437389,0.41000829514381215,7.327471962526033e-14
50,16,0.4208569955635142,0.4208569956882369,1.2472273214214624e-10
50,29,0.42430081545220955,0.42430081595433494,5.021253968173767e-10
50,37,0.4032195670414916,0.40321956721678215,1.7529055984510933e-10
50,42,0.41491494745828894,0.4149149491302035,1.671914551248932e-09
50,58,0.4230597725433372,0.4230597726170478,7.371059318472817e-11
50,63,0.4058379629176467,0.4058379654152652,2.4976185009073504e-09
50,71,0.40386475750182327,0.4038647581497131,6.478898528783361e-10
50,84,0.4123783805112954,0.41237838344592176,2.9346263752394464e-09
51,17,0.43365127397151765,0.4336513308515961,5.688007842508114e-08
51,30,0.44293787791712824,0.44293797577208766,9.785495941327937e-08
51,38,0.4365678606597221,0.43656826160159445,4.0094187236938694e-07
51,43,0.3989371631451609,0.398937310441301,1.4729614006281366e-07
51,59,0.4303817087854366,0.4303829542513667,1.2454659301108784e-06
51,64,0.42178545017070607,0.42178664684067485,1.196669968783759e-06
51,72,0.43113733103506413,0.43114024825225244,2.9172171883140585e-06
51,85,0.41851759552753687,0.4185213354834939,3.7399559570383545e-06
52,18,0.4249852242071155,0.42498522547735224,1.27023674911797e-09
52,31,0.4250173090234308,0.4250173103034473,1.280016481697288e-09
52,39,0.4098458340287691,0.40984584507777905,1.1049009929209319e-08
52,44,0.4322566586126288,0.4322566597796758,1.1670470145830336e-09
52,60,0.4009138512826348,0.4009138967614768,4.5478842025659105e-08
52,65,0.4079745460329187,0.40797455138477207,5.351853349377933e-09
52,73,0.430948509543918,0.4309485455330606,3.598914261049302e-08
52,86,0.39723418992150167,0.39723421014478555,2.0223283880849152e-08
53,19,0.41108183181864294,0.41108183181864294,0.0
53,32,0.41470507365598247,0.4147050736559826,1.1102230246251565e-16
53,40,0.4135034017843085,0.41350340178431105,2.55351295663786e-15
53,45,0.41496410516003357,0.4149641051600391,5.551115123125783e-15
53,61,0.4207813610396207,0.4207813610396523,3.1585845050585704e-14
53,66,0.42001103920833516,0.42001103920833754,2.3869795029440866e-15
53,74,0.4102487733258126,0.4102487733258208,8.215650382226158e-15
53,87,0.4245745759736475,0.4245745759736483,7.771561172376096e-16
54,20,0.41994167518594805,0.41994167523298015,4.703210043643935e-11
54,33,0.4210607740947745,0.42106077425806965,1.6329515517554682e-10
54,41,0.42131261849199747,0.4213126185013859,9.388434474288943e-12
54,46,0.44043034563115663,0.4404303464991729,8.680162699725713e-10
54,62,0.41996614652221936,0.41996614652955966,7.340295038460454e-12
54,67,0.4259229315120392,0.4259229328641539,1.3521146979833532e-09
54,75,0.4192165969639415,0.41921659714260134,1.7865986468024175e-10
54,88,0.4319449794887885,0.43194498108640783,1.5976193146194362e-09
55,21,0.4130340688019184,0.4130342103220309,1.4152011251766794e-07
55,34,0.42599343017965435,0.4259939975581746,5.673785202220394e-07
55,42,0.4358032290371445,0.4358034892940512,2.6025690669229107e-07
55,47,0.4211447004609079,0.4211459858359978,1.2853750899211036e-06
55,63,0.41760978992323816,0.4176101984233012,4.0850006305381825e-07
55,68,0.40448556278503983,0.40448981015717367,4.2473721338365245e-06
55,76,0.4164627747221128,0.4164660361993004,3.261477187599393e-06
55,89,0.4113951524477051,0.41140334424506275,8.191797357670616e-06
56,22,0.42791061857274915,0.4279106192891501,7.164009385718373e-10
56,35,0.4253970607212363,0.4253970614414551,7.202188290200695e-10
56,43,0.4005896641932084,0.40058967431757253,1.0124364124841634e-08
56,48,0.41176087110794213,0.41176087148311186,3.751697286169531e-10
56,64,0.4109796349308149,0.41097968014763375,4.5216818844728834e-08
56,69,0.4250925438156285,0.42509254797053697,4.154908472830954e-09
56,77,0.43236359881799075,0.4323636353954448,3.6577454065600534e-08
56,90,0.4220316997147545,0.4220317189046147,1.9189860200885533e-08
57,23,0.43035803059841293,0.4303580306015147,3.1017410861977623e-12
57,36,0.4066722395743547,0.4066722395765778,2.223055073358182e-12
57,44,0.4096073842345839,0.4096073842596921,2.5108193302258996e-11
57,49,0.42101577617444413,0.421015776174927,4.828915045607118e-13
57,65,0.42497201412324564,0.42497201418816016,6.491451820522798e-11
57,70,0.4204573288038124,0.4204573288063427,2.530253784271963e-12
57,78,0.41342583008967504,0.4134258301196973,3.0022262453854864e-11
57,91,0.4240697294331823,0.4240697294418383,8.656020344943727e-12
58,24,0.4131330306554343,0.4131330306582112,2.7769453403436728e-12
58,37,0.38832021883270207,0.3883202188433677,1.0665635041817723e-11
58,45,0.4099630640733383,0.4099630640744028,1.0644818360106e-12
58,50,0.4404367186967508,0.44043671872655954,2.9808766566219447e-11
58,66,0.41160464276716385,0.4116046427677439,5.80036019215413e-13
58,71,0.4232654668771893,0.4232654669101351,3.294581274460029e-11
58,79,0.4246502428573147,0.42465024286269837,5.383693491012309e-12
58,92,0.43123149286783197,0.4312314928971449,2.931294096342185e-11
59,25,0.42158308079446455,0.4215831915473761,1.1075291156403821e-07
59,38,0.4058570044193979,0.40585759958213596,5.951627380373914e-07
59,46,0.4453643816623838,0.4453646390074712,2.573450874066019e-07
59,51,0.4039036880971647,0.4039050073622812,1.3192651164839475e-06
59,67,0.42906817656285967,0.4290685847658882,4.082030285457172e-07
59,72,0.41935593767935636,0.4193603633108981,4.425631541737918e-06
59,80,0.39862498129004403,0.39862830022526774,3.3189352237061875e-06
59,93,0.4386350650742999,0.4386433201450503,8.255070750418092e-06
60,26,0.43212004656030695,0.43212018700642474,1.40446117791182e-07
60,39,0.44716944945031667,0.44716963522825154,1.8577793486906913e-07
60,47,0.42599280793965993,0.42599408595532096,1.278015661021481e-06
60,52,0.43948244031667627,0.43948259966332526,1.593466489868689e-07
60,68,0.42891326554831155,0.42891751296977926,4.247421467706847e-06
60,73,0.4331904645333087,0.4331917038361813,1.2393028726020994e-06
60,81,0.40846007361506514,0.4084656562856385,5.582670573378579e-06
60,94,0.4294657675588779,0.42946996420272515,4.196643847265147e-06
61,27,0.4264609133038604,0.42646091330407426,2.138844656940364e-13
61,40,0.4342399029631376,0.43423990296329656,1.5898393712632242e-13
61,48,0.44071700991194324,0.44071700991526014,3.3169023083701177e-12
61,53,0.4273533694308769,0.42735336943091407,3.7192471324942744e-14
61,69,0.4079530761712349,0.4079530761993707,2.813582700156303e-11
61,74,0.41675724953446575,0.4167572495348485,3.827493877395227e-13
61,82,0.394972778521949,0.3949727785325682,1.061917220823716e-11
61,95,0.4146054525833882,0.41460545258507925,1.6910361999578072e-12
62,28,0.44581167800980204,0.44581167800981397,1.1934897514720433e-14
62,41,0.4244065960189137,0.42440659601893616,2.248201624865942e-14
62,49,0.44391684653505903,0.4439168465350618,2.7755575615628914e-15
62,54,0.42395474300843244,0.4239547430089088,4.763411887154234e-13
62,70,0.37926955258354667,0.37926955258356243,1.5765166949677223e-14
62,75,0.4054039151499345,0.4054039151504732,5.38680211548126e-13
62,83,0.4050385324881977,0.4050385324882127,1.4988010832439613e-14
62,96,0.42997998068969434,0.42997998069016724,4.728994973390854e-13
63,29,0.42255328159792416,0.4225532890986729,7.500748744337926e-09
63,42,0.4211287056227606,0.42112874380853926,3.818577865022377e-08
63,50,0.42161069707063054,0.4216107042408029,7.1701723447503696e-09
63,55,0.43275920111238414,0.43275932416923385,1.2305684971014585e-07
63,71,0.4071147851842114,0.4071147932107774,8.026566022945048e-09
63,76,0.43192830872518917,0.4319285210453971,2.1232020791517314e-07
63,84,0.4020079885671588,0.40200805940739,7.084023118109073e-08
63,97,0.40955110467755834,0.4095513514442938,2.4676673543444494e-07
64,30,0.4166130514316894,0.4166131891053737,1.376736842861881e-07
64,43,0.44092711988962613,0.44092732724147826,2.0735185213283103e-07
64,51,0.42400909090683414,0.42401036990913404,1.279002299903187e-06
64,56,0.421288865636737,0.42128901878060765,1.5314387064035984e-07
64,72,0.4221666616118887,0.4221709681345559,4.306522667196777e-06
64,77,0.40886326090236275,0.40886455921034787,1.2983079851203172e-06
64,85,0.412863943696342,0.4128694507314056,5.507035063578858e-06
64,98,0.4159861585509056,0.41599044106128236,4.282510376762971e-06
65,31,0.41030073364801883,0.4103007343408213,6.928024820496148e-10
65,44,0.4201761145437885,0.4201761151755246,6.317361078700401e-10
65,52,0.43642920459043233,0.4364292095296616,4.939229247824528e-09
65,57,0.4274948096590803,0.42749480983030663,1.7122631090771279e-10
65,73,0.41741072556411685,0.41741074370126313,1.813714628484675e-08
65,78,0.4208170007067723,0.4208170018705711,1.1637987795687366e-09
65,86,0.4209223393803936,0.4209223496110853,1.023069173822222e-08
65,99,0.4081091639615502,0.4081091675486836,3.5871333681214423e-09
66,32,0.41550641771991315,0.41550641771994307,2.992051051364797e-14
66,45,0.4350931155413403,0.4350931155413968,5.651035195342047e-14
66,53,0.41161168903991047,0.4116116890399184,7.93809462606987e-15
66,58,0.4149314291099078,0.414931429110156,2.4819035715495374e-13
66,74,0.4107176361701911,0.4107176361702587,6.761258219967203e-14
66,79,0.4199625553307947,0.4199625553310031,2.0838886172214188e-13
66,87,0.4053877721784757,0.40538777217850563,2.992051051364797e-14
66,100,0.4297379518107171,0.42973795181087115,1.5404344466674047e-13
67,33,0.4021964280263595,0.4021964330541985,5.027838978488575e-09
67,46,0.41832675959047116,0.41832679104835674,3.1457885574237565e-08
67,54,0.4090107996079528,0.40901080388628586,4.278333076701557e-09
67,59,0.43768355381146873,0.4376836793885304,1.2557706169369354e-07
67,75,0.42152377454888845,0.42152377938212526,4.833236810775077e-09
67,80,0.4300555689014746,0.4300557791079086,2.1020643398150796e-07
67,88,0.4036782649096521,0.4036783237274659,5.8817813841649524e-08
67,101,0.43341357570335504,0.43341382401216993,2.4830881489856793e-07
68,34,0.41285815243767293,0.41286479508649226,6.6426488193327415e-06
68,47,0.4316323545298609,0.4316478274266347,1.547289677383823e-05
68,55,0.40849349338586466,0.40851547894884394,2.1985562979276452e-05
68,60,0.41783435406303526,0.4178561899732337,2.183591019844222e-05
68,76,0.423115617840049,0.4231593657782114,4.374793816241951e-05
68,81,0.4195609445128881,0.4197198326854886,0.00015888817260051313
68,89,0.3990874406410301,0.39936827762788535,0.0002808369868552707
68,102,0.4123005423623808,0.4127159067243128,0.00041536436193201354
69,35,0.4230026373343747,0.42300263771443164,3.80056930371353e-10
69,48,0.41177818710764114,0.4117781873057197,1.9807855355935544e-10
69,56,0.42827595902497667,0.42827596295279713,3.927820457771958e-09
69,61,0.43991227711469444,0.43991227719884346,8.414902108455635e-11
69,77,0.4076995309154658,0.40769954985495277,1.8939486978730713e-08
69,82,0.4028221060878707,0.4028221068830697,7.951989622334565e-10
69,90,0.43843676570268386,0.4384367756504967,9.947812851240911e-09
69,103,0.4264426983693329,0.42644270113946575,2.770132845331119e-09
70,36,0.39787353237597894,0.39787353237667206,6.931122342734852e-13
70,49,0.4134888342304288,0.41348883423058336,1.545430450278218e-13
70,57,0.44666195003668346,0.44666195003895903,2.275568622422952e-12
70,62,0.4178486974938133,0.41784869749412046,3.0714319976254956e-13
70,78,0.3925124046737554,0.3925124046824077,8.652301097811232e-12
70,83,0.4047263863336573,0.40472638633403824,3.809175197488912e-13
70,91,0.4394431668600106,0.4394431668625883,2.577660307423457e-12
70,104,0.41609503857537183,0.41609503857595054,5.787037515858628e-13
71,37,0.4156756480631531,0.415675648259561,1.964078899518995e-10
71,50,0.4045003767676781,0.40450037742000194,6.523238615940841e-10
71,58,0.42216670175209137,0.4221667018344833,8.239192661463335e-11
71,63,0.42113638230887207,0.42113638511620627,2.807334198440259e-09
71,79,0.40276833464655754,0.40276833471499457,6.843703381775867e-11
71,84,0.4190138364256576,0.41901383972448447,3.298826878328498e-09
71,92,0.4095669706012636,0.4095669712475843,6.463206636553309e-10
71,105,0.42330055708478476,0.4233005599257808,2.840996049524591e-09
72,38,0.40609792519955507,0.40610481281685373,6.887617298667603e-06
72,51,0.4204050728090133,0.4204207391070336,1.5666298020300395e-05
72,59,0.411232461379901,0.4112556520008383,2.3190620937307838e-05
72,64,0.4203512929619392,0.4203737619465682,2.2468984629042676e-05
72,80,0.4165256865093452,0.4165692463339665,4.3559824621342e-05
72,85,0.40950261391916626,0.4096623638773641,0.0001597499581978412
72,93,0.4279374242784183,0.42821341410204844,0.0002759898236301406
72,106,0.4091110150994453,0.4095244668441944,0.00041345174474910484
73,39,0.4124751858274873,0.41247531661341447,1.307859271437728e-07
73,52,0.4093438982235833,0.40934401041552093,1.121919376290137e-07
73,60,0.4401365688174591,0.4401377167969065,1.1479794473912008e-06
73,65,0.4141925514176672,0.41419261081258724,5.93949200378141e-08
73,81,0.40742200583889593,0.4074256999770372,3.6941381412747276e-06
73,86,0.4293528548672304,0.4293533053881137,4.5052088332164786e-07
73,94,0.41407617852278894,0.41407894769933284,2.7691765439041838e-06
73,107,0.42197854357270737,0.4219797393339238,1.1957612164326115e-06
74,40,0.40925552298577683,0.40925552298581624,3.941291737419306e-14
74,53,0.41197563361810363,0.4119756336181128,9.159339953157541e-15
74,61,0.42518823453823634,0.42518823453859,3.536615444943436e-13
74,66,0.4225077813754563,0.4225077813754805,2.4202861936828413e-14
74,82,0.4427304177939031,0.442730417796585,2.6819102494357594e-12
74,87,0.40764953170474294,0.4076495317047656,2.2648549702353193e-14
74,95,0.4207963093615785,0.42079630936200163,4.2310599468464716e-13
74,108,0.4054401175809955,0.4054401175810283,3.2807090377673376e-14
75,41,0.4183181304584392,0.4183181304690888,1.0649592319111889e-11
75,54,0.39763613124741637,0.3976361314270988,1.7968243559707275e-10
75,62,0.42141323167589495,0.4214132316842212,8.326228595478824e-12
75,67,0.4170816396985336,0.41708164123268976,1.5341561354631494e-09
75,83,0.41917630978194537,0.4191763097896678,7.722433803536433e-12
75,88,0.42086529443307924,0.42086529624580277,1.812723526839477e-09
75,96,0.4284237021572085,0.4284237023353952,1.781866876271465e-10
75,109,0.41420397915392904,0.4142039807077586,1.5538295650152634e-09
76,42,0.41826691643674657,0.4182674213982139,5.049614673069414e-07
76,55,0.4216977949819762,0.4217012816767704,3.4866947942191473e-06
76,63,0.40204767069504066,0.40204846408344647,7.9338840580645e-07
76,68,0.4355728635720348,0.4355815399321026,8.676360067794153e-06
76,84,0.42093702989827136,0.42093800033453205,9.704362606832717e-07
76,89,0.426446859165429,0.4264636221115304,1.6762946101367415e-05
76,97,0.4258832860853105,0.4258908655489125,7.579463601969927e-06
76,110,0.4149478999923435,0.4149690209008708,2.1120908527294535e-05
77,43,0.40553274252405036,0.4055328917250224,1.4920097202164584e-07
77,56,0.4062140887696221,0.4062141989929855,1.1022336338095684e-07
77,64,0.43012865392511096,0.4301298644995806,1.210574469667769e-06
77,69,0.4166065408190363,0.41660659996189014,5.914285383656903e-08
77,85,0.43015477709887506,0.4301585568212028,3.7797223277347136e-06
77,90,0.4032182773211109,0.4032187364240585,4.591029476030961e-07
77,98,0.41416479784652,0.4141677305455419,2.9326990219069593e-06
77,111,0.41407721797221136,0.4140784557130345,1.2377408231123432e-06
78,44,0.41187870913650704,0.41187870938763255,2.511255092763065e-10
78,57,0.4043432711836862,0.4043432712524811,6.87949142097466e-11
78,65,0.4102661604706984,0.41026616154118284,1.0704844233266897e-09
78,70,0.42653704175131313,0.4265370417725597,2.1246560066856546e-11
78,86,0.41501360039343516,0.41501360420555944,3.812124282909224e-09
78,91,0.46497969008146006,0.4649796901626498,8.1189721612418e-11
78,99,0.4154920326891878,0.41549203406128776,1.3720999891830843e-09
78,112,0.41119310790343283,0.41119310812058607,2.1715323983428902e-10
79,45,0.4224050083539575,0.42240500835484157,8.840705945090122e-13
79,58,0.41181335899030413,0.4118133589956534,5.349276577248929e-12
79,66,0.42066242872926013,0.42066242872974297,4.828359934094806e-13
79,71,0.4113342482161087,0.411334248243353,2.724431791278903e-11
79,87,0.4173945358721733,0.41739453587253894,3.656519531602953e-13
79,92,0.40320952531279247,0.4032095253370324,2.4239943385850893e-11
79,100,0.4149314618247287,0.4149314618279992,3.2705504970920174e-12
79,113,0.4180157609746531,0.41801576099181614,1.7163048759982757e-11
80,46,0.41815945593853804,0.41815993289925074,4.769607127030895e-07
80,59,0.39044646747906325,0.390449968845274,3.5013662107452603e-06
80,67,0.423950797824502,0.4239515546773867,7.568528846979561e-07
80,72,0.4233299053584059,0.4233383935726794,8.488214273461026e-06
80,88,0.4270063596720892,0.4270072672827957,9.076107064798222e-07
80,93,0.4017063933082212,0.4017222433412413,1.5850033020070597e-05
80,101,0.40393879622720963,0.4039462588242461,7.462597036489438e-06
80,114,0.41900603108634815,0.4190260854996277,2.0054413279568806e-05
81,47,0.4229255988053911,0.42294241297477175,1.6814169380652277e-05
81,60,0.415513240073854,0.41553687468940886,2.3634615554879446e-05
81,68,0.4136170162091245,0.4137593142508213,0.00014229804169679783
81,73,0.4085009577229238,0.40851715435716524,1.6196634241461005e-05
81,89,0.434374165846497,0.43466524621333696,0.0002910803668399464
81,94,0.41928886263352827,0.41942938820041475,0.00014052556688648465
81,102,0.41460550377162353,0.41502331138948656,0.0004178076178630308
81,115,0.3903346050024577,0.3906158963825948,0.0002812913801371053
82,48,0.42248043137792407,0.42248043144614283,6.821876397111737e-11
82,61,0.43243202314682194,0.4324320231758099,2.898797868411407e-11
82,69,0.41863477488592693,0.41863477562760626,7.416793290637713e-10
82,74,0.41517292237873366,0.4151729223864203,7.686629110992271e-12
82,90,0.38438049976381394,0.3843805031221217,3.3583077430066055e-09
82,95,0.4231652040645575,0.4231652040992619,3.470440601560654e-11
82,103,0.4123627851599025,0.41236278610448746,9.445849658007432e-10
82,116,0.41608267689164985,0.4160826769923685,1.0071865563787696e-10
83,49,0.4310575484482257,0.4310575484482484,2.270406085358445e-14
83,62,0.41773917636220853,0.4177391763622684,5.98965321785272e-14
83,70,0.40956616768542226,0.40956616768550025,7.799316747991725e-14
83,75,0.4082628064162873,0.40826280641840096,2.113642594281373e-12
83,91,0.4218496192383719,0.42184961923860115,2.2926105458509483e-13
83,96,0.4329565457570388,0.43295654575889625,1.857458631349118e-12
83,104,0.4247939645281865,0.4247939645282749,8.837375276016246e-14
83,117,0.3984566012400879,0.3984566012412738,1.185884723753361e-12
84,50,0.41229321210893694,0.41229322082492703,8.715990096330728e-09
84,63,0.4269406181050361,0.4269406903471072,7.22420711030125e-08
84,71,0.4102389559926946,0.41023896575064617,9.757951557887168e-09
84,76,0.42520115221238464,0.42520141467870254,2.624663179018327e-07
84,92,0.4148655495863926,0.41486555826731675,8.680924146187152e-09
84,97,0.425219874451397,0.4252201794964997,3.050451027331036e-07
84,105,0.41826934938199745,0.418269422753059,7.337106155969053e-08
84,118,0.420046195654947,0.42004645518526207,2.5953031507208735e-07
85,51,0.41138115758998317,0.4113977120523381,1.6554462354934074e-05
85,64,0.4156725362969515,0.41569618957692106,2.3653279969559904e-05
85,72,0.40860418142185323,0.4087475707486418,0.00014338932678858995
85,77,0.43977019229376463,0.43978694859878714,1.6756305022513907e-05
85,93,0.437409685215497,0.4376883088176964,0.0002786236021993793
85,98,0.4187164298781177,0.41885664479477447,0.00014021491665677788
85,106,0.43357057909576785,0.4339760146401634,0.0004054355443955382
85,119,0.40567197656649173,0.4059534651876264,0.00028148862113469564
86,52,0.43113825359029145,0.43113831325980995,5.96695184928997e-08
86,65,0.436159034735518,0.43615906636275525,3.16272372735682e-08
86,73,0.41490765033488036,0.4149080959729261,4.456380457429354e-07
86,78,0.4383339675790879,0.4383339798892018,1.2310113928215571e-08
86,94,0.40899427289814744,0.40899574342511097,1.470526963531782e-06
86,99,0.4194749819895548,0.41947502385308005,4.1863525257479495e-08
86,107,0.41351740709393936,0.41351804075768855,6.336637491943797e-07
86,120,0.4064057672344385,0.4064058668685884,9.963414987490538e-08
87,53,0.4299632058188834,0.4299632058188886,5.162537064506978e-15
87,66,0.40240112807089945,0.40240112807092665,2.7200464103316335e-14
87,74,0.4133267563680742,0.4133267563681215,4.729550084903167e-14
87,79,0.41134959927797615,0.4113495992781213,1.4516166046973922e-13
87,95,0.41956860869696544,0.41956860869717816,2.1271873151818e-13
87,100,0.4460719783813378,0.44607197838144513,1.0735856648125264e-13
87,108,0.3945528500069189,0.39455285000693724,1.8318679906315083e-14
87,121,0.41552707769451913,0.4155270776945832,6.405986852087153e-14
88,54,0.41208780160441505,0.4120878067506077,5.1461926386942025e-09
88,67,0.4340086620891647,0.4340087216899848,5.960082005707079e-08
88,75,0.4366344061479291,0.43663441196166203,5.813732939508043e-09
88,80,0.417086194102457,0.4170864482144377,2.5411198067981644e-07
88,96,0.4467534768524477,0.4467534819611751,5.108727385572109e-09
88,101,0.4162698392785091,0.4162701394661573,3.001876482389143e-07
88,109,0.42402629541513315,0.42402635584487997,6.042974681763624e-08
88,122,0.4261865824121613,0.4261868381262812,2.5571411993441373e-07
89,55,0.39883723230589235,0.39888269629538436,4.546398949201169e-05
89,68,0.40680539956132644,0.40709048354987626,0.00028508398854981687
89,76,0.4127425128320475,0.4128330532718628,9.054043981532311e-05
89,81,0.43189366220273145,0.4322240246659114,0.0003303624631799673
89,97,0.4166589828590718,0.4167632811290697,0.00010429826999786007
89,102,0.43058852840994444,0.43145387991715756,0.000865351507213119
89,110,0.442989589732474,0.4437976296834132,0.0008080399509391989
89,123,0.41511046751264596,0.4161660055392171,0.0010555380265711567
90,56,0.4276356724702325,0.42763572692874596,5.445851347651853e-08
90,69,0.4339062500530859,0.4339062792902043,2.923711839297738e-08
90,77,0.41662330073934817,0.41662374826994264,4.475305944717789e-07
90,82,0.41577502644932895,0.4157750367593411,1.0310012121816925e-08
90,98,0.42957852684461656,0.4295799595120789,1.432667462331061e-06
90,103,0.4211221156093237,0.42112215339737424,3.778805052201406e-08
90,111,0.4248499378726152,0.42485054522915466,6.073565394504321e-07
90,124,0.4226886951095242,0.4226887861420354,9.10325111957988e-08
91,57,0.41708153028104633,0.41708153029017975,9.133416245532544e-12
91,70,0.42179521569960643,0.4217952157026273,3.0208613388538197e-12
91,78,0.40666361253448163,0.4066636125713513,3.686967398053298e-11
91,83,0.4472716394266448,0.44727163942796094,1.316169395693123e-12
91,99,0.42271936458066806,0.42271936467983967,9.917161536421304e-11
91,104,0.4232126763589781,0.42321267636107124,2.093158979477039e-12
91,112,0.41793322126243926,0.417933221288739,2.6299740163437946e-11
91,125,0.42671419752407874,0.42671419752775946,3.6807223935397815e-12
92,58,0.4020821038617374,0.40208210393503263,7.329520324006467e-11
92,71,0.4318795143105072,0.43187951495698357,6.464763724345346e-10
92,79,0.4049243398958238,0.4049243399567047,6.088085591215986e-11
92,84,0.4019498122490533,0.40194981518518785,2.9361345577072484e-09
92,100,0.4347904883273411,0.4347904883716841,4.434302924849476e-11
92,105,0.41332086799097595,0.4133208705195808,2.5286048255246385e-09
92,113,0.41288615827109565,0.41288615866839745,3.9730180256825065e-10
92,126,0.42531624142879254,0.42531624306009247,1.6312999284728846e-09
93,59,0.44324793337351065,0.4432931529836527,4.521961014203324e-05
93,72,0.4284545375509998,0.4287316505140825,0.00027711296308269295
93,80,0.43180980642635847,0.4318947735424755,8.496711611705177e-05
93,85,0.42725366906050233,0.42756569015461854,0.0003120210941162105
93,101,0.4103152828760523,0.4104165516830081,0.00010126880695582319
93,106,0.4189786634312688,0.4197854019109963,0.0008067384797274535
93,114,0.42843111739608375,0.42918552839803725,0.0007544110019535033
93,127,0.41917716914628017,0.4201785423205875,0.0010013731743073184
94,60,0.4286053715505324,0.428626946188611,2.157463807861415e-05
94,73,0.4068370862261256,0.40685180524072634,1.4719014600761415e-05
94,81,0.4488532252081262,0.44901025084967644,0.00015702564155023468
94,86,0.4391436978644331,0.43915150232849165,7.804464058569494e-06
94,102,0.4152067739582453,0.41561740940033565,0.00041063544209035685
94,107,0.4188373555152906,0.4188595248953946,2.216938010396463e-05
94,115,0.4315252299206953,0.43179336541380625,0.00026813549311094365
94,128,0.42750208087369224,0.4275455394314532,4.345855776094476e-05
95,61,0.4270989947896448,0.4270989947913616,1.7167933741291108e-12
95,74,0.414825971167216,0.4148259711676789,4.62907490117459e-13
95,82,0.43145217476453873,0.4314521747774163,1.2877587884929653e-11
95,87,0.4127992706314266,0.41279927063153765,1.1107781361374691e-13
95,103,0.4260034553331422,0.4260034553761274,4.298517097822696e-11
95,108,0.41566730076827757,0.41566730076843755,1.5998313784848506e-13
95,116,0.41624542495027744,0.4162454249561422,5.8647531275823894e-12
95,129,0.41469637278001514,0.414696372780315,2.998712389512548e-13
96,62,0.43591659385253784,0.4359165938598449,7.30704385887293e-12
96,75,0.4126901190764374,0.41269011925436433,1.7792695095053546e-10
96,83,0.4255358360731745,0.42553583607995205,6.777522987277962e-12
96,88,0.4102681193352047,0.4102681209276538,1.5924491170160593e-09
96,104,0.4275851755805266,0.4275851755864605,5.9338645108653054e-12
96,109,0.43416899310503115,0.43416899447002566,1.364994506314332e-09
96,117,0.4487142801811445,0.4487142802813851,1.0024059360347337e-10
96,130,0.40583804261905876,0.4058380434593188,8.402600282231276e-10
97,63,0.41249876567383464,0.41249968155942507,9.158855904245478e-07
97,76,0.41483964820538927,0.4148471840850353,7.535879646025645e-06
97,84,0.42765787255797244,0.4276589927632878,1.1202053153414049e-06
97,89,0.40489448719396476,0.4049137403593324,1.9253165367660863e-05
97,105,0.442476900963417,0.4424778329745952,9.320111781785378e-07
97,110,0.41309007978923423,0.41311433178337537,2.4251994141133437e-05
97,118,0.4419235640872185,0.4419309507641534,7.386676934895142e-06
97,131,0.4279036939962963,0.42792256339669715,1.886940040085605e-05
98,64,0.42841144583924495,0.42843326081695793,2.1814977712975026e-05
98,77,0.43039088989599245,0.4304062889602559,1.5399064263454942e-05
98,85,0.44100338686377216,0.44115793924337326,0.0001545523796011028
98,90,0.42691726612695524,0.42692484206382786,7.5759368726169285e-06
98,106,0.4167904867010666,0.4171893340923869,0.00039884739132028946
98,111,0.4229380939120554,0.42296004221796146,2.1948305906072108e-05
98,119,0.3941291486027255,0.39439879408508255,0.00026964548235702823
98,132,0.41488929270025315,0.4149316470646578,4.23543644046398e-05
99,65,0.4158067923454724,0.4158067960712172,3.725744768257044e-09
99,78,0.41881440480936527,0.4188144063572058,1.5478405224200742e-09
99,86,0.4126955004106435,0.4126955142713725,1.3860729008996486e-08
99,91,0.4113744136624809,0.41137441392758883,2.651079356041919e-10
99,107,0.4054622257502324,0.40546225856625956,3.281602717342125e-08
99,112,0.4277202531475237,0.4277202538630593,7.155355752352932e-10
99,120,0.39499419779129513,0.3949942084789345,1.0687639384610037e-08
99,133,0.4159231069970217,0.4159231083522387,1.3552170496922145e-09
100,66,0.41270225588458115,0.4127022558849335,3.5232927686479343e-13
100,79,0.4305910945701446,0.43059109457338807,3.2434610552911636e-12
100,87,0.41624420284765407,0.41624420284792124,2.671751708760439e-13
100,92,0.4298003380678918,0.4298003380854493,1.7557511000632076e-11
100,108,0.4276503698410946,0.4276503698413285,2.338684801372892e-13
100,113,0.42683932454615475,0.4268393245585882,1.243344316392836e-11
100,121,0.4096515430303499,0.4096515430317248,1.3749001936957939e-12
100,134,0.41925820595921853,0.41925820596599445,6.775913163892255e-12
101,67,0.4086020973332399,0.4086029991351778,9.018019379025688e-07
101,80,0.4294834144970825,0.429490895975413,7.48147833051771e-06
101,88,0.42693781932491814,0.42693890076906676,1.0814441486206583e-06
101,93,0.435232420577296,0.4352513199062734,1.889932897741753e-05
101,109,0.41439716987647995,0.41439808536450806,9.154880281081468e-07
101,114,0.4061810793803143,0.40620499190634884,2.3912526034564063e-05
101,122,0.40022550644683536,0.4002330527253433,7.546278507963855e-06
101,135,0.43124845951567,0.4312676462009062,1.918668523620548e-05
102,68,0.4123313517678603,0.4190832618130293,0.006751910045169007
102,81,0.4221671575230852,0.42914334752034233,0.006976189997257132
102,89,0.43564417663413924,0.4496901330696919,0.014045956435552676
102,94,0.40139281385019404,0.4080661279408132,0.006673314090619165
102,110,0.4250575172577327,0.44556693083865884,0.020509413580926117
102,115,0.3979373955783007,0.4114094667344693,0.013472071156168608
102,123,0.40729514901037567,0.49083794417253457,0.0835427951621589
102,136,0.41273231525278725,0.4331088070061768,0.02037649175338957
103,69,0.42531943035574316,0.42531943320023735,2.8444941957417313e-09
103,82,0.42205602222987554,0.42205602326970143,1.0398258920574222e-09
103,90,0.4188082552957611,0.41880826837070795,1.3074946847435598e-08
103,95,0.4123829135151621,0.41238291364639923,1.3123713227258804e-10
103,111,0.4085862266134049,0.408586258599604,3.1986199133804405e-08
103,116,0.4321611550604242,0.43216115544163036,3.8120617773529375e-10
103,124,0.4021216276892915,0.402121636138329,8.449037525171121e-09
103,137,0.4035443584740812,0.40354435923241466,7.583334515892659e-10
104,70,0.43861195967273137,0.4386119596729733,2.419175970658216e-13
104,83,0.41295167163957663,0.4129516716397699,1.9328982858723975e-13
104,91,0.4334946481653761,0.43349464816609495,7.188694084447889e-13
104,96,0.4288879654443114,0.42888796544945934,5.147937631733157e-12
104,112,0.4260439875828799,0.42604398758455797,1.6780465905696929e-12
104,117,0.43343069947197727,0.4334306994752621,3.2848168629584507e-12
104,125,0.4164579246229079,0.41645792462330566,3.9773739857196233e-13
104,138,0.4151253915952886,0.41512539159697487,1.686262240951919e-12
105,71,0.42246276348039163,0.42246277164240603,8.162014397683492e-09
105,84,0.3990555562089285,0.39905562832783353,7.211890501457319e-08
105,92,0.4355577692692051,0.43555777653032635,7.26112125981615e-09
105,97,0.42549627940958806,0.42549653082369554,2.5141410747719917e-07
105,113,0.43172976878993935,0.43172977372090304,4.930963692917345e-09
105,118,0.40719300379885914,0.4071932177089243,2.1391006516102706e-07
105,126,0.42326245054206846,0.4232624882694536,3.772738516039098e-08
105,139,0.4328899748435124,0.4328901005989721,1.2575545971227342e-07
106,72,0.4355861748226161,0.442362661632046,0.006776486809429938
106,85,0.4223227663002537,0.42914124251450125,0.006818476214247526
106,93,0.43293417005590806,0.44616681478687625,0.01323264473096819
106,98,0.4155961400303432,0.42214747765443844,0.006551337624095266
106,114,0.41630850026740474,0.4359628800253491,0.019654379757944374
106,119,0.404533507136785,0.4179129546155365,0.013379447478751527
106,127,0.42845320518336527,0.5095553034297952,0.08110209824642989
106,140,0.4440278938209752,0.4642825763968741,0.020254682575898908
107,73,0.4171392790606758,0.4171405512883246,1.272227648785318e-06
107,86,0.4104034222550381,0.410404102794747,6.805397088638365e-07
107,94,0.4092987500219028,0.40930303413420266,4.284112299857146e-06
107,99,0.420987778575554,0.42098789387233887,1.1529678489718975e-07
107,115,0.43613998833107703,0.4361481621474955,8.173816418488578e-06
107,120,0.42470729201757346,0.4247075676615386,2.7564396515300515e-07
107,128,0.4137128490704091,0.4137162002390216,3.3511686124976237e-06
107,141,0.42368149998614585,0.4236819182051192,4.182189733414887e-07
108,74,0.41534250306980586,0.41534250306983606,3.019806626980426e-14
108,87,0.40715862947727194,0.4071586294772834,1.1435297153639112e-14
108,95,0.40333939306452216,0.4033393930646573,1.351696532481128e-13
108,100,0.4213112311593127,0.42131123115937963,6.694644838489694e-14
108,116,0.43294116260814003,0.4329411626085327,3.9268588380991787e-13
108,121,0.416299960574567,0.41629996057460716,4.0190073491430667e-14
108,129,0.40242141617875626,0.4024214161787719,1.5654144647214707e-14
108,142,0.4076925478372586,0.4076925478372782,1.9595436384634013e-14
109,75,0.4221747816203234,0.4221747865292729,4.908949524651263e-09
109,88,0.4160796280466134,0.41607968780685356,5.976024014531234e-08
109,96,0.4243643781252917,0.4243643824389691,4.3136774152685575e-09
109,101,0.42738817435447213,0.42738842675446675,2.523999946268951e-07
109,117,0.4000331410412377,0.4000331437922914,2.751053662652936e-09
109,122,0.41514675003941626,0.41514696505221194,2.1501279567903708e-07
109,130,0.416339780063256,0.41633981103881534,3.097555933972984e-08
109,143,0.40487086181011245,0.4048709895660127,1.2775590024771688e-07
110,76,0.43176961906394123,0.43189929319215614,0.0001296741282149072
110,89,0.4139830114882566,0.4148351005697002,0.0008520890814435744
110,97,0.4166264676075167,0.416775823240633,0.0001493556331162993
110,102,0.42233380912503327,0.4236109124487602,0.0012771033237269358
110,118,0.4075425678383438,0.40766887535313323,0.00012630751478942548
110,123,0.43118149315946924,0.43273928654379235,0.0015577933843231029
110,131,0.42690848091005207,0.42773862270424434,0.000830141794192274
110,144,0.40693583988211657,0.40820878086882717,0.0012729409867106023
111,77,0.4233186569231566,0.4233199614909214,1.3045677647594012e-06
111,90,0.43386314308665397,0.43386379940157205,6.563149180793815e-07
111,98,0.4218693237861577,0.4218735992759465,4.2754897887631316e-06
111,103,0.4262197986200207,0.42621990597984283,1.0735982214349349e-07
111,119,0.4103423339965182,0.4103504210380778,8.087041559579067e-06
111,124,0.4305947488739113,0.4305950080407771,2.591668658014079e-07
111,132,0.42857647473255006,0.4285797109039715,3.2361714214501625e-06
111,145,0.436795418850521,0.4367958232893233,4.0443880233720364e-07
112,78,0.41095742804341817,0.41095742814830694,1.0488876434067151e-10
112,91,0.42231727552975934,0.4223172755585194,2.8760049897158524e-11
112,99,0.42981516813587634,0.4298151684203816,2.8450525269008153e-10
112,104,0.425216272068022,0.42521627207350565,5.4836690743798044e-12
112,120,0.4159709520284571,0.4159709526075955,5.791384039000036e-10
112,125,0.4366197070286591,0.43661970703840036,9.741263351514817e-12
112,133,0.4123152281366473,0.4123152282714437,1.3479639626723383e-10
112,146,0.43329536165694993,0.43329536167291993,1.5970003097720564e-11
113,79,0.43961742711338675,0.43961742715495006,4.156330835058952e-11
113,92,0.4136778425661584,0.4136778429540889,3.8793046552854094e-10
113,100,0.43043929102939193,0.43043929105967027,3.0278335394484657e-11
113,105,0.4209484461015926,0.4209484477922023,1.6906097077828974e-09
113,121,0.4047450167812239,0.404745016798337,1.7113144235025857e-11
113,126,0.4264602857914764,0.4264602868828243,1.0913479009388993e-09
113,134,0.4188562990627114,0.4188562992022341,1.3952272670536559e-10
113,147,0.401860419094253,0.40186041966063213,5.663791102783478e-10
114,80,0.4085012653732085,0.4086248009545626,0.00012353558135408393
114,93,0.42199847104605376,0.4227980153875556,0.0007995443415018677
114,101,0.4418898579635453,0.44203710575309735,0.00014724778955205187
114,106,0.41550441646891256,0.4167167427963286,0.0012123263274160245
114,122,0.42949257239732014,0.42961738320991033,0.00012481081259019255
114,127,0.4223224837605723,0.42382730488724,0.0015048211266677214
114,135,0.42761208884950935,0.42842588322978176,0.0008137943802724035
114,148,0.4341441566315731,0.43536547446825397,0.0012213178366808908
115,81,0.44832275199342236,0.44863977055906223,0.0003170185656398705
115,94,0.39841355394828804,0.39868365005093576,0.0002700961026477211
115,102,0.4280658492991606,0.4288946441132516,0.0008287948140910384
115,107,0.4294283221567644,0.42947295273285035,4.463057608594667e-05
115,123,0.41644355551031903,0.4174545027904257,0.0010109472801066444
115,128,0.41534279270443364,0.41543032947320124,8.75367687676043e-05
115,136,0.4298459124114324,0.4306147188730017,0.0007688064615692936
115,149,0.44223083855169243,0.44233323678370995,0.00010239823201751985
116,82,0.4100386716242867,0.41003867166332464,3.903793954762591e-11
116,95,0.43094595235645633,0.4309459523626727,6.2163607594811765e-12
116,103,0.4064427330241818,0.40644273315446106,1.3027923184694146e-10
116,108,0.40570628498473615,0.4057062849852219,4.85722573273506e-13
116,124,0.40584775032763093,0.4058477506226373,2.950063526796498e-10
116,129,0.4276620006751621,0.42766200067607285,9.107714582512472e-13
116,137,0.3936247766996682,0.3936247767348484,3.518019209280965e-11
116,150,0.4224102594768415,0.4224102594783147,1.4731549313751202e-12
117,83,0.42659177248624797,0.4265917724905154,4.2674197509029455e-12
117,96,0.41606318096394196,0.4160631810625368,9.859485450292027e-11
117,104,0.43058455271084217,0.4305845527145831,3.740951992625696e-12
117,109,0.40940338917529656,0.4094033900380643,8.627677461348071e-10
117,125,0.42190317164311447,0.42190317164672025,3.6057823393775834e-12
117,130,0.4291340842678434,0.42913408479887794,5.310345496667424e-10
117,138,0.41358337837510245,0.4135833784074271,3.2324642962322514e-11
117,151,0.4003739607611062,0.4003739610010474,2.399411780373839e-10
118,84,0.4429253754389723,0.44292632319340863,9.47754436320114e-07
118,97,0.44110294355309143,0.4411103217542886,7.378201197172363e-06
118,105,0.42932205257537154,0.4293228411271748,7.885518032435535e-07
118,110,0.41188339041432526,0.4119039046523252,2.0514237999924578e-05
118,126,0.39281853158682045,0.39281900841161893,4.768247984787699e-07
118,131,0.422424230855877,0.4224401912313184,1.5960375441381736e-05
118,139,0.41890373967450406,0.41890714704186044,3.4073673563783657e-06
118,152,0.4228593478830757,0.42286766464007175,8.316756996029628e-06
119,85,0.40164214837482015,0.40195761680534203,0.00031546843052188134
119,98,0.4410257785695448,0.4412996211668341,0.0002738425972892977
119,106,0.41615786618098455,0.4169736708409459,0.0008158046599613389
119,111,0.4172170849904752,0.4172616340445492,4.454905407397236e-05
119,127,0.4088103322053713,0.40982295944679903,0.0010126272414277548
119,132,0.40760041364335986,0.4076864486377326,8.603499437276341e-05
119,140,0.4229261441748792,0.42371059290411384,0.0007844487292346103
119,153,0.4229729008864586,0.4230754351165372,0.00010253423007861029
120,86,0.41982498758325004,0.41982502211834116,3.453509112016917e-08
120,99,0.4317248396638238,0.4317248512612602,1.159743640011257e-08
120,107,0.4164849067591207,0.4164849889565492,8.219742847481726e-08
120,112,0.39923417601116584,0.3992341776779479,1.666782045717241e-09
120,128,0.41076525704199834,0.41076539734914425,1.403071459016303e-07
120,133,0.3935562508397895,0.39355625400397465,3.1641851361285944e-09
120,141,0.4115401948593709,0.4115402336856001,3.8826229231681e-08
120,154,0.41891753063794185,0.4189175353038047,4.665862862740511e-09
121,87,0.4087106751954102,0.408710675195563,1.5276668818842154e-13
121,100,0.4318930320124056,0.43189303201373525,1.3296586054423187e-12
121,108,0.42809611577511975,0.4280961157752529,1.3317125180378753e-13
121,113,0.4211777021984189,0.4211777022052812,6.862344026359324e-12
121,129,0.4055577782356962,0.4055577782358528,1.5659695762337833e-13
121,134,0.41934162855859247,0.41934162856233675,3.744282661699572e-12
121,142,0.41685471610339525,0.41685471610375985,3.645972412869014e-13
121,155,0.40433623905338867,0.40433623905501986,1.6311951789305112e-12
122,88,0.42311710203663716,0.4231180185660978,9.165294606594543e-07
122,101,0.4138121636082318,0.4138197044485418,7.540840310016339e-06
122,109,0.4419411438914636,0.44194191977248726,7.758810236513369e-07
122,114,0.4284974445866629,0.42851772090126966,2.0276314606770818e-05
122,130,0.38408486166927747,0.38408532724099387,4.6557171640149164e-07
122,135,0.3897432936875364,0.38975956179337606,1.626810583965632e-05
122,143,0.4469482177010156,0.44695171715661425,3.499455598632295e-06
122,156,0.4252808800413079,0.42528929995402764,8.419912719770384e-06
123,89,0.41811227841562143,0.4324326073696469,0.014320328954025463
123,102,0.4399314631211585,0.517307334307152,0.07737587118599354
123,110,0.42704347898531825,0.4479350653104147,0.020891586325096467
123,115,0.42279736632792864,0.43653424552101744,0.013736879193088802
123,131,0.4108013439718812,0.42470620249860297,0.013904858526721742
123,136,0.4162477227700051,0.43700335477412344,0.02075563200411834
123,144,0.434646317857638,0.5119254623751194,0.07727914451748136
123,157,0.4393865270273339,0.4536235449918517,0.014237017964517817
124,90,0.43745535637864574,0.43745538905648695,3.267784121074868e-08
124,103,0.4265232441902554,0.42652325316566836,8.975412968403873e-09
124,111,0.41158956153722326,0.411589641682524,8.014530072930626e-08
124,116,0.41449903525215237,0.4144990361876476,9.354952368312297e-10
124,132,0.413110913078267,0.41311104843787816,1.3535961118638085e-07
124,137,0.41067014486170705,0.4106701467231495,1.8614424446283806e-09
124,145,0.3966336708089877,0.3966337031463617,3.233737400076819e-08
124,158,0.42772935627462544,0.4277293589335795,2.6589540569332826e-09
125,91,0.4073521199773244,0.4073521199789595,1.6350809595166993e-12
125,104,0.4184468811421236,0.41844688114268735,5.637712519046545e-13
125,112,0.42243075241649325,0.42243075242031897,3.825717520555827e-12
125,117,0.42190802009039524,0.4219080200974282,7.03298530524421e-12
125,133,0.40002850278707774,0.4000285027938742,6.796452289847821e-12
125,138,0.4273730782132046,0.4273730782168163,3.611722032559328e-12
125,146,0.41068001847562036,0.41068001847699176,1.3714029911682246e-12
125,159,0.41204354471277915,0.41204354471413945,1.360300760921973e-12
126,92,0.40150798119387876,0.40150798562573076,4.431851996500313e-09
126,105,0.44530506335062575,0.44530509994129464,3.6590668883729194e-08
126,113,0.41771353205470196,0.41771353506598174,3.011279781084397e-09
126,118,0.39683969027756577,0.3968398176286553,1.2735108950723273e-07
126,134,0.4132779039864292,0.4132779055028919,1.516462677653152e-09
126,139,0.42566754267871,0.42566761759453364,7.491582365570792e-08
126,147,0.4088454203189519,0.4088454312581546,1.0939202710336104e-08
126,160,0.42584116142851347,0.42584119361321565,3.2184702181137226e-08
127,93,0.4155440647002224,0.42906108212226296,0.013517017422040534
127,106,0.41112624745197146,0.485689543633632,0.07456329618166052
127,114,0.4082589539769476,0.4283144513014231,0.02005549732447548
127,119,0.42566019445200476,0.43932699581823137,0.01366680136622661
127,135,0.4253033918662772,0.4390758691195124,0.013772477253235216
127,140,0.4315671113422495,0.45223445651390276,0.02066734517165325
127,148,0.4401811736004131,0.514974022726994,0.07479284912658091
127,161,0.4171282797365582,0.4306892267085689,0.013560946972010712
128,94,0.4164210476756986,0.4164296618746999,8.6141990012778e-06
128,107,0.4024897997540653,0.40249337486859504,3.5751145297524545e-06
128,115,0.43719199847034695,0.4372084580340374,1.6459563690451873e-05
128,120,0.4181012981235464,0.41810182552426034,5.274007139344228e-07
128,136,0.4086811714391921,0.40870218694074867,2.1015501556587157e-05
128,141,0.41427606146465984,0.4142768623438224,8.008791625435663e-07
128,149,0.4097835306537119,0.4097912955924497,7.764938737775395e-06
128,162,0.40061855474034114,0.4006195124875287,9.577471875577004e-07
129,95,0.4137954884102664,0.41379548841033137,6.494804694057166e-14
129,108,0.4167199903193018,0.41671999031930634,4.551914400963142e-15
129,116,0.4125198825508201,0.4125198825510094,1.892930256985892e-13
129,121,0.3995245754406265,0.3995245754406445,1.8041124150158794e-14
129,137,0.4184595223679858,0.41845952236836226,3.764766276503906e-13
129,142,0.4037343949731675,0.40373439497317776,1.0269562977782698e-14
129,150,0.4287318152654983,0.4287318152655098,1.149080830487037e-14
129,163,0.42032995839881754,0.4203299583988197,2.1649348980190553e-15
130,96,0.43642761411786984,0.43642761669168667,2.5738168263345074e-09
130,109,0.43117040822905917,0.431170438515038,3.028597883591999e-08
130,117,0.41946439943209224,0.4194644010736499,1.641557667575455e-09
130,122,0.4191813258771338,0.41918145317598315,1.2729884935058777e-07
130,138,0.41310444531323537,0.41310444614937475,8.361393799560801e-10
130,143,0.419042051636024,0.41904212732846957,7.569244558913724e-08
130,151,0.4439447532271641,0.44394476131491667,8.087752578767038e-09
130,164,0.42565361227390774,0.42565364115787213,2.8883964386938743e-08
131,97,0.40567474313157115,0.40577613791757533,0.00010139478600418306
131,110,0.4230442652574804,0.4238288233266539,0.000784558069173491
131,118,0.40272612926933715,0.40281187994420387,8.575067486671362e-05
131,123,0.3948286126529034,0.3958527565940086,0.0010241439411051712
131,139,0.41433140120919165,0.4143757945598352,4.439335064354566e-05
131,144,0.43623806043389024,0.43707493809969156,0.0008368776658013166
131,152,0.4283136628113835,0.42858485373604294,0.00027119092465943684
131,165,0.4072612937509163,0.40758105669107203,0.00031976294015573226
132,98,0.40718499005165865,0.40719344478118435,8.454729525708693e-06
132,111,0.4079938915284289,0.40799733551488987,3.4439864609603354e-06
132,119,0.43268048300174544,0.4326965011695285,1.6018167783071746e-05
132,124,0.4284543288928539,0.42845482143409447,4.92541240570965e-07
132,140,0.40842945319302004,0.40845001739613146,2.0564203111417267e-05
132,145,0.4281893067708429,0.42819007579214563,7.690213027489179e-07
132,153,0.439255156203457,0.43926265511056933,7.498907112324371e-06
132,166,0.422044773432307,0.4220456536677493,8.802354423131931e-07
133,99,0.4072628992148818,0.4072628997667739,5.518920875857702e-10
133,112,0.41937247553754187,0.41937247567746283,1.3992096370429863e-10
133,120,0.3855387854226488,0.38553878654844254,1.1257937360120707e-09
133,125,0.4104952793703574,0.4104952793886578,1.830041673756e-11
133,141,0.4195279426221541,0.41952794425880763,1.6366535349199296e-09
133,146,0.433449219113957,0.43344921914401724,3.0060232081297045e-11
133,154,0.44165293123292904,0.441652931607897,3.7496794558222746e-10
133,167,0.4156518175933283,0.41565181763443293,4.110461970796564e-11
134,100,0.4125217985025361,0.41252179851793064,1.5394518992906114e-11
134,113,0.4133111605161918,0.4133111606494864,1.3329459758182338e-10
134,121,0.40471248985211455,0.4047124898608277,8.713141319560691e-12
134,126,0.39632209930880175,0.39632209984247835,5.336766029095941e-10
134,142,0.42108706824830333,0.4210870682522865,3.983147145447674e-12
134,147,0.3964263379876736,0.39642633826521084,2.775372154317779e-10
134,155,0.4199912307260011,0.41999123075417505,2.8173963162458904e-11
134,168,0.4308317089506971,0.4308317090513582,1.0066109057405015e-10
135,101,0.43053070623889833,0.4306338500568621,0.00010314381796378003
135,114,0.4085810500749943,0.40934973383795514,0.0007686837629608534
135,122,0.42405901765851667,0.424146446635342,8.742897682534334e-05
135,127,0.42386049197813885,0.4248810067282957,0.0010205147501568534
135,143,0.4247981858535584,0.4248433045927154,4.5118739157024024e-05
135,148,0.43022303711824705,0.4310512946699268,0.0008282575516797563
135,156,0.42970647883192986,0.42997768514472795,0.00027120631279808904
135,169,0.4213011154132375,0.4216156543307868,0.00031453891754928964
136,102,0.41887004654973287,0.4201393108090209,0.0012692642592880277
136,115,0.4338910085759048,0.43470866422236076,0.0008176556464559726
136,123,0.4250689486888974,0.42661718042872443,0.001548231739827044
136,128,0.4371168290398959,0.43724628022556006,0.00012945118566415337
136,144,0.4277282115667808,0.42899333903903025,0.0012651274722494388
136,149,0.42763412990305055,0.42778554750709075,0.00015141760404019378
136,157,0.4256960039964778,0.42653894559872285,0.0008429416022450731
136,170,0.416027867322666,0.4161554733956604,0.00012760607299439064
137,103,0.43852441249227914,0.43852441275623155,2.63952415480162e-10
137,116,0.4204510879396474,0.4204510879757137,3.6066261088762985e-11
137,124,0.3969077315012449,0.3969077320989256,5.976806827234782e-10
137,129,0.42686932515584886,0.4268693251576944,1.8455237338343977e-12
137,145,0.42006111943284175,0.4200611203468351,9.139933809798606e-10
137,150,0.41798653682626113,0.4179865368292463,2.985167668612121e-12
137,158,0.430561546925587,0.4305615470271995,1.0161249619500268e-10
137,171,0.41399312853050063,0.41399312853476944,4.268807529683727e-12
138,104,0.40854246836720703,0.4085424683690966,1.889544076760785e-12
138,117,0.43281920935680945,0.4328192093887491,3.193967312853374e-11
138,125,0.43288535033226305,0.43288535033409337,1.830313678397033e-12
138,130,0.405038109774616,0.4050381100459242,2.71308198129816e-10
138,146,0.41199114300366063,0.4119911430058197,2.159050715988542e-12
138,151,0.42867250293090364,0.42867250305334714,1.2244349978374203e-10
138,159,0.4315218279314531,0.4315218279374071,5.954015058762252e-12
138,172,0.42606998334105783,0.4260699833761151,3.505729040398364e-11
139,105,0.4297097546642339,0.42971017199583944,4.1733160555113e-07
139,118,0.4202102150073346,0.4202134266103274,3.211602992825302e-06
139,126,0.41036653763261977,0.4103667902855938,2.526529740420891e-07
139,131,0.4301816633957278,0.43018973020569845,8.066809970674882e-06
139,147,0.4355035528684374,0.4355036685562697,1.1568783231385993e-07
139,152,0.43201817212424354,0.432022382129956,4.2100057124350165e-06
139,160,0.4248578203944382,0.4248584920280644,6.71633626214696e-07
139,173,0.40592539479690265,0.40592666866966026,1.27387275761226e-06
140,106,0.40794627894235724,0.4091960732540102,0.001249794311652952
140,119,0.409639663087055,0.41047211910004605,0.0008324560129910341
140,127,0.40700388583317115,0.40855521332957556,0.0015513274964044088
140,132,0.41802013218222,0.41814756989270113,0.0001274377104811264
140,148,0.4136835027811079,0.4149425666255208,0.0012590638444129332
140,153,0.43882145092354646,0.4389733304776575,0.00015187955411105625
140,161,0.417776137319835,0.4186050949898382,0.0008289576700032386
140,174,0.42575255510857407,0.4258828960678219,0.00013034095924785438
141,107,0.42834527747099327,0.42834540348895705,1.260179637863068e-07
141,120,0.4185335405906886,0.4185335802081545,3.961746591896187e-08
141,128,0.4115009598475532,0.41150117504532835,2.151977751552181e-07
141,133,0.4091904310088834,0.4091904357822867,4.773403283753197e-09
141,149,0.4143771157363097,0.41437736778602685,2.520497171532021e-07
141,154,0.431462407303123,0.43146241434435256,7.041229543869321e-09
141,162,0.42093831831319334,0.42093838823960117,6.992640783076709e-08
141,175,0.45876160158545604,0.4587616097133312,8.127875150698571e-09
142,108,0.42954357214305594,0.4295435721431172,6.128431095930864e-14
142,121,0.4177962097123413,0.41779620971268755,3.4622305022935507e-13
142,129,0.4022088047003222,0.40220880470039505,7.283063041541027e-14
142,134,0.41581371226714886,0.41581371226879843,1.6495693699880576e-12
142,150,0.42243003584207295,0.42243003584217553,1.0258460747536446e-13
142,155,0.42692165497265633,0.4269216549733769,7.205902541329579e-13
142,163,0.4221192393204186,0.42211923932048,6.139533326177116e-14
142,176,0.4409918282121579,0.4409918282124,2.4213964167074664e-13
143,109,0.42473560988993553,0.4247360170252821,4.071353465473493e-07
143,122,0.43512455155672775,0.43512782657841,3.2750216822363676e-06
143,130,0.4143368225353939,0.4143370670044189,2.444690250236192e-07
143,135,0.41380675508336434,0.41381492515234275,8.170068978408107e-06
143,151,0.41242382587506154,0.41242392967170943,1.0379664788784382e-07
143,156,0.43675157179847013,0.4367558083351321,4.2365366619834255e-06
143,164,0.4063722911605161,0.4063729084608934,6.173003773146668e-07
143,177,0.42437953135819184,0.4243807776366364,1.246278444555493e-06
144,110,0.41578339918822455,0.43628728127075495,0.0205038820825304
144,123,0.4131855021176921,0.49672086821389705,0.08353536609620493
144,131,0.43342814637314264,0.44706194272086514,0.013633796347722493
144,136,0.42712249831139665,0.44749350251291564,0.020371004201518994
144,152,0.40589978433342977,0.41248357477801767,0.0065837904445879
144,157,0.43145364907840866,0.44541354335443717,0.013959894276028506
144,165,0.41584539505669404,0.4228508634536269,0.007005468396932835
144,178,0.42191960722839367,0.4287733541955354,0.0068537469671417495
145,111,0.43408502093038664,0.4340851473564242,1.2642603752777148e-07
145,124,0.43049751547962456,0.430497548411799,3.2932174431898886e-08
145,132,0.4156068061613749,0.4156070198033272,2.1364195229578442e-07
145,137,0.4194612005627829,0.41946120348248656,2.9197036455208547e-09
145,153,0.4377743057139564,0.437774559048299,2.533343425592527e-07
145,158,0.4325711329977741,0.43257113716848494,4.170710832251956e-09
145,166,0.40923994704483724,0.40924000503701313,5.799217589474992e-08
145,179,0.40548666772042186,0.40548667268595356,4.965531708034376e-09
146,112,0.4201176464047691,0.4201176464115807,6.811606834133954e-12
146,125,0.41917342831316196,0.419173428314713,1.551037076552575e-12
146,133,0.45281670821024234,0.45281670822235276,1.211042377491367e-11
146,138,0.4099993657750756,0.40999936578126556,6.189937451495098e-12
146,154,0.40883871241160796,0.40883871242877456,1.7166601473661558e-11
146,159,0.42227050077771544,0.4222705007800483,2.33285613049361e-12
146,167,0.41561954965294234,0.4156195496562016,3.259281733392072e-12
146,180,0.4094731354208202,0.40947313542163866,8.184564137536654e-13
147,113,0.41819684344226604,0.418196844847007,1.4047409346851225e-09
147,126,0.4277031933324815,0.42770320358970115,1.0257219629217218e-08
147,134,0.41528708988240304,0.415287090591408,7.090049658486919e-10
147,139,0.4287726265948463,0.4287726596685245,3.307367824056939e-08
147,155,0.408569009086011,0.40856900935844537,2.724343528548445e-10
147,160,0.42489946737287426,0.4248994816409865,1.4268112247250997e-08
147,168,0.4474974069668145,0.4474974085090575,1.542242999974519e-09
147,181,0.4127129038633069,0.4127129078039928,3.940685888714768e-09
148,114,0.41741739252382126,0.43708473710149975,0.01966734457767849
148,127,0.433857422939205,0.5149776210914846,0.08112019815227961
148,135,0.4233671686626077,0.43685949619795866,0.013492327535350956
148,140,0.4279851423721885,0.44825316357384065,0.020268021201652164
148,156,0.40413811464973687,0.4105643539115702,0.006426239261833333
148,161,0.4053372294747763,0.4186213795491548,0.013284150074378498
148,169,0.41204485543991426,0.4187402332464076,0.006695377806493319
148,182,0.41197708746822037,0.41848886913495154,0.0065117816667311645
149,115,0.40710886732474955,0.4071280903304693,1.9223005719770647e-05
149,128,0.407148480719064,0.40715622728670453,7.74656764052084e-06
149,136,0.4309156572241661,0.4309401964166969,2.4539192530814713e-05
149,141,0.39586208006072,0.3958630177061082,9.376453882214975e-07
149,157,0.43511912733299996,0.43513876092382603,1.9633590826073632e-05
149,162,0.41349609761105544,0.41349721890098545,1.1212899300172552e-06
149,170,0.41604328843974187,0.4160509345866916,7.64614694975796e-06
149,183,0.4030527941751777,0.4030537439841822,9.498090045023666e-07
150,116,0.4279084371676397,0.4279084371677186,7.888134589961737e-14
150,129,0.43288202270192894,0.43288202270193227,3.3306690738754696e-15
150,137,0.4168764598142123,0.41687645981436944,1.571520691356909e-13
150,142,0.4086562404022573,0.40865624040225906,1.7763568394002505e-15
150,158,0.4139064295701689,0.4139064295703933,2.244315844279754e-13
150,163,0.41674415454722713,0.41674415454722713,0.0
150,171,0.43551393974858793,0.4355139397485944,6.494804694057166e-15
150,184,0.41612753662753893,0.41612753662753893,0.0
151,117,0.433882649510903,0.433882650196507,6.856040180025502e-10
151,130,0.4348687672623395,0.43486877488366427,7.621324793483097e-09
151,138,0.42703340080921165,0.4270334011584878,3.4927616354707425e-10
151,143,0.4147241769494076,0.41472420792719644,3.097778883409674e-08
151,159,0.42161457251750667,0.42161457264378654,1.2627987544533426e-10
151,164,0.4261629006294624,0.426162912482429,1.1852966608216775e-08
151,172,0.41514661000587366,0.41514661092174454,9.158708791368042e-10
151,185,0.3944055209334355,0.39440552351914404,2.58570853617357e-09
152,118,0.41228461608198197,0.41232625649300036,4.164041101839544e-05
152,131,0.44091930152049574,0.44118621860837004,0.0002669170878742966
152,139,0.4461245575209136,0.4461461312536405,2.1573732726876127e-05
152,144,0.41457625362245615,0.4149797220568237,0.00040346843436755986
152,160,0.4461905865374912,0.4461982997493128,7.713211821580579e-06
152,165,0.40903150371208885,0.40918600303260705,0.0001544993205181977
152,173,0.4365986033531383,0.43661353314610124,1.4929792962914412e-05
152,186,0.412139842901849,0.4121609381227442,2.1095220895162026e-05
153,119,0.4192099060756536,0.4192289884295619,1.9082353908295158e-05
153,132,0.42641463392259676,0.42642213722957756,7.5033069807939334e-06
153,140,0.39667730680066055,0.39670180287853796,2.4496077877411704e-05
153,145,0.426291148549468,0.426292065263062,9.167135940346682e-07
153,161,0.4168905741865446,0.41690968545618873,1.9111269644100926e-05
153,166,0.3914925010033991,0.39149355028963445,1.0492862353439492e-06
153,174,0.4190811993606052,0.4190888653045924,7.665943987156254e-06
153,187,0.42060239897970986,0.42060331661611644,9.176364065832665e-07
154,120,0.4265829843912573,0.42658298607618694,1.6849296402554614e-09
154,133,0.42372667694155314,0.42372667732515346,3.8360031817674667e-10
154,141,0.4227328810852827,0.4227328835357399,2.450457226021996e-09
154,146,0.41841492080535764,0.41841492084945775,4.4100112450706774e-11
154,162,0.42589529334653814,0.4258952961936814,2.847143243389638e-09
154,167,0.41080980186020444,0.41080980192051986,6.031541932571827e-11
154,175,0.4095742649461204,0.40957426558894605,6.428256260626597e-10
154,188,0.41587164845554614,0.4158716485300026,7.445644101267135e-11
155,121,0.41148847761473883,0.4114884776181368,3.397948589167754e-12
155,134,0.4284904561313728,0.42849045615743514,2.6062318969621856e-11
155,142,0.4425465136510741,0.4425465136526332,1.5590861934811073e-12
155,147,0.41899319999759826,0.41899320009875896,1.0116069093513147e-10
155,163,0.429766367297734,0.4297663672982765,5.425104809830827e-13
155,168,0.4242747111540262,0.42427471119101723,3.699102135712451e-11
155,176,0.40906808135779216,0.40906808136081546,3.023303829507995e-12
155,189,0.43092896665708547,0.43092896666614366,9.05819863561419e-12
156,122,0.41142460876764475,0.4114665186494034,4.190988175867272e-05
156,135,0.4127266339791041,0.41299291180932435,0.00026627783022026286
156,143,0.4216067247073799,0.42162837297654876,2.1648269168839107e-05
156,148,0.4331437088157958,0.4335373654702827,0.0003936566544869291
156,164,0.39933744059013443,0.39934434837278826,6.907782653831074e-06
156,169,0.41937871896359646,0.41952864097673825,0.00014992201314179
156,177,0.4269067484887563,0.42692102711700747,1.4278628251152004e-05
156,190,0.41112247957601283,0.4111431000027414,2.062042672856812e-05
157,123,0.40213110351653725,0.40318010257074116,0.001048999054203914
157,136,0.414425745076393,0.41522260761365354,0.0007968625372605231
157,144,0.4280475838761989,0.42890477221441325,0.0008571883382143541
157,149,0.39976957977822747,0.3998755026869973,0.00010592290876981769
157,165,0.4276330546588329,0.4279604287995846,0.000327374140751735
157,170,0.39888405501181384,0.39897331842488465,8.926341307080587e-05
157,178,0.41779138793463594,0.41807940556858886,0.00028801763395291946
157,191,0.41153649196621767,0.4115821523848822,4.5660418664550395e-05
158,124,0.42281098782684495,0.42281098868576683,8.589218780663543e-10
158,137,0.4149382054745119,0.4149382055769716,1.0245970738509413e-10
158,145,0.43023891865261704,0.43023891996610697,1.3134899279343415e-09
158,150,0.42708067835347735,0.427080678357768,4.290623412117611e-12
158,166,0.4242121745961508,0.42421217608880074,1.4926499480871769e-09
158,171,0.43242787149712486,0.4324278715032598,6.134925900624921e-12
158,179,0.4187181794242841,0.41871817959802915,1.7374507388367988e-10
158,192,0.4030646034735649,0.40306460348969336,1.6128487434485805e-11
159,125,0.3981361090469721,0.3981361090476472,6.750711101233264e-13
159,138,0.4245144998878777,0.42451449989379,5.912270673036346e-12
159,146,0.42634741531873804,0.4263474153195467,8.086309399857328e-13
159,151,0.40593825135438943,0.40593825140061623,4.622680016552749e-11
159,167,0.4417587411983704,0.4417587411993745,1.0041412146222228e-12
159,172,0.4226107347976666,0.42261073481079336,1.312677744280677e-11
159,180,0.43510008454307336,0.4351000845436594,5.860312235483889e-13
159,193,0.4149030586691653,0.41490305867095506,1.7897350268469836e-12
160,126,0.4238879433353785,0.42388803627342597,9.29380474801178e-08
160,139,0.4254137009270777,0.42541432370850707,6.22781429371333e-07
160,147,0.41212194202421726,0.4121219847384188,4.271420156465311e-08
160,152,0.4249748391122953,0.4249763034042055,1.4642919102247909e-06
160,168,0.41416409042693164,0.41416410230095324,1.1874021599300733e-08
160,173,0.4181775279270622,0.41817798075985896,4.5283279676011645e-07
160,181,0.43220636848554783,0.43220640143153305,3.2945985217747165e-08
160,194,0.4153629001561071,0.4153629600294128,5.987330570222937e-08
161,127,0.4385889579095118,0.43959291017092406,0.0010039522614122554
161,140,0.4303093426462676,0.4310876708808836,0.0007783282346160436
161,148,0.4266102057752737,0.4274250206966261,0.0008148149213523803
161,153,0.4300998079861129,0.43020167913731594,0.0001018711512030257
161,169,0.4358400174023796,0.43614978817474204,0.0003097707723624388
161,174,0.43083154486936454,0.4309189676751846,8.7422805820081e-05
161,182,0.4192398134705854,0.4195093936086892,0.00026958013810379766
161,195,0.43549903198997236,0.43554379481819944,4.4762828227074e-05
162,128,0.4271204233129578,0.4271206827271538,2.5941419601327453e-07
162,141,0.4214367259330018,0.42143679688337565,7.095037385385083e-08
162,149,0.4184432118425907,0.41844351568512805,3.0384253735249445e-07
162,154,0.4078553505139775,0.40785535889607105,8.38209357478803e-09
162,170,0.4082170463426329,0.4082173028661728,2.5652353990990306e-07
162,175,0.41704605665062233,0.4170460663262201,9.67559776743343e-09
162,183,0.41562415006417747,0.4156242222881308,7.22239533179625e-08
162,196,0.4072664813730301,0.4072664905265451,9.153515001525392e-09
163,129,0.3989384960764385,0.3989384960764656,2.708944180085382e-14
163,142,0.42868862547021985,0.4286886254702747,5.484501741648273e-14
163,150,0.4074850075189725,0.40748500751900885,3.6359804056473877e-14
163,155,0.410222852787613,0.41022285278784204,2.290390099801698e-13
163,171,0.39949980993312206,0.39949980993317374,5.168088179630104e-14
163,176,0.42354580002322867,0.4235458000233068,7.810418978237976e-14
163,184,0.41730188475540436,0.4173018847554116,7.216449660063518e-15
163,197,0.40941051791488486,0.4094105179149357,5.084821452783217e-14
164,130,0.3938178501247882,0.39381792959389333,7.946910512979244e-08
164,143,0.41677884907510804,0.41677941712557076,5.680504627236793e-07
164,151,0.40701356015774093,0.4070135939719394,3.3814198496795456e-08
164,156,0.42813444981689097,0.42813575952176053,1.309704869556505e-06
164,172,0.40773272176587344,0.40773273052070613,8.754832692137171e-09
164,177,0.4275295148726156,0.42752990997430573,3.9510169014267404e-07
164,185,0.40984770969150824,0.40984773525497536,2.5563467120903738e-08
164,198,0.4305035155723169,0.4305035796490732,6.407675628983256e-08
165,131,0.41512525747087775,0.41541012835051855,0.00028487087964079727
165,144,0.42627614813401166,0.42669526713100525,0.0004191189969935949
165,152,0.4194107846898795,0.41955079516840277,0.00014001047852324477
165,157,0.4299204909936309,0.4302116118837293,0.00029112089009841746
165,173,0.42066271978331854,0.4206793373011179,1.6617517799355497e-05
165,178,0.4413394135159149,0.4414846157592045,0.0001452022432896216
165,186,0.42295153994820994,0.4229749409457911,2.3400997581135563e-05
165,199,0.40474338235704743,0.4047598477385942,1.6465381546759694e-05
166,132,0.43601012946144535,0.4360103749533325,2.454918871519496e-07
166,145,0.4452536138248505,0.4452536721905715,5.836572097850379e-08
166,153,0.4228172385402334,0.4228175296472154,2.911069820199508e-07
166,158,0.3979990274665634,0.39799903224758004,4.781016638144564e-09
166,174,0.4209627098313157,0.42096296018839446,2.503570787903975e-07
166,179,0.4236892550187171,0.42368926071087737,5.6921602431536655e-09
166,187,0.4114621610927863,0.4114622196647798,5.857199347758524e-08
166,200,0.4252618559042959,0.42526187005272803,1.4148432148086698e-08
167,133,0.4010912077995306,0.4010912078163685,1.683786443607005e-11
167,146,0.42886127043553973,0.4288612704388905,3.350764110621185e-12
167,154,0.4246346973043935,0.4246346973282616,2.3868074183752697e-11
167,159,0.416996896379158,0.41699689638238685,3.2288616225173428e-12
167,175,0.43677921862157354,0.4367792186491392,2.756567196726678e-11
167,180,0.4080793574485971,0.40807935744973084,1.1337597527472099e-12
167,188,0.4248819176232303,0.42488191762877037,5.540068404030762e-12
167,201,0.4203215747197448,0.4203215747221761,2.4312774016266303e-12
168,134,0.42376936915229513,0.42376936935724757,2.0495244390517087e-10
168,147,0.4233560744575733,0.4233560757908018,1.333228527578001e-09
168,155,0.4392580857653571,0.4392580858448547,7.94976307005868e-11
168,160,0.42114558237486327,0.4211455860199475,3.645084234449314e-09
168,176,0.4427621567666273,0.4427621567868595,2.023220480040777e-11
168,181,0.4376314041015273,0.43763140516535604,1.0638287473163643e-09
168,189,0.4188733456522766,0.4188733457178785,6.560191279092464e-11
168,202,0.4338123918154981,0.43381239202498284,2.0948476286974937e-10
169,135,0.42482653814852706,0.425104831055209,0.00027829290668196505
169,148,0.42098576975746343,0.4213857291704593,0.000399959412995865
169,156,0.41585416218472704,0.41598943841806546,0.00013527623333842165
169,161,0.42390574523681795,0.42418091184179063,0.0002751666049726764
169,177,0.41208809837215243,0.4121036980396288,1.559966747638475e-05
169,182,0.4390307817543803,0.43916730913642765,0.0001365273820473356
169,190,0.42214794363402675,0.422170394275897,2.2450641870230825e-05
169,203,0.4273624909897564,0.4273768686847051,1.4377694948664033e-05
170,136,0.4234972455629357,0.4235179493980686,2.0703835132862558e-05
170,149,0.4225571318637803,0.42256478516362705,7.65329984675489e-06
170,157,0.42099896397435843,0.42101552683374643,1.656285938800295e-05
170,162,0.42736996091726037,0.42737090553552914,9.446182687722349e-07
170,178,0.420468480610812,0.42047720772151254,8.727110700545992e-06
170,183,0.4226262088328653,0.42262700899191813,8.001590528494695e-07
170,191,0.43694469308414696,0.4369481815715846,3.4884874376417407e-06
170,204,0.4118977795275149,0.41189830389329907,5.243657841824678e-07
171,137,0.4083355676706044,0.4083355676706578,5.340172748447003e-14
171,150,0.43149211721522074,0.43149211721522246,1.7208456881689926e-15
171,158,0.43116510429649024,0.4311651042965663,7.605027718682322e-14
171,163,0.41878213421966237,0.41878213421966237,0.0
171,179,0.4251975256276559,0.42519752562774654,9.064970996064403e-14
171,184,0.4216162880649922,0.4216162880649922,0.0
171,192,0.4262625029738214,0.4262625029738285,7.105427357601002e-15
171,205,0.4017923174758534,0.4017923174758575,4.052314039881821e-15
172,138,0.4037692536615798,0.40376925374876405,8.718425981157907e-11
172,151,0.43542294851730484,0.43542294934104403,8.237391879717393e-10
172,159,0.43293459625071046,0.4329345962822469,3.1536440125989884e-11
172,164,0.4136933187401947,0.41369332161165046,2.8714557398501483e-09
172,180,0.4120773075741401,0.41207730758270955,8.569478460174196e-12
172,185,0.4237443971459242,0.42374439778251394,6.365897253779451e-10
172,193,0.40255473727097246,0.40255473729656616,2.5593693830927577e-11
172,206,0.4210187540161157,0.4210187541107608,9.464506955936258e-11
173,139,0.40182862375874967,0.40182983160527586,1.207846526185552e-06
173,152,0.42738969928347026,0.4273925467399409,2.847456470667087e-06
173,160,0.42370650340362087,0.4237069670137897,4.636101688104688e-07
173,165,0.4177751163175975,0.41777887275087766,3.7564332801554023e-06
173,181,0.43396003540140204,0.4339600985298902,6.312848815914762e-08
173,186,0.4482274391190065,0.44822860693814287,1.167819136393966e-06
173,194,0.4257570944335581,0.4257572093031262,1.1486956813522298e-07
173,207,0.4141260051631825,0.4141261391704465,1.3400726400769614e-07
174,140,0.42937713784461906,0.4293981793877589,2.1041543139865837e-05
174,153,0.4154130597070435,0.4154207302080663,7.670501022793985e-06
174,161,0.41241465739873556,0.4124310715842089,1.6414185473323517e-05
174,166,0.41280847636750406,0.41280937638827686,9.000207727982712e-07
174,182,0.4142226562530786,0.41423122574585214,8.569492773558007e-06
174,187,0.40857440339414136,0.40857519048802493,7.870938835696784e-07
174,195,0.4262230557920158,0.42622661521682015,3.5594248043446797e-06
174,208,0.43880462026262884,0.4388051488167392,5.2855411036834e-07
175,141,0.4268033806646927,0.426803383490548,2.8258553275151144e-09
175,154,0.42780757218418797,0.42780757282650206,6.423140908040637e-10
175,162,0.38933061981166095,0.3893306230949046,3.283243676932557e-09
175,167,0.42130466967109115,0.42130466974072645,6.96352975282366e-11
175,183,0.3963835815784503,0.3963835844769052,2.8984549205191e-09
175,188,0.4000673183588665,0.40006731844482674,8.596023892692983e-11
175,196,0.41796077339516946,0.41796077409702714,7.018576830830625e-10
175,209,0.41386690232942525,0.41386690255826664,2.2884139028178652e-10
176,142,0.39107203687603276,0.3910720368764382,4.0545344859310717e-13
176,155,0.4184534360532352,0.4184534360557638,2.5285884497350253e-12
176,163,0.4289080930132462,0.42890809301338884,1.4260814751310136e-13
176,168,0.3956412002492141,0.3956412002575098,8.295697462301632e-12
176,184,0.4323163344503873,0.43231633445043516,4.785061236134425e-14
176,189,0.4294009704449555,0.42940097044712855,2.173039526098819e-12
176,197,0.42185313588494316,0.42185313588532136,3.781974733385596e-13
176,210,0.4245347048646665,0.4245347048653279,6.61415366920437e-13
177,143,0.41336734330816743,0.413368520756113,1.1774479455883835e-06
177,156,0.41368322314017186,0.4136859506843638,2.727544191949427e-06
177,164,0.4129402692227611,0.41294067512974914,4.0590698802134284e-07
177,169,0.41616486838513933,0.4161684259102566,3.557525117270366e-06
177,185,0.4185713105356713,0.41857136310316473,5.256749341375766e-08
177,190,0.4321197731409945,0.43212088760314604,1.1144621515635222e-06
177,198,0.42632290483672397,0.4263230367052078,1.318684838547135e-07
177,211,0.4247534133698484,0.4247535272590972,1.1388924880950668e-07
178,144,0.41397466444162573,0.41439494256476994,0.0004202781231442132
178,157,0.4371390926608531,0.4374230583258443,0.0002839656649912259
178,165,0.41580258177328283,0.4159633824949956,0.0001608007217127616
178,170,0.41058349684899126,0.41062753630470317,4.403945571190837e-05
178,186,0.3967436080973945,0.3967655375619276,2.1929464533110288e-05
178,191,0.40548170620228546,0.405504250303177,2.2544100891530583e-05
178,199,0.41816969603290177,0.41818507031378177,1.537428087999837e-05
178,212,0.40551167828117685,0.4055185382114176,6.859930240743495e-06
179,145,0.4210720894242612,0.4210720909909074,1.566646201656141e-09
179,158,0.4508535206408063,0.45085352081498686,1.741805588650891e-10
179,166,0.4516413358645864,0.45164133764492265,1.7803362672985656e-09
179,171,0.4181354462726944,0.41813544628001176,7.317368933001944e-12
179,187,0.4268568862105745,0.42685688778615316,1.5755786675342165e-09
179,192,0.4396224030550845,0.4396224030743219,1.92373894591924e-11
179,200,0.41235855554741824,0.4123585559695697,4.221514804392257e-10
179,213,0.41255879999700656,0.4125588000537096,5.6703031159344164e-11
180,146,0.4289892141118412,0.42898921411215707,3.1585845050585704e-13
180,159,0.42170600834128136,0.4217060083420017,7.203682095280328e-13
180,167,0.4104054929930644,0.4104054929934677,4.032885136950881e-13
180,172,0.4152514621839152,0.4152514621890115,5.096312261088087e-12
180,188,0.443893180362702,0.44389318036318864,4.866662628444374e-13
180,193,0.43404418932531874,0.43404418932590316,5.844214001626824e-13
180,201,0.42515110336358414,0.4251511033638286,2.4447111002245947e-13
180,214,0.4303814433712045,0.43038144337134093,1.3644640972643174e-13
181,147,0.4007481782987301,0.40074818208743057,3.788700464468775e-09
181,160,0.40233525344546156,0.4023352641890293,1.0743567757653949e-08
181,168,0.4358230619735392,0.43582306315763436,1.1840951552599677e-09
181,173,0.4180882195363939,0.4180882386393309,1.9102937010018195e-08
181,189,0.40354241734556706,0.4035424175203952,1.7482815195535295e-10
181,194,0.41454846741771384,0.4145484726670785,5.249364665171896e-09
181,202,0.3894166216711552,0.3894166222361542,5.649989920364362e-10
181,215,0.42775503275535404,0.4277550335477264,7.923723899239121e-10
182,148,0.4308180401133853,0.43121725108937925,0.0003992109759939355
182,161,0.4061105502630498,0.40637726871402857,0.00026671845097875346
182,169,0.4128384917716019,0.4129903693691273,0.000151877597525385
182,174,0.41263632697137587,0.4126793328976992,4.300592632333622e-05
182,190,0.4096685431323416,0.4096894061671826,2.086303484100105e-05
182,195,0.4093265165123052,0.40934855062897463,2.2034116669400472e-05
182,203,0.42396614694605445,0.42397946069747755,1.3313751423105202e-05
182,216,0.4088835456077557,0.4088902445228796,6.698915123892757e-06
183,149,0.4122176654852162,0.41221791994600626,2.544607900500928e-07
183,162,0.42403020788560647,0.4240302786364672,7.075086072561021e-08
183,170,0.43162864815434165,0.4316288629940185,2.1483967682645044e-07
183,175,0.39936650545901087,0.3993665137079218,8.24891094319824e-09
183,191,0.42321221066623915,0.423212336700804,1.2603456484017173e-07
183,196,0.4319493696401783,0.43194937744402506,7.803846735487951e-09
183,204,0.43374558829753,0.43374562897191354,4.067438352794994e-08
183,217,0.4062146411210432,0.40621465787113487,1.6750091647033116e-08
184,150,0.41621040410197263,0.4162104041019835,1.0880185641326534e-14
184,163,0.4236391465961326,0.4236391465961353,2.6645352591003757e-15
184,171,0.44191710658661765,0.44191710658663397,1.63202784619898e-14
184,176,0.42937329777825534,0.42937329777827427,1.892930256985892e-14
184,192,0.393346178501205,0.3933461785012582,5.3179682879545e-14
184,197,0.41929827792092633,0.4192982779209374,1.1046719095020308e-14
184,205,0.41202481714219474,0.41202481714223016,3.5416114485542494e-14
184,218,0.43746834137015334,0.43746834137015667,3.3306690738754696e-15
185,151,0.42669270868362325,0.42669271116826635,2.4846431023739513e-09
185,164,0.4362607915343175,0.43626080027127245,8.736954937305086e-09
185,172,0.42070607777052954,0.42070607845077973,6.802501895109003e-10
185,177,0.42976667478943564,0.42976669164749,1.685805434137322e-08
185,193,0.4202178091819526,0.4202178092584081,7.64555085908114e-11
185,198,0.40312068242695875,0.4031206870432821,4.6163233236029555e-09
185,206,0.43339929196205934,0.4333992922451507,2.830913836682214e-10
185,219,0.4252223846936981,0.4252223850029542,3.092560652007137e-10
186,152,0.42113980961263936,0.42114394872762856,4.139114989198944e-06
186,165,0.4011677246980299,0.4011731737806316,5.449082601693966e-06
186,173,0.4217628123613243,0.42176405910120923,1.2467398849413946e-06
186,178,0.4305563084205365,0.43056057065536135,4.262234824858879e-06
186,194,0.4059686768579318,0.40596883474095763,1.5788302581976055e-07
186,199,0.42352271496734056,0.4235239526326152,1.2376652746559635e-06
186,207,0.429479059284259,0.4294792436600608,1.843758017927577e-07
186,220,0.4217858576262082,0.4217859946668364,1.3704062823416407e-07
187,153,0.4250247550639277,0.42502500800033766,2.52936409983473e-07
187,166,0.423011741125042,0.4230117990781104,5.79530683997298e-08
187,174,0.4049170541283013,0.4049172716626607,2.175343594146284e-07
187,179,0.39739363143501505,0.39739363640069886,4.96568380858875e-09
187,195,0.4136873901438287,0.4136875175315833,1.2738775456710982e-07
187,200,0.407616187481088,0.407616199808962,1.2327873999407046e-08
187,208,0.4258464188959615,0.425846453536185,3.4640223522952596e-08
187,221,0.4205720150080952,0.42057202094068724,5.932592028745631e-09
188,154,0.4453002860803428,0.44530028611012545,2.9782676325140756e-11
188,167,0.4203214356394435,0.4203214356450704,5.62688784455645e-12
188,175,0.4171882527745067,0.41718825280890365,3.43969297489366e-11
188,180,0.42071540635458404,0.42071540635598154,1.3974932322469158e-12
188,196,0.4270561131752624,0.4270561132077966,3.253419755822051e-11
188,201,0.408225035924821,0.40822503592783943,3.0184188481996443e-12
188,209,0.42088849516717847,0.42088849517946836,1.2289891326844327e-11
188,222,0.4356305291983498,0.4356305292025278,4.177991286269389e-12
189,155,0.40901719302722506,0.409017193035811,8.58596527208988e-12
189,168,0.3883880239819355,0.38838802401128303,2.9347524410638925e-11
189,176,0.4295211476613122,0.42952114766377836,2.4661384045998602e-12
189,181,0.4240554787166188,0.42405547878266103,6.604222724249098e-11
189,197,0.4232711976332834,0.42327119763449145,1.2080336730946328e-12
189,202,0.4371644861087655,0.4371644861302259,2.146038902139935e-11
189,210,0.4204347277151668,0.42043472771728585,2.119027175950805e-12
189,223,0.4141457609831387,0.41414576098585143,2.7127189383691075e-12
190,156,0.38581455610879223,0.3858186058963162,4.049787523996429e-06
190,169,0.40089962728015854,0.40090489821139597,5.270931237422172e-06
190,177,0.4100484620103114,0.4100496496822928,1.1876719813730396e-06
190,182,0.43029630497179205,0.43030036964899243,4.064677200377176e-06
190,198,0.43444018842896065,0.4344403755738711,1.871449104573486e-07
190,203,0.4221541727514258,0.4221552671537333,1.0944023074999087e-06
190,211,0.3985709191495056,0.3985710807303035,1.615807979082895e-07
190,216,0.4131803811225182,0.41318097444140267,5.933188844675641e-07
191,157,0.4114566031584494,0.4114648560426875,8.252884238113545e-06
191,170,0.4089005992760708,0.4089038710782099,3.271802139104274e-06
191,178,0.4085869686028713,0.4085913241998901,4.355597018779189e-06
191,183,0.42241909454122806,0.4224195138539132,4.1931268512929165e-07
191,199,0.42999309295360577,0.42999436415582204,1.271202216268641e-06
191,204,0.4407085229634736,0.44070879801508966,2.750516160388017e-07
191,212,0.4059683240278596,0.4059689057044139,5.816765543120717e-07
191,217,0.41507819389163314,0.4150782950864176,1.0119478444092778e-07
192,158,0.4235511539166919,0.4235511539259099,9.218015240008981e-12
192,171,0.4245251065215641,0.424525106521951,3.8691272408186705e-13
192,179,0.41242177093075044,0.412421770941718,1.0967560193364534e-11
192,184,0.4183634058810905,0.41836340588111864,2.8144153674247718e-14
192,200,0.4345578837789023,0.4345578838012693,2.2366997143308254e-11
192,205,0.42727455998863617,0.42727455998926994,6.337708136072706e-13
192,213,0.41542113612412546,0.41542113612712583,3.0003777240494856e-12
192,218,0.42107428681628006,0.4210742868163497,6.961098364399732e-14
193,159,0.41917429882901147,0.4191742988305767,1.565247931267777e-12
193,172,0.42805744927874356,0.4280574492880448,9.301226455704636e-12
193,180,0.41488617657593857,0.41488617657635796,4.193867475521529e-13
193,185,0.44464972593047725,0.4446497259560148,2.5537572057032776e-11
193,201,0.4194751115883371,0.4194751115887702,4.3309800190627357e-13
193,206,0.4384517819891584,0.43845178199382334,4.664935104869983e-12
193,214,0.40704316536730495,0.40704316536758145,2.7650104428289524e-13
193,219,0.40612652191491977,0.40612652192002385,5.1040838222604634e-12
194,160,0.3935780719859055,0.3935780921185468,2.0132641276315866e-08
194,173,0.4431609201070425,0.44316095600014854,3.589310604290574e-08
194,181,0.4228323995338894,0.4228324050711809,5.53729151420157e-09
194,186,0.4056667783670689,0.4056668230033586,4.4636289719957034e-08
194,202,0.4160350822377447,0.41603508325000144,1.0122567228876278e-09
194,207,0.39847418307390003,0.39847419411803,1.104412994390458e-08
194,215,0.41798866516575106,0.41798866658622474,1.4204736831224807e-09
194,220,0.43676415831597615,0.4367641667079479,8.391971728638481e-09
195,161,0.40002724226362785,0.40003543577838324,8.193514755394649e-06
195,174,0.4262445923147923,0.42624793593205157,3.343617259288223e-06
195,182,0.42532015361314074,0.42532443770455625,4.284091415507341e-06
195,187,0.4302101885703102,0.4302105979307784,4.0936046824535666e-07
195,200,0.4156735102455965,0.4156735972227464,8.697714987127014e-08
195,203,0.40450739165199023,0.4045085472334704,1.155581480172252e-06
195,208,0.4150244020934714,0.41502467713584706,2.7504237565256773e-07
195,216,0.4195883933065961,0.4195890199257152,6.266191190928971e-07
196,162,0.41426535982598,0.41426536293126365,3.1052836413358875e-09
196,175,0.41970720657450966,0.4197072072761877,7.016780489976782e-10
196,183,0.4007029547336427,0.40070295747500356,2.741360860536446e-09
196,188,0.41234213237523415,0.4123421324565609,8.132672313365674e-11
196,201,0.41315208530786607,0.4131520853410741,3.320804742301675e-11
196,204,0.4470279578759512,0.4470279597531273,1.8771761367553097e-09
196,209,0.4147214150831944,0.41472141529967416,2.164797785475514e-10
196,217,0.41970428058473025,0.41970428149187144,9.071411954941766e-10
197,163,0.41967284622678536,0.41967284622684203,5.667688540711424e-14
197,176,0.42673753265925085,0.4267375326594736,2.2276624989103766e-13
197,184,0.4136470003432312,0.4136470003432522,2.098321516541546e-14
197,189,0.41928902769476256,0.419289027695355,5.924150059399835e-13
197,202,0.40032939336627865,0.40032939336782514,1.5464851621516118e-12
197,205,0.4321377917187572,0.4321377917190596,3.023692407566614e-13
197,210,0.43405504011128837,0.43405504011153206,2.4369395390522186e-13
197,218,0.4098913702592277,0.40989137025926753,3.980149543281186e-14
198,164,0.41262296651101826,0.4126229894717348,2.296071655027987e-08
198,177,0.43483801705989045,0.434838061433871,4.437398054557562e-08
198,185,0.42485350935609606,0.4248535143367702,4.980674150889541e-09
198,190,0.40903484951666885,0.40903490617322835,5.6656559499490555e-08
198,203,0.3941975569038005,0.39419759791535336,4.101155287594693e-08
198,206,0.42716924249260046,0.42716924321929484,7.266943713446494e-10
198,211,0.42822093063611777,0.4282209410534826,1.0417364804116147e-08
198,219,0.40176703735501235,0.4017670381488002,7.93787868769158e-10
199,165,0.44147328224644966,0.4414770018685133,3.7196220636359634e-06
199,178,0.40913053493146506,0.4091334377821538,2.902850688712988e-06
199,186,0.42658205733505766,0.42658321406790306,1.1567328453976344e-06
199,191,0.42320039084287214,0.4232015944629429,1.2036200707776779e-06
199,204,0.42801077679448013,0.42801096840150665,1.9160702652287753e-07
199,207,0.42116228808665823,0.4211624209752344,1.3288857614313088e-07
199,212,0.4392823406812397,0.4392827365496184,3.9586837868865743e-07
199,220,0.42888291280229673,0.42888301168169607,9.887939933506118e-08
200,166,0.4223573013247458,0.42235731237367113,1.1048925330214843e-08
200,179,0.4512050234376346,0.45120502442606675,9.884321694464404e-10
200,187,0.41888079712797976,0.41888080685932316,9.731343397767489e-09
200,192,0.4296195859399284,0.42961958602273476,8.280637286972592e-11
200,195,0.40875155172886135,0.4087515748812097,2.3152348371802134e-08
200,205,0.40799553072804606,0.4079955307825896,5.454353635414577e-11
200,208,0.4345671433205232,0.4345671499373701,6.616846903728657e-09
200,213,0.4295847078934856,0.42958470815748,2.639944374216441e-10
200,221,0.40266358971787863,0.4026635908772724,1.1593937476739313e-09
201,167,0.41869697413122897,0.4186969741334178,2.188804693048496e-12
201,180,0.4137294708559585,0.413729470856536,5.774825062587752e-13
201,188,0.407333329202585,0.4073333292052609,2.6758595339515523e-12
201,193,0.4242967360882841,0.4242967360895739,1.2898015988582756e-12
201,196,0.4202103154685517,0.4202103154807709,1.2219225631326935e-11
201,206,0.4199738607987563,0.4199738608035117,4.755362770225702e-12
201,209,0.43890699455305954,0.4389069945577168,4.657274566000069e-12
201,214,0.4320700402714577,0.43207004027192586,4.681810494844285e-13
201,222,0.4267721947292794,0.4267721947308773,1.5978884881917566e-12
202,168,0.39607515078202576,0.3960751508847495,1.0272371842035e-10
202,181,0.40557372325570273,0.4055737234894609,2.337581794797927e-10
202,189,0.42827774626598336,0.4282777462904619,2.447853031384284e-11
202,194,0.4166801528359897,0.41668015322064145,3.846517548922179e-10
202,197,0.4051602970494656,0.4051602970532606,3.795019853924941e-12
202,207,0.4099747562575117,0.4099747566833579,4.2584624715402697e-10
202,210,0.41302689339699017,0.41302689340367704,6.686873277317318e-12
202,215,0.4307478081381929,0.43074780823891823,1.0072531697602471e-10
202,223,0.419779058057517,0.4197790580660941,8.57713899904411e-12
203,169,0.432773418098516,0.4327766995536757,3.2814551597093455e-06
203,182,0.4105503251116248,0.41055285026487387,2.525153249055556e-06
203,190,0.4266521054875592,0.4266531327407705,1.0272532112720612e-06
203,195,0.3907774711613091,0.3907785595548704,1.0883935612771012e-06
203,198,0.42148717456953916,0.42148729604373786,1.2147419869990017e-07
203,208,0.4242583968349453,0.4242585655281756,1.6869323027357552e-07
203,211,0.40117110498144165,0.40117120989304333,1.049116016837992e-07
203,216,0.40727745745297195,0.4072778354119684,3.7795899643366937e-07
203,224,0.41552970841462245,0.4155297527866193,4.437199685458637e-08
204,170,0.414534306014284,0.41453444517950977,1.3916522578760748e-07
204,183,0.43391110065847455,0.4339111404408259,3.978235135759789e-08
204,191,0.43474871831086664,0.4347487999922702,8.168140352982078e-08
204,196,0.41474624559772816,0.4147462507475433,5.149815129890101e-09
204,199,0.42113879448775116,0.42113885662958767,6.214183650987692e-08
204,209,0.4130855650857043,0.4130855665892241,1.5035197531432232e-09
204,212,0.4137507982197184,0.41375082874008534,3.0520366955943956e-08
204,217,0.43237736853569353,0.43237737949650545,1.0960811924753955e-08
204,225,0.4070365082486386,0.40703651270538305,4.456744473468888e-09
205,171,0.44762382462707867,0.44762382462741623,3.3756331063727885e-13
205,184,0.42220580060588947,0.42220580060591384,2.4369395390522186e-14
205,192,0.42124184111605345,0.4212418411169492,8.957279362675763e-13
205,197,0.41012979549116557,0.41012979549125406,8.848477506262498e-14
205,200,0.4184473694079751,0.4184473694281005,2.012540134543883e-11
205,210,0.398926554588007,0.3989265545881549,1.4788170688007085e-13
205,213,0.405948722275556,0.405948722278206,2.649991337477786e-12
205,218,0.4231955528288622,0.42319555282892285,6.06736882957648e-14
205,226,0.4126188035125338,0.41261880351296476,4.309330670082545e-13
206,172,0.4096950379608583,0.4096950379983986,3.7540304198557806e-11
206,185,0.4274022480669312,0.42740224816975997,1.0282874551847954e-10
206,193,0.4156342817124802,0.4156342817178221,5.341893594135172e-12
206,198,0.43412870286407573,0.434128703103372,2.3929624948237915e-10
206,201,0.41399926924266933,0.41399926924442476,1.7554291353860663e-12
206,211,0.4184572048589437,0.41845720506767886,2.0873514028352247e-10
206,214,0.41278691549884655,0.41278691549998203,1.1354805984353789e-12
206,219,0.43460888307237333,0.43460888309330653,2.0933199618156095e-11
206,227,0.4182278360874753,0.41822783609130687,3.831546191435109e-12
207,173,0.42030479374377777,0.42030483622018694,4.2476409167768736e-08
207,186,0.4212036002330095,0.4212036530825723,5.284956278162056e-08
207,194,0.4127130184663758,0.41271302979389524,1.1327519422454913e-08
207,199,0.44056760222720304,0.44056764457912384,4.235192080370709e-08
207,202,0.39942957439895105,0.3994295755713097,1.1723586545997478e-09
207,212,0.42489272888437263,0.4248927497211959,2.0836823266812132e-08
207,215,0.41574629034828,0.4157462919939038,1.6456238038919935e-09
207,220,0.4167139473841494,0.4167139572235065,9.839357106855573e-09
207,228,0.43188848066800634,0.43188848166495214,9.96945803688476e-10
208,174,0.419444115105074,0.41944425954123693,1.4443616291881511e-07
208,187,0.4201203603632158,0.42012039435884646,3.399563064387934e-08
208,195,0.4270035087836308,0.4270035934156216,8.463199080432915e-08
208,200,0.41551411728845433,0.4155141255121208,8.223666470019708e-09
208,203,0.42023592063552934,0.4202359783670754,5.7731546043715554e-08
208,213,0.4198215399593491,0.41982154084199746,8.826483433033161e-10
208,216,0.41084697650080915,0.4108470106222275,3.4121418357457856e-08
208,221,0.4486510928056613,0.448651096766071,3.9604097223922e-09
208,229,0.4217800932108629,0.42178009607780287,2.8669399632086368e-09
209,175,0.4149936129762589,0.41499361317124633,1.9498741510304285e-10
209,188,0.4421126622085797,0.44211266223310497,2.4525270703179558e-11
209,196,0.4221376870082557,0.4221376871927377,1.8448198524367854e-10
209,201,0.4231716668677031,0.42317166687784064,1.0137557460154767e-11
209,204,0.43256378918621585,0.4325637896762221,4.900062577917197e-10
209,214,0.3891606270600052,0.3891606270635027,3.4974800833253994e-12
209,217,0.4071569915717488,0.40715699181290793,2.4115914820654893e-10
209,222,0.44237748716998687,0.4423774871890414,1.9054535727036637e-11
209,230,0.431183018933743,0.43118301896214406,2.840105928214598e-11
210,176,0.4306401844904565,0.4306401844908574,4.0090153419214403e-13
210,189,0.42364033592299716,0.4236403359240661,1.0689227281091007e-12
210,197,0.4120223848241923,0.4120223848244473,2.5501822875639846e-13
210,202,0.41380141400891973,0.4138014140117174,2.797650999752932e-12
210,205,0.4285471865106371,0.42854718651116136,5.242473122279989e-13
210,215,0.40815696947051683,0.40815696947434293,3.826106098614446e-12
210,218,0.41370177341627,0.4137017734163412,7.116529587847253e-14
210,223,0.40573566817774304,0.40573566817829526,5.522249324485529e-13
210,231,0.40667650578818715,0.4066765057883948,2.0766721675613553e-13
211,177,0.4197729061948415,0.41977294427914286,3.8084301379193164e-08
211,190,0.42180821827222315,0.42180826688481826,4.8612595116015456e-08
211,198,0.4250716606556879,0.42507167096974174,1.0314053833226922e-08
211,203,0.41213919230920987,0.41213922750838095,3.519917107785986e-08
211,206,0.4021263410800331,0.4021263417058694,6.258363272060308e-10
211,216,0.40818771656558483,0.40818773739247055,2.0826885716029864e-08
211,219,0.4064931717114786,0.40649317239510496,6.836263777287854e-10
211,224,0.4508731576771412,0.4508731615824038,3.9052626132907164e-09
211,232,0.4012997656136839,0.4012997660079794,3.942954851510194e-10
212,178,0.4249724749662705,0.42497376207620324,1.2871099327460556e-06
212,191,0.40281469912997975,0.4028152348995341,5.357695543328767e-07
212,199,0.39605231863684237,0.3960527031694942,3.8453265183147067e-07
212,204,0.4232315655206127,0.4232316518346314,8.63140187101763e-08
212,207,0.4228844278408383,0.42288448774479453,5.990395623989286e-08
212,217,0.4182754922617053,0.4182755243218314,3.206012610945663e-08
212,220,0.41704839893513096,0.41704844354335946,4.4608228499942726e-08
212,225,0.4105370912855385,0.4105371022685291,1.0982990572561135e-08
212,233,0.410186207219111,0.41018621483574924,7.616638264540398e-09
213,179,0.42620310308058373,0.42620310313132315,5.0739412671418904e-11
213,192,0.42234756884787106,0.42234756885257996,4.708899936645139e-12
213,200,0.39161661638114287,0.39161661648453727,1.0339440414952605e-10
213,205,0.414201513303837,0.41420151330676996,2.9329871864547385e-12
213,208,0.3898872710047443,0.38988727126946376,2.6471946856787554e-10
213,218,0.4202228616721012,0.42022286167242295,3.2174263253637037e-13
213,221,0.4162806855278922,0.41628068558161885,5.372663425262658e-11
213,226,0.4062603357274398,0.40626033572970416,2.264355369874238e-12
213,234,0.40399625256887234,0.4039962525714225,2.5501822875639846e-12
214,180,0.41087989890110127,0.41087989890127846,1.7719159473017498e-13
214,193,0.41114533833832506,0.4111453383387278,4.0273340218277554e-13
214,201,0.4016614858790142,0.40166148587934936,3.3517633113433476e-13
214,206,0.4080751191185916,0.4080751191200757,1.484090628167678e-12
214,209,0.41915463255637947,0.419154632557632,1.2525536163821016e-12
214,219,0.4041746087303753,0.4041746087319898,1.6144863224099026e-12
214,222,0.40746577128442235,0.4074657712848579,4.355404925604489e-13
214,227,0.43859781113312996,0.4385978111334451,3.151368055398507e-13
215,181,0.41326614291082514,0.4132661432416843,3.308591733919286e-10
215,194,0.4245311572659202,0.4245311578106244,5.447041706574396e-10
215,202,0.4019529177347449,0.4019529178369381,1.0219319834803287e-10
215,207,0.4224638004938028,0.4224638010970352,6.032324084692675e-10
215,210,0.40389814999248796,0.4038981500018404,9.352407737139856e-12
215,220,0.4273647370184764,0.4273647374930178,4.745414061702036e-10
215,223,0.4158359794200804,0.41583597943208006,1.199967902820731e-11
215,228,0.4176650952229712,0.41766509531105217,8.808098694856881e-11
216,182,0.4059554383915016,0.40595666304255645,1.22465105484304e-06
216,190,0.4196809879377916,0.4196815000217156,5.12083923986939e-07
216,195,0.4267524651188073,0.4267530076991508,5.42580343487753e-07
216,203,0.4383008828789963,0.4383012304172813,3.475382849837949e-07
216,208,0.40982580240260474,0.40982588909961487,8.669701012653519e-08
216,211,0.4136030448666568,0.413603098851317,5.3984660242090143e-08
216,221,0.4241098159685817,0.4241098280703319,1.2101750157533786e-08
216,224,0.4177290137497189,0.4177290366324791,2.288276024220437e-08
216,229,0.4082064251360348,0.408206434451371,9.315336224613446e-09
217,183,0.43633885432979225,0.43633886847904585,1.4149253602102618e-08
217,191,0.4179116188491938,0.417911646384325,2.7535131175149274e-08
217,196,0.41773513826308595,0.41773514023567154,1.9725855948671267e-09
217,204,0.42666314257496296,0.4266631520415992,9.466636252675187e-09
217,209,0.4166307516721664,0.4166307522584793,5.863128871297363e-10
217,212,0.4200707862638558,0.4200707966800649,1.0416209117458664e-08
217,222,0.3989849413052948,0.3989849414760587,1.7076384750680518e-10
217,225,0.45402536146005856,0.45402536311026537,1.6502068045376461e-09
217,230,0.39694719001610246,0.39694719027470027,2.585978098323949e-10
218,184,0.40292121791919616,0.4029212179191968,6.106226635438361e-16
218,192,0.4119902562832745,0.41199025628334446,6.994405055138486e-14
218,197,0.42959943440799186,0.4295994344080048,1.2934098236883074e-14
218,205,0.4157953117745178,0.415795311774565,4.723998969780041e-14
218,210,0.4155671133929767,0.4155671133929962,1.9484414082171497e-14
218,213,0.416582415776376,0.41658241577660565,2.2964963264371363e-13
218,223,0.43753816864765577,0.4375381686476809,2.5146551507759796e-14
218,226,0.43231114173582497,0.43231114173586027,3.530509218307998e-14
218,231,0.3989430686311523,0.39894306863116313,1.0824674490095276e-14
219,185,0.4410773425779665,0.44107734268910925,1.1114276166068748e-10
219,193,0.43982190162756163,0.43982190163335666,5.7950311216359296e-12
219,198,0.4336885164582298,0.4336885167167298,2.584999991839254e-10
219,206,0.42941617837846274,0.42941617839921,2.074723726153138e-11
219,211,0.4375847381150816,0.43758473834058537,2.2550378231400714e-10
219,214,0.4343389395740516,0.4343389395752805,1.2289058659575858e-12
219,224,0.42002303450910566,0.4200230346100624,1.0095674296550783e-10
219,227,0.40584289896972026,0.40584289897387454,4.154288024693642e-12
219,232,0.4280266262385227,0.42802662625170557,1.318284370555034e-11
220,186,0.40424159640102675,0.4042416351585348,3.8757508036280086e-08
220,194,0.42856847070362586,0.4285684790889906,8.385364735907785e-09
220,199,0.4154957125343879,0.4154957436087275,3.1074339601477874e-08
220,207,0.42197886501364873,0.4219788745996825,9.586033744568567e-09
220,212,0.392333485790876,0.39233350110045223,1.5309576217870102e-08
220,215,0.4199072015303121,0.4199072027634687,1.2331566323631193e-09
220,225,0.40679625532474917,0.4067962576254818,2.3007326599433497e-09
220,228,0.4182313682487859,0.41823136899638486,7.475989827199214e-10
220,233,0.4148049031002869,0.4148049044961391,1.3958522115942174e-09
221,187,0.42456769626234164,0.4245676999446381,3.682296467744095e-09
221,200,0.407005435451974,0.4070054363689228,9.169487946714128e-10
221,208,0.40572635107683536,0.4057263535844989,2.5076635212784026e-09
221,213,0.4168617257364196,0.4168617258421109,1.0569128905402181e-10
221,216,0.4419312021811392,0.4419312056243835,3.4432443007936797e-09
221,226,0.4128850797599122,0.4128850797764787,1.656652592885166e-11
221,229,0.43721503674195006,0.4372150370649572,3.230071210502672e-10
221,234,0.43465438387966204,0.43465438389829686,1.8634815912577096e-11
222,188,0.42268327608114875,0.42268327608834005,7.191303108555758e-12
222,201,0.41587990477876197,0.4158799047817617,2.9997115902347105e-12
222,209,0.4273997334906253,0.42739973350801325,1.7387924433620583e-11
222,214,0.41570459807381643,0.4157045980748731,1.0566547636869927e-12
222,217,0.4500905204521063,0.4500905205186497,6.654338191580678e-11
222,227,0.42453936328289016,0.4245393632849032,2.013056388250334e-12
222,230,0.43604580857804204,0.4360458085861389,8.096856518591267e-12
222,235,0.4304514957224655,0.43045149572428204,1.8165469128916811e-12
223,189,0.43235069263833437,0.43235069263972464,1.3902767825868523e-12
223,202,0.42542672849925683,0.42542672850290275,3.645916901717783e-12
223,210,0.42120565704639784,0.4212056570469636,5.657696533489798e-13
223,215,0.4169697285653194,0.41696972857030684,4.987454893523591e-12
223,218,0.41416985884937074,0.4141698588494639,9.314771176605063e-14
223,226,0.421520896326965,0.42152089632747264,5.076494780098528e-13
223,228,0.40845495083404487,0.40845495083724437,3.1994962235160074e-12
223,231,0.4188161121540537,0.41881611215432224,2.6856294965682537e-13
223,236,0.412899656376213,0.41289965637667797,4.649614027130156e-13
224,203,0.4051768477452042,0.4051768621143662,1.4369162026905968e-08
224,211,0.41532560469054997,0.41532560838069593,3.6901459665728e-09
224,216,0.42773665085305856,0.4277366593713454,8.518286853664847e-09
224,219,0.4117715781080826,0.41177157839222744,2.84144818785137e-10
224,227,0.4326813413827001,0.4326813414334696,5.0769499715386246e-11
224,229,0.42768842352623154,0.42768842425392656,7.276950153567441e-10
224,232,0.41227608508837293,0.41227608525229986,1.6392692758770977e-10
224,237,0.41368355400627826,0.41368355406339186,5.7113591633850547e-11
225,204,0.42555444529378794,0.42555444828681044,2.993022496511344e-09
225,212,0.4199461277885312,0.41994613078436144,2.995830250540621e-09
225,217,0.4291014604932484,0.42910146178708175,1.2938333737722019e-09
225,220,0.4292989562652409,0.42929895790278,1.6375391043155219e-09
225,228,0.43650501368926686,0.43650501389191987,2.0265300548771847e-10
225,230,0.44733467417741674,0.4473346742751868,9.777006981792624e-11
225,233,0.40403106874030364,0.4040310690687011,3.2839747587942725e-10
225,238,0.4090465880961795,0.40904658813927597,4.309647083644563e-11
226,205,0.41812512773624233,0.41812512773661514,3.7281289166912757e-13
226,213,0.40453060273026104,0.40453060273203123,1.7701951016135808e-12
226,218,0.4298098750192653,0.4298098750193053,3.9968028886505635e-14
226,221,0.44285637791584254,0.4428563779229246,7.082057162932642e-12
226,223,0.40208578041187193,0.4020857804120017,1.297850715786808e-13
226,229,0.4459657350924937,0.4459657350974683,4.974576306437939e-12
226,231,0.40265593391197047,0.4026559339120259,5.545564008002657e-14
226,234,0.43708704166046874,0.4370870416607909,3.2213121059498917e-13
226,236,0.4231728724869458,0.4231728724870348,8.89843754237063e-14
227,206,0.4201119088987098,0.420111908902407,3.697209205455465e-12
227,214,0.43007269730900394,0.4300726973092493,2.453592884421596e-13
227,219,0.4031404163625728,0.403140416366613,4.040212608913407e-12
227,222,0.3944814292506334,0.3944814292512018,5.683786774568489e-13
227,224,0.4133729061666192,0.4133729061873594,2.0740187345325012e-11
227,230,0.4227373257638331,0.4227373257646483,8.151812558310212e-13
227,232,0.4183383626042212,0.4183383626065672,2.3460122733354183e-12
227,235,0.43613338722704365,0.4361333872272791,2.354783035229957e-13
227,237,0.4125883591030432,0.4125883591038714,8.282263763703668e-13
228,207,0.4050828753025796,0.40508287566007345,3.5749386784189596e-10
228,215,0.41450846875850117,0.414508468843698,8.519684957519758e-11
228,220,0.41768352537766584,0.4176835256591432,2.8147734143502134e-10
228,223,0.4121441019479988,0.4121441019553233,7.324529871510777e-12
228,225,0.4334994053705394,0.43349940549031185,1.197724697199476e-10
228,231,0.4132207743583369,0.41322077436087434,2.5374702339320265e-12
228,233,0.420871960214174,0.42087196027819584,6.402184338227812e-11
228,236,0.41546005859225715,0.41546005859801477,5.757616605706062e-12
228,238,0.40999464616395925,0.40999464617676257,1.280331396458223e-11
229,208,0.4286239998848527,0.4286240019900766,2.105223884107943e-09
229,216,0.4163223071034762,0.41632231008167886,2.978202684467135e-09
229,221,0.4463776824906808,0.44637768286279883,3.721180030780147e-10
229,224,0.3935423259378994,0.3935423265227683,5.848689310639088e-10
229,226,0.40970535325147783,0.40970535326476665,1.3288814493250811e-11
229,232,0.4185632605049911,0.41856326056680804,6.181694045537256e-11
229,234,0.4132521327696188,0.4132521327845633,1.4944490089874307e-11
229,237,0.4049663318782082,0.4049663318997781,2.1569912522778623e-11
230,209,0.43183400683008455,0.43183400685649964,2.64150923356965e-11
230,217,0.4316318467494761,0.43163184685048456,1.0100847935845536e-10
230,222,0.41652545184916734,0.41652545185743883,8.271494600364804e-12
230,225,0.40746121709618466,0.40746121714778555,5.1600890227376794e-11
230,227,0.4150383050532681,0.4150383050562218,2.9536928458639977e-12
230,233,0.4326369871118494,0.4326369871391242,2.727479353481499e-11
230,235,0.41380032499336883,0.4138003249961167,2.7478574970984937e-12
230,238,0.4292231482295705,0.4292231482354556,5.885125720084261e-12
231,210,0.4161047964181305,0.4161047964183166,1.861288900784075e-13
231,218,0.4248575682655695,0.42485756826560056,3.108624468950438e-14
231,223,0.41841089526415126,0.4184108952643858,2.345346139520643e-13
231,226,0.4106083005397574,0.41060830053994046,1.8307577676068831e-13
231,228,0.4309088062392922,0.43090880624029876,1.0065837052763982e-12
231,234,0.44044413343725747,0.4404441334374614,2.0394796962364126e-13
231,236,0.42704447244505134,0.42704447244520216,1.5082379789532752e-13
231,239,0.4511512669306112,0.4511512669307249,1.1368683772161603e-13
232,211,0.41507742130518255,0.4150774214346569,1.2947437566523945e-10
232,219,0.42239073515640274,0.42239073516929615,1.2893408563030562e-11
232,224,0.44196844415462816,0.4419684442125256,5.789746460038714e-11
232,227,0.417029068515428,0.41702906851779054,2.362554596402333e-12
232,229,0.42878229671954105,0.4287822967477901,2.8249069750074796e-11
232,235,0.40224111595510226,0.4022411159557047,6.024625243128412e-13
232,237,0.4265339620177661,0.42653396202039745,2.6313395906640835e-12
232,239,0.4342428481175956,0.43424284811806146,4.658495811327157e-13
233,212,0.40881282998498786,0.40881283238601585,2.401027987541937e-09
233,220,0.4275565143736628,0.42755651557242913,1.1987663084411793e-09
233,225,0.4139888172018511,0.4139888175932524,3.9140130025927533e-10
233,228,0.4138887236037226,0.41388872373679847,1.3307588364597223e-10
233,230,0.42599236989465106,0.42599236995757894,6.292788512496372e-11
233,235,0.4288023221354713,0.42880232214787595,1.2404632876439337e-11
233,236,0.4401811590730766,0.4401811590850293,1.1952716594265667e-11
233,238,0.4291629697161019,0.4291629697432447,2.7142788017187058e-11
233,239,0.4122805107980772,0.41228051080812195,1.0044742815296104e-11
234,213,0.4041052384062877,0.4041052384082575,1.969813201441184e-12
234,221,0.42251778682651053,0.4225177868343765,7.865985640620465e-12
234,226,0.41425894864194124,0.4142589486422597,3.1846747461372615e-13
234,229,0.41100903688227264,0.4110090368877955,5.5228599471490725e-12
234,231,0.4059195142340573,0.40591951423411876,6.145084441300241e-14
234,236,0.4247347513123618,0.4247347513124679,1.0608181000293371e-13
234,237,0.4315686989390384,0.43156869893953576,4.973799150320701e-13
234,239,0.4075046468402958,0.40750464684038806,9.225953334635051e-14
235,222,0.41643436641489345,0.4164343664164285,1.5350498649979727e-12
235,227,0.42003110727761966,0.4200311072782602,6.405431740574841e-13
235,230,0.42265690878660345,0.42265690878886897,2.2655211040500944e-12
235,232,0.4088347160060999,0.40883471600791704,1.817157535555225e-12
235,233,0.4190782862142424,0.4190782862189749,4.7324921759184235e-12
235,237,0.40182014971507674,0.4018201497157449,6.681877273706505e-13
235,238,0.41005638148801554,0.41005638148911977,1.1042278202921807e-12
235,239,0.4176319991817195,0.41763199918211263,3.9312997301976793e-13
236,223,0.4233997818894424,0.42339978189011196,6.695755061514319e-13
236,226,0.4172782981155871,0.41727829811596995,3.8286041004198523e-13
236,228,0.4230866688069632,0.4230866688110592,4.096001315900821e-12
236,231,0.41761194360515835,0.4176119436053996,2.412514632510465e-13
236,233,0.41705590999292685,0.4170559099974057,4.4788617259428065e-12
236,234,0.4170292777325599,0.4170292777329887,4.288236432614667e-13
236,237,0.4118283351502123,0.4118283351508708,6.585287870564116e-13
236,238,0.42153765024790135,0.42153765024897216,1.0708101072509635e-12
236,239,0.410951067709476,0.4109510677098568,3.808064974464287e-13
237,224,0.42602454449494703,0.42602454451631855,2.1371515668278107e-11
237,227,0.43218139399965305,0.4321813940004792,8.261724637748102e-13
237,229,0.43299965616664043,0.4329996561768597,1.0219269874767178e-11
237,232,0.43248955239546105,0.43248955239806747,2.6064150837612488e-12
237,234,0.4320024502830778,0.4320024502837396,6.618039449790558e-13
237,235,0.43320640219580375,0.4332064021960312,2.274291865944633e-13
237,236,0.4179814385068321,0.4179814385070286,1.965094753586527e-13
237,238,0.42853960360527166,0.42853960360567434,4.026778910315443e-13
237,239,0.4254209754627362,0.4254209754629099,1.7369439220260574e-13
238,225,0.4139718123347308,0.41397181235461045,1.9879653478938053e-11
238,228,0.40847618056066326,0.4084761805701076,9.444334203578819e-12
238,230,0.40273603772809524,0.4027360377331277,5.032474437172141e-12
238,233,0.4020935115140048,0.4020935115243555,1.0350720280882797e-11
238,235,0.4397651076018044,0.43976510760296394,1.1595724380697447e-12
238,236,0.44263442791321034,0.4426344279143331,1.1227685448034208e-12
238,237,0.39014738437760715,0.3901473843790509,1.4437340212225536e-12
238,239,0.43483509722840863,0.4348350972292804,8.717471189356729e-13
239,231,0.4065994666442137,0.406599466644407,1.9328982858723975e-13
239,232,0.4353643054391246,0.43536430544048776,1.3631873407859985e-12
239,233,0.4172508443645852,0.41725084436875126,4.166056388754669e-12
239,234,0.4295132295172986,0.4295132295176246,3.260169911811772e-13
239,235,0.40225025572480033,0.40225025572522616,4.258260410949788e-13
239,236,0.42524334014343684,0.42524334014385046,4.1361358782410207e-13
239,237,0.4235881979234115,0.42358819792391394,5.024314297941146e-13
239,238,0.4338216606005342,0.4338216606014436,9.09439190621697e-13
