source,target,before,after,delta
0,1,0.4041398459656279,0.4041398459656477,1.9817480989559044e-14
0,2,0.41904119730176764,0.4190411973018151,4.746203430272544e-14
0,3,0.43113632286511466,0.4311363228652681,1.5343282200319663e-13
0,4,0.4243421038871711,0.424342103887431,2.5990321006474915e-13
0,5,0.4256063304079141,0.42560633040839163,4.775069228912798e-13
0,6,0.42137524732975645,0.42137524732977377,1.7319479184152442e-14
0,7,0.4360904812355299,0.4360904812355598,2.992051051364797e-14
0,8,0.4176049139665533,0.41760491396714156,5.882516695976392e-13
1,0,0.43493668030403854,0.43493668030404664,8.104628079763643e-15
1,2,0.3994713480267712,0.3994713480267759,4.718447854656915e-15
1,3,0.41693996347531115,0.41693996347532486,1.3711254354120683e-14
1,4,0.41794888789769047,0.4179488878977302,3.9745984281580604e-14
1,6,0.43029197905608013,0.4302919790560811,9.43689570931383e-16
1,9,0.442728129071407,0.44272812907150894,1.0191847366058937e-13
1,11,0.4139174904527728,0.41391749045278164,8.826273045769994e-15
1,14,0.41024217070633895,0.4102421707063451,6.161737786669619e-15
2,0,0.42646961139165396,0.42646961139169187,3.7914116290949096e-14
2,1,0.4203416927747398,0.4203416927747508,1.099120794378905e-14
2,3,0.3890566685999321,0.3890566686000165,8.43769498715119e-14
2,4,0.4049834127710237,0.40498341277117955,1.5587531265737198e-13
2,5,0.42044802864155895,0.42044802864181197,2.530198273120732e-13
2,7,0.40729616468989305,0.40729616468991153,1.8485213360008856e-14
2,10,0.42693342044789445,0.4269334204480365,1.4205303600078878e-13
2,12,0.42612240362781373,0.42612240362815174,3.380073998471289e-13
2,15,0.41047655940003175,0.4104765594000549,2.3148150063434514e-14
3,0,0.43450184371675704,0.43450184371697825,2.2121193765656244e-13
3,1,0.4193194410907787,0.4193194410908344,5.573319583618286e-14
3,2,0.4204580940011169,0.42045809400126394,1.4704903961160198e-13
3,5,0.4285877611307102,0.4285877611327679,2.0577428649914964e-12
3,6,0.41149174677440636,0.4114917467744539,4.75175454539567e-14
3,8,0.4211086870085228,0.4211086870110272,2.504441098949428e-12
3,11,0.42418902302714123,0.42418902302738104,2.398081733190338e-13
3,13,0.4132291989062689,0.41322919891123083,4.961919763957212e-12
3,16,0.4031060107886021,0.403106010791412,2.80991896417504e-12
4,0,0.4285886703468236,0.42858867034691317,8.959499808725013e-14
4,1,0.4247255368951458,0.4247255368951995,5.367928324062632e-14
4,2,0.4343259403249845,0.4343259403250637,7.921441280700492e-14
4,6,0.41422451707245306,0.4142245170724992,4.6129766673175254e-14
4,7,0.4137963306012859,0.4137963306013787,9.281464485866309e-14
4,9,0.4483631854219689,0.44836318542398834,2.0194401706419285e-12
4,12,0.4259774984235758,0.425977498425321,1.7452150835595148e-12
4,17,0.4037191749250204,0.40371917494540155,2.0381141219161236e-11
5,0,0.4281147942705553,0.4281147942716469,1.091571277811454e-12
5,2,0.4328456465903869,0.43284564659106894,6.820655151784649e-13
5,3,0.42906590603573536,0.4290659060387394,3.0040414600307486e-12
5,8,0.43273483159564163,0.43273483161083764,1.5196011116103136e-11
5,10,0.40238009839099215,0.402380098396039,5.046851825341037e-12
5,13,0.42013313725784296,0.42013313729249346,3.4650504687760986e-11
5,18,0.4264891480957563,0.4264891481300077,3.425143502155947e-11
5,26,0.4328982224803667,0.4328982226034904,1.2312373343092986e-10
6,0,0.4220500210257339,0.4220500210257397,5.773159728050814e-15
6,1,0.44005737319907906,0.4400573731990796,5.551115123125783e-16
6,3,0.4304584081582137,0.43045840815822534,1.1657341758564144e-14
6,4,0.42105167960732065,0.421051679607354,3.3362201889985954e-14
6,9,0.44019989009348226,0.4401998900935671,8.482103908136196e-14
6,11,0.4181345203946769,0.41813452039468396,7.049916206369744e-15
6,14,0.42419680629500545,0.42419680629500983,4.385380947269368e-15
6,19,0.4111928816829308,0.4111928816829308,0.0
6,27,0.4399704792882413,0.43997047928824556,4.274358644806853e-15
7,0,0.4288460331164863,0.428846033116496,9.71445146547012e-15
7,2,0.41868401791450305,0.41868401791450904,5.995204332975845e-15
7,4,0.4286382765151151,0.428638276515164,4.8905324234738146e-14
7,10,0.41816246834150134,0.4181624683415335,3.214095656289828e-14
7,12,0.41382111061122084,0.4138211106113275,1.0663692151524629e-13
7,15,0.44265926830380126,0.4426592683038074,6.161737786669619e-15
7,20,0.45884689855376215,0.4588468985539569,1.9473311851925246e-13
7,28,0.43103410360676303,0.43103410360677896,1.5931700403370996e-14
8,0,0.431783780396154,0.43178378039745646,1.3024581413390024e-12
8,3,0.4155276664664783,0.4155276664700347,3.556377414781764e-12
8,5,0.404954189570036,0.40495418958479634,1.4760359601240225e-11
8,11,0.4148919261180241,0.41489192611940695,1.3828382883218637e-12
8,13,0.41356487860005703,0.4135648786403086,4.02515798469949e-11
8,16,0.415974198073394,0.4159741980928405,1.9446499965880548e-11
8,21,0.41913614605649513,0.4191361462058445,1.4934936620747408e-10
8,29,0.42692351199182105,0.42692351206845947,7.66384178341184e-11
9,1,0.4292619047207493,0.4292619047208885,1.3916645613676337e-13
9,4,0.4085588093554799,0.4085588093575455,2.065625448466335e-12
9,6,0.42776277139724,0.4277627713973602,1.201816424156732e-13
9,12,0.4096149577543328,0.40961495775885903,4.5262127379430694e-12
9,14,0.4179740848128365,0.41797408481325055,4.1405767703395213e-13
9,17,0.41775966624545746,0.41775966629795896,5.250150314495272e-11
9,22,0.44210809797941464,0.44210809799164275,1.2228107415523937e-11
9,30,0.4259775340554558,0.4259775341434131,8.795730810362556e-11
10,2,0.4263317369841858,0.4263317369844273,2.4147350785597155e-13
10,5,0.41321405085827945,0.4132140508614835,3.2040481379169705e-12
10,7,0.4154919951600231,0.4154919951601633,1.4016565685892601e-13
10,13,0.413129704007702,0.41312970401502946,7.327471962526033e-12
10,15,0.41137866930867234,0.4113786693088518,1.7946755193065655e-13
10,18,0.42190679318607055,0.42190679319441515,8.34460278653637e-12
10,23,0.4219430264251548,0.4219430264263928,1.238009694759512e-12
10,31,0.4201582296478032,0.42015822965641225,8.609057911002083e-12
11,1,0.4130783637310064,0.4130783637310289,2.248201624865942e-14
11,3,0.4019002834145081,0.4019002834146669,1.5876189252139739e-13
11,6,0.4160752475254836,0.41607524752550273,1.915134717478395e-14
11,8,0.40547635255183967,0.4054763525524341,5.944134073843088e-13
11,14,0.39538151250447723,0.3953815125045183,4.107825191113079e-14
11,16,0.42484505304579917,0.42484505304650444,7.052691763931307e-13
11,19,0.4093672064760835,0.4093672064760991,1.559863349598345e-14
11,24,0.4031872404971313,0.40318724049740384,2.7255975254547593e-13
11,32,0.43004263340238535,0.43004263340244847,6.311617894994015e-14
12,2,0.4185874464404601,0.4185874464406295,1.694200335577989e-13
12,4,0.42431169063175794,0.4243116906334502,1.6922574452848949e-12
12,7,0.39974401323001735,0.3997440132302154,1.9806378759312793e-13
12,9,0.41591597985121953,0.4159159798555099,4.290345856361455e-12
12,15,0.4034590364711603,0.40345903647136905,2.0872192862952943e-13
12,17,0.4216560153369396,0.4216560153799937,4.305411582805618e-11
12,20,0.42505079140774304,0.42505079141443974,6.6966987510852505e-12
12,25,0.4042895175946567,0.40428951765246995,5.781325418396932e-11
12,33,0.4168533973879712,0.41685339741120525,2.323402581438927e-11
13,3,0.3962815939133415,0.39628159392637163,1.303013252851315e-11
13,5,0.43369027725371767,0.4336902773202601,6.654243822623584e-11
13,8,0.4236713926401802,0.42367139271933446,7.915423871907024e-11
13,10,0.4043025180866115,0.4043025181078593,2.1247781312183633e-11
13,16,0.4136115048389094,0.4136115049204383,8.152889474644098e-11
13,18,0.41794149524958707,0.41794149544076387,1.9117679661562192e-10
13,21,0.4091940081998871,0.409194009351233,1.1513459075018773e-09
13,26,0.39331943787544843,0.39331943899270255,1.1172541225512589e-09
13,34,0.4359870585135862,0.4359870606072634,2.0936771760737827e-09
14,1,0.4143922200035683,0.4143922200035683,0.0
14,6,0.42660442646809005,0.42660442646809005,0.0
14,9,0.4114030483427176,0.4114030483427418,2.4147350785597155e-14
14,11,0.39939529053677536,0.39939529053677536,0.0
14,19,0.4300825143254568,0.4300825143254568,0.0
14,22,0.4169128587334869,0.4169128587335432,5.6343818499726694e-14
14,27,0.40770608936850555,0.4077060893685061,5.551115123125783e-16
14,35,0.4347786695513596,0.43477866955141536,5.5788706987414116e-14
15,2,0.44621565414043934,0.4462156541404519,1.2545520178264269e-14
15,7,0.41946973949893873,0.4194697394989483,9.547918011776346e-15
15,10,0.41037459933897236,0.4103745993390237,5.134781488891349e-14
15,12,0.4298996456699504,0.42989964567013156,1.811328864675943e-13
15,20,0.4023639600911741,0.4023639600915041,3.300137940698278e-13
15,23,0.4169558269187598,0.4169558269188049,4.5075054799781356e-14
15,28,0.40683276444836636,0.4068327644483952,2.886579864025407e-14
15,36,0.43412455609872647,0.4341245560987587,3.22519788653608e-14
16,3,0.4416422909657085,0.4416422909693129,3.604394560596802e-12
16,8,0.4246364642228347,0.42463646424038953,1.7554846465372975e-11
16,11,0.4342834623251488,0.4342834623265954,1.446620601086579e-12
16,13,0.4073747576230451,0.4073747576611984,3.8153313841604586e-11
16,21,0.42660457053119294,0.42660457066959506,1.3840212309546018e-10
16,24,0.4235266775148461,0.4235266775208123,5.966227512033129e-12
16,29,0.42546360500072683,0.42546360507407216,7.334532980962649e-11
16,37,0.4343427974232718,0.4343427974513627,2.8090918480216942e-11
16,50,0.4252854376045425,0.4252854376954296,9.088707564330889e-11
17,4,0.44138773078888754,0.441387730849304,6.041644962095916e-11
17,9,0.42511230510442344,0.42511230525855126,1.5412782161661198e-10
17,12,0.4152667425240658,0.4152667426555775,1.3151169042657784e-10
17,22,0.41251217834698484,0.41251217870998685,3.6300201733396875e-10
17,25,0.4140307911323446,0.4140307938199427,2.6875980885243678e-09
17,30,0.41548928638274524,0.4154892897958314,3.4130861470416107e-09
17,38,0.4135965350120956,0.4135965435267373,8.514641713919247e-09
17,51,0.4177617181826272,0.4177617362962811,1.811365391013453e-08
18,5,0.422114361342058,0.4221143613797422,3.7684189102549226e-11
18,10,0.43506647495326917,0.43506647496796597,1.4696799333080435e-11
18,13,0.4240590593654935,0.4240590594720614,1.0656792115426583e-10
18,23,0.4416296384825229,0.44162963849368025,1.1157352819424204e-11
18,26,0.4197743719582173,0.4197743723431216,3.849042751191689e-10
18,31,0.4146080313579836,0.4146080314644227,1.0643913528340931e-10
18,39,0.41438676650492806,0.4143867669949598,4.900317374101348e-10
18,52,0.4173448566437326,0.4173448570768395,4.3310688369047057e-10
19,6,0.42767644311746855,0.4276764431174711,2.55351295663786e-15
19,11,0.4276967464543535,0.4276967464543642,1.0658141036401503e-14
19,14,0.43555063484258344,0.4355506348425912,7.771561172376096e-15
19,24,0.4053896663716063,0.40538966637163865,3.236300116782331e-14
19,27,0.4111692949673418,0.4111692949673493,7.494005416219807e-15
19,32,0.416580226687726,0.4165802266877344,8.43769498715119e-15
19,40,0.4223020951854221,0.42230209518542794,5.828670879282072e-15
19,45,0.420987320340356,0.42098732034037173,1.5709655798445965e-14
19,53,0.41443631693749466,0.414436316937495,3.3306690738754696e-16
20,7,0.40840527802696547,0.40840527802734017,3.7470027081099033e-13
20,12,0.41395184286285264,0.41395184286986986,7.017220138294533e-12
20,15,0.4234017323726543,0.42340173237304984,3.95516952522712e-13
20,25,0.43240242427748793,0.4324024243867918,1.093038437538496e-10
20,28,0.4059495097533091,0.40594950975446437,1.1552425682737066e-12
20,33,0.4152406288945505,0.4152406289385013,4.395078745389469e-11
20,41,0.4322396791895018,0.43223967919198836,2.486566508252963e-12
20,46,0.41800574251287353,0.4180057427443451,2.3147156413827474e-10
20,54,0.4412030395208438,0.4412030395631826,4.2338799133290195e-11
21,8,0.423316096660823,0.4233160970776482,4.168252409897377e-10
21,13,0.4237727422798311,0.4237727437455316,1.4657005054097283e-09
21,16,0.40487825926946086,0.4048782596902152,4.2075432027388615e-10
21,26,0.3891292599226557,0.3891292667477037,6.825048026737335e-09
21,29,0.41404872161212936,0.41404872406669563,2.454566272458436e-09
21,34,0.44588058679109654,0.44588060064779184,1.3856695291192267e-08
21,42,0.43607007693918376,0.43607008953217763,1.2592993869908753e-08
21,47,0.42283785682869013,0.42283788594283844,2.9114148314413058e-08
21,55,0.4082179403153026,0.4082179791475201,3.883221749712007e-08
22,9,0.429311885123244,0.4293118851359148,1.2670808846593218e-11
22,14,0.42114462989179513,0.42114462989279705,1.0019207685729725e-12
22,17,0.44019431656894714,0.44019431669592307,1.26975929770623e-10
22,27,0.391913160395923,0.39191316039689633,9.733325256888747e-13
22,30,0.405375941737785,0.4053759419505073,2.127222842318588e-10
22,35,0.42324540428157126,0.42324540431086877,2.929750886337956e-11
22,43,0.43811506582585835,0.4381150661288172,3.0295882469388857e-10
22,48,0.43031708120099077,0.43031708121730966,1.631889068320902e-11
22,56,0.4033950277635022,0.4033950280052384,2.4173618662359786e-10
23,10,0.41431893247857715,0.4143189324795658,9.88653603428702e-13
23,15,0.42754513490472634,0.4275451349048661,1.397770788003072e-13
23,18,0.43343797262760636,0.4334379726322615,4.655165142253281e-12
23,28,0.4418117446245901,0.4418117446249097,3.195776976383513e-13
23,31,0.4015688991851449,0.4015688991899526,4.807709785836778e-12
23,36,0.4159493641435544,0.4159493641441499,5.95523630408934e-13
23,44,0.42538179703484286,0.42538179703913104,4.288180921463436e-12
23,49,0.45560287041146647,0.4556028704116236,1.571520691356909e-13
23,57,0.3995753211667172,0.39957532116822425,1.5070722447774187e-12
24,11,0.39268396353444684,0.39268396353483154,3.8469227803261674e-13
24,16,0.4265110969071186,0.4265110969114229,4.304334666471732e-12
24,19,0.4238807414941031,0.4238807414941726,6.94999613415348e-14
24,29,0.4145409426393637,0.41454094265372166,1.4357959265964837e-11
24,32,0.4143971482956291,0.41439714829593216,3.030353745714365e-13
24,37,0.4110471269791199,0.41104712698523277,6.112887973586112e-12
24,45,0.4185368330067956,0.41853683300729677,5.011546733157957e-13
24,58,0.42926241364331813,0.4292624136465695,3.251343638766002e-12
25,12,0.4036671535766596,0.40366715375297035,1.7631074378243738e-10
25,17,0.405509800256349,0.4055098029394392,2.6830902499774822e-09
25,20,0.40925300471223847,0.40925300503424483,3.2200636601587007e-10
25,30,0.42848369134009895,0.42848369591351443,4.573415479658394e-09
25,33,0.4097918919574811,0.40979189323442117,1.2769400536960518e-09
25,38,0.4276468637584507,0.42764687516267663,1.1404225952471592e-08
25,46,0.4046564840325163,0.4046564919368421,7.904325804997114e-09
25,59,0.40596430994641963,0.4059643410280678,3.108164814413783e-08
26,5,0.40815867946935336,0.40815867981612,3.4676661542221154e-10
26,13,0.4164548626315209,0.4164548640869564,1.4554355498574978e-09
26,18,0.4311036398021036,0.4311036408190333,1.0169297071094263e-09
26,21,0.43642590530543474,0.4364259122930817,6.987646961054139e-09
26,31,0.43363334506699847,0.4336333461122293,1.045230846319356e-09
26,34,0.4108305634752042,0.4108305774120523,1.3936848120010836e-08
26,39,0.434130657515,0.434130666338991,8.823990982342877e-09
26,47,0.41645397604240664,0.4164540053848383,2.9342431651091516e-08
26,60,0.40487443933381473,0.40487447685431505,3.75205003178003e-08
27,6,0.4230894446137163,0.4230894446137163,0.0
27,14,0.4160890455743162,0.4160890455743162,0.0
27,19,0.4263864659873725,0.4263864659873725,0.0
27,22,0.4159466114152123,0.41594661141525324,4.0967229608668276e-14
27,32,0.4288454260073244,0.4288454260073244,0.0
27,35,0.4169325708361747,0.41693257083621516,4.0467629247586956e-14
27,40,0.4041042321927532,0.4041042321927532,0.0
27,48,0.4322656505188678,0.43226565051889027,2.248201624865942e-14
27,61,0.42614203628053143,0.42614203628053987,8.43769498715119e-15
28,7,0.424196550844948,0.42419655084497154,2.353672812205332e-14
28,15,0.4125342441982667,0.4125342441982926,2.5923707624997405e-14
28,20,0.4248145048869017,0.4248145048877353,8.336109580397988e-13
28,23,0.43023600118680505,0.4302360011868831,7.80486786311485e-14
28,33,0.4223250232613777,0.4223250232644067,3.0289659669335833e-12
28,36,0.41369657564519835,0.4136965756452536,5.523359547510154e-14
28,41,0.4260816479774717,0.4260816479776288,1.5709655798445965e-13
28,49,0.41473624761498057,0.4147362476149976,1.7041923427996153e-14
28,62,0.4252729633975155,0.4252729633976362,1.2068124277675452e-13
29,8,0.41818254707428076,0.4181825471976236,1.2334283594483963e-10
29,16,0.42381763552816437,0.4238176356572072,1.2904283197556765e-10
29,21,0.41996887152823686,0.4199688730831164,1.5548795584408026e-09
29,24,0.43289646306007695,0.4328964630944024,3.432543138615074e-11
29,34,0.4118509684245033,0.41185097092902306,2.504519758250723e-09
29,37,0.43536883679728966,0.43536883699331247,1.9602280909580827e-10
29,42,0.42291491397013115,0.42291491668934633,2.7192151863530967e-09
29,50,0.42543714059509474,0.425437141293938,6.988432610377515e-10
29,63,0.4461736336026745,0.4461736377048277,4.102153228213723e-09
30,9,0.4204258319902184,0.42042583226153596,2.713175795143741e-10
30,17,0.41992466267612727,0.41992466622162394,3.545496674028925e-09
30,22,0.43054383686301506,0.43054383750216385,6.391487894497061e-10
30,25,0.42592458981232617,0.4259245945712356,4.758909433189018e-09
30,35,0.4269915004770993,0.4269915011107302,6.336309255061678e-10
30,38,0.42064990629209087,0.4206499214605972,1.516850633986877e-08
30,43,0.42574813844116455,0.42574814710813985,8.666975304105762e-09
30,51,0.4237026090618703,0.4237026413604426,3.229857231668021e-08
30,64,0.41034201197717873,0.41034205261707285,4.0639894116623054e-08
31,10,0.4256167225966653,0.4256167226117743,1.5109025142123755e-11
31,18,0.4238494884845383,0.4238494885906035,1.0606521216871556e-10
31,23,0.42024635425719503,0.42024635426867174,1.147670847245763e-11
31,26,0.4252023379511759,0.42520233834567506,3.944991555648869e-10
31,36,0.43256282881593255,0.432562828823942,8.009426455402036e-12
31,39,0.4130494253575766,0.4130494258597867,5.022101068341556e-10
31,44,0.4292002879102711,0.42920028800720883,9.693773561636476e-11
31,52,0.42078730692728566,0.4207873073711646,4.438789336091986e-10
31,65,0.42455786570696913,0.4245578659802883,2.7331914509431954e-10
32,11,0.4254901252563691,0.4254901252564319,6.27831120425526e-14
32,19,0.4213527353587347,0.42135273535874795,1.326716514427062e-14
32,24,0.4080528139082426,0.4080528139084568,2.1421753260142395e-13
32,27,0.42441671563551786,0.42441671563554917,3.1308289294429414e-14
32,37,0.4302843165555311,0.4302843165562898,7.586709038776007e-13
32,40,0.4365512668418912,0.43655126684191503,2.3814283878209608e-14
32,45,0.40590886387129516,0.405908863871381,8.58202398035246e-14
32,53,0.39909567561828435,0.3990956756182933,8.93729534823251e-15
32,66,0.41612771895166595,0.41612771895171363,4.7684078907650473e-14
33,12,0.41889579744896693,0.4188957974954125,4.644556961252988e-11
33,20,0.4241962065216138,0.4241962066061584,8.454464905938153e-11
33,25,0.43414052883504384,0.4341405297161909,8.811470442182667e-10
33,28,0.4259615116965774,0.42596151170387453,7.297107362802535e-12
33,38,0.4241571317330681,0.4241571343124945,2.5794263946998797e-09
33,41,0.40780343842676264,0.4078034384414323,1.466965438012835e-11
33,46,0.4206225129380531,0.42062251485525975,1.9172066711981017e-09
33,54,0.4213097813440703,0.4213097816301791,2.861088033156989e-10
33,67,0.389406906820771,0.3894069099323665,3.1115954812754865e-09
34,13,0.40447813668609467,0.40447814362518114,6.93908647209085e-09
34,21,0.4399923895839605,0.4399924292683393,3.968437883861142e-08
34,26,0.41980077714699193,0.41980081648798556,3.934099362945531e-08
34,29,0.4122698371185916,0.41226984714853127,1.0029939656597264e-08
34,39,0.4234505543227049,0.42345060574677057,5.142406567237856e-08
34,42,0.4216097618136561,0.42160983712794264,7.531428652951533e-08
34,47,0.4339424499811174,0.4339427867657156,3.367845982094053e-07
34,55,0.42519228722855096,0.4251927637657157,4.7653716472861873e-07
34,68,0.43509684304964025,0.43509795631239623,1.1132627559806707e-06
35,14,0.419263348436332,0.4192633484373282,9.96203119996153e-13
35,22,0.4370994094111884,0.4370994094406002,2.941180632376472e-11
35,27,0.41875225273975275,0.4187522527407208,9.680589663219052e-13
35,30,0.4370273357521071,0.4370273359636093,2.1150220463894698e-10
35,40,0.4159358712156509,0.4159358712163832,7.323031070427533e-13
35,43,0.41348052214699094,0.4134805224482133,3.012223803722236e-10
35,48,0.41216841033144425,0.41216841034766927,1.6225021326476963e-11
35,56,0.3965339848422307,0.39653398508258025,2.4034957357699227e-10
35,69,0.411573470422143,0.41157347055382176,1.3167877899178393e-10
36,15,0.41393736388600855,0.4139373638861067,9.814371537686384e-14
36,23,0.4143211212279903,0.41432112122857695,5.866418462119327e-13
36,28,0.4121873388152546,0.4121873388154775,2.2287727219350018e-13
36,31,0.4242903233430684,0.42429032334639183,3.323452624215406e-12
36,41,0.42555409472434047,0.425554094724737,3.9651615324487466e-13
36,44,0.41663424975490626,0.4166342497578704,2.964128942295474e-12
36,49,0.4002848650280425,0.40028486502815186,1.0935696792557792e-13
36,57,0.39740427207379087,0.39740427207483386,1.0429990204841033e-12
36,70,0.4227499464573531,0.422749946457731,3.779199175824033e-13
37,16,0.40772782336629637,0.40772782339699193,3.069555720713879e-11
37,24,0.4179774141478962,0.41797741415717493,9.278744439455977e-12
37,29,0.4179006358910179,0.41790063601143923,1.2042133956668977e-10
37,32,0.42242946047215196,0.422429460473881,1.7290613385512188e-12
37,42,0.4106058591750071,0.4106058595621443,3.8713721117744626e-10
37,45,0.4157966015032405,0.41579660150596,2.719491298819321e-12
37,50,0.4239511930557815,0.4239511932033901,1.4760859201601306e-10
37,58,0.4149409379375412,0.4149409379577175,2.0176305071117895e-11
37,71,0.4156933543338659,0.4156933544927308,1.588649212180826e-10
38,17,0.44540472503676815,0.44540474967087595,2.4634107809173855e-08
38,25,0.43957932497777386,0.43957935801196313,3.303418927291801e-08
38,30,0.4277637486481268,0.4277637915116421,4.2863515348212644e-08
38,33,0.3889771651276283,0.38897717489195033,9.764322017602467e-09
38,43,0.39497236981865785,0.3949724316769536,6.185829576343949e-08
38,46,0.41984418087888686,0.4198442565233491,7.56444622496133e-08
38,51,0.42094743035002624,0.4209478194528093,3.891027830493776e-07
38,59,0.42443154639691794,0.4244320732419304,5.268450124495949e-07
38,72,0.44643858161701244,0.4464398284003492,1.2467833367391101e-06
39,18,0.40728107560181115,0.4072810769278483,1.326037168958294e-09
39,26,0.419274250914968,0.41927425983676425,8.921796246230684e-09
39,31,0.4331393100552385,0.433139311418138,1.3628995154668644e-09
39,34,0.4243691663036066,0.4243691846108026,1.8307195981392965e-08
39,44,0.4239742713442326,0.4239742725489077,1.204675081911688e-09
39,47,0.42720002119274386,0.42720005975873343,3.8565989568528636e-08
39,52,0.41424341761563166,0.4142434278123487,1.0196717026289548e-08
39,60,0.43610585590780204,0.436105905229677,4.9321874973085045e-08
39,73,0.4320899238450817,0.4320899627574421,3.891236038944257e-08
40,19,0.40072193306662124,0.40072193306662124,0.0
40,27,0.44007044496950176,0.44007044496950176,0.0
40,32,0.4089559987543112,0.4089559987543112,0.0
40,35,0.4323133024842173,0.43231330248426164,4.4353409833775004e-14
40,48,0.4268963925399743,0.4268963925399987,2.4424906541753444e-14
40,53,0.41637850912330115,0.41637850912330115,0.0
40,61,0.435530026724635,0.435530026724644,9.048317650695026e-15
40,74,0.4060821163882114,0.4060821163882136,2.220446049250313e-15
41,20,0.42426869957419977,0.42426869957499913,7.993605777301127e-13
41,28,0.42178404958696547,0.42178404958703813,7.26640969617165e-14
41,33,0.4202847873386441,0.4202847873414863,2.8421709430404007e-12
41,36,0.41609262388966683,0.4160926238897175,5.0681681074138396e-14
41,49,0.42143439380902364,0.4214343938090377,1.404432126150823e-14
41,54,0.42247880833182655,0.4224788083345038,2.6772473127323337e-12
41,62,0.4240321706307712,0.4240321706308899,1.1868284133242923e-13
41,75,0.40797900370874984,0.407979003711805,3.055167230314737e-12
42,21,0.421572855429615,0.421572868965137,1.3535522036534076e-08
42,29,0.43027049070649287,0.4302704953529101,4.64641725095305e-09
42,34,0.43892248455536725,0.4389225119669013,2.7411534042620644e-08
42,37,0.4335486637380897,0.43354866495880584,1.2207161392829846e-09
42,50,0.4200727444908722,0.42007274918623055,4.695358379880332e-09
42,55,0.4238162691297225,0.42381634649085903,7.736113655232302e-08
42,63,0.4240102780958987,0.4240103153895915,3.7293692800588474e-08
42,76,0.3905263439404465,0.3905264777564496,1.338160031116864e-07
43,22,0.41550635867831215,0.41550635960457827,9.262661193609745e-10
43,30,0.4217887451484991,0.42178875392407766,8.775578541619922e-09
43,35,0.4217007593375193,0.4217007602557948,9.182754556746886e-10
43,38,0.4065862416527103,0.4065862637043495,2.205163923685305e-08
43,51,0.41230422187702553,0.41230426884351623,4.69664906965761e-08
43,56,0.4156596454343189,0.41565965546937766,1.0035058783941508e-08
43,64,0.42827308595135877,0.42827314506465625,5.911329747920746e-08
43,77,0.4133716254206383,0.413371673144327,4.772368866756693e-08
44,23,0.4198041299266993,0.41980412993685373,1.015443285012907e-11
44,31,0.42273068168468947,0.4227306817811552,9.646572429744538e-11
44,36,0.40670120474962423,0.40670120475671134,7.087108677694687e-12
44,39,0.4266613953248505,0.42666139576749196,4.426414790259514e-10
44,52,0.4149479613213494,0.41494796171258425,3.912348223167328e-10
44,57,0.42521169056532876,0.42521169059170705,2.6378288442430176e-11
44,65,0.4152705471568348,0.4152705473977895,2.409547006365642e-10
44,78,0.42399847005363767,0.4239984701626456,1.0900791380663577e-10
45,19,0.43273598261258883,0.43273598261260865,1.9817480989559044e-14
45,24,0.40902149939918464,0.40902149939949306,3.084199562408685e-13
45,32,0.42090736822848795,0.4209073682285622,7.421840919619171e-14
45,37,0.4185821135270158,0.4185821135280456,1.029787366491064e-12
45,53,0.4154643485330845,0.41546434853309777,1.326716514427062e-14
45,58,0.4192399673138981,0.4192399673146051,7.069900220812997e-13
45,66,0.4061786235578754,0.4061786235579519,7.654987754790454e-14
45,79,0.3928326277377768,0.3928326277383639,5.87141446573014e-13
46,20,0.416931118836698,0.416931119591313,7.546150371240401e-10
46,25,0.43614894003238097,0.4361489485751049,8.54272391714872e-09
46,33,0.43699956450956257,0.43699956752206326,3.0125006933445775e-09
46,38,0.4432013273183128,0.4432013547067619,2.7388449119758462e-08
46,54,0.42101377601159695,0.4210137785817709,2.5701739625461073e-09
46,59,0.42669103098250766,0.4266911059036028,7.49210951611623e-08
46,67,0.42832436162062315,0.4283243921823166,3.056169345372339e-08
46,80,0.4068570527006533,0.40685717872897964,1.260283263304629e-07
47,21,0.4166009964928043,0.41660109010309854,9.361029423837763e-08
47,26,0.4170105753426426,0.4170106682195656,9.287692304127404e-08
47,34,0.42558271203511616,0.4255830628235775,3.507884613340728e-07
47,39,0.4060574803547089,0.4060576018173894,1.2146268052459774e-07
47,55,0.42943497482846504,0.42943612118502117,1.146356556125383e-06
47,60,0.42800215567386896,0.42800327302586955,1.117352000590266e-06
47,68,0.4191331406543923,0.41913583601570453,2.695361312254896e-06
47,81,0.4045589817032061,0.4045624398553473,3.458152141200266e-06
48,22,0.41911946253712457,0.419119462552718,1.559341544776771e-11
48,27,0.4304010403631231,0.4304010403636364,5.133116154354411e-13
48,35,0.4350765559878269,0.4350765560032704,1.5443479828292084e-11
48,40,0.41707388827553155,0.41707388827591985,3.883005028626485e-13
48,56,0.43411533147924136,0.43411533160667115,1.2742978894308976e-10
48,61,0.413197093647315,0.41319709365072876,3.4137692672686626e-12
48,69,0.4186602990904338,0.41866029916024733,6.981354383484017e-11
48,82,0.41592339183679033,0.41592339186316457,2.6374236128390294e-11
49,23,0.42268603936600146,0.422686039366115,1.1352030426792226e-13
49,28,0.4129492066686299,0.4129492066686829,5.3013149425851225e-14
49,36,0.41980955650719015,0.41980955650727053,8.038014698286133e-14
49,41,0.4271104025128195,0.427110402512917,9.747758156208874e-14
49,57,0.42443854142575665,0.42443854142594073,1.8407497748285095e-13
49,62,0.43210774127408946,0.4321077412741576,6.811218256075335e-14
49,70,0.4335242400775573,0.4335242400776264,6.9111383282916e-14
49,83,0.42263392363685015,0.4226339236369246,7.444045380111675e-14
50,16,0.4201591529452127,0.4201591530656123,1.2039957919540711e-10
50,29,0.4477326927460791,0.4477326932464115,5.003324421437583e-10
50,37,0.41767728484792577,0.41767728502637724,1.784514758185196e-10
50,42,0.4263752089673675,0.4263752106689361,1.7015685527255187e-09
50,58,0.412456240327793,0.412456240402468,7.467498841506881e-11
50,63,0.4079278462973968,0.40792784881518246,2.517785646638515e-09
50,71,0.42149221340066845,0.4214922140484314,6.477629543866215e-10
50,84,0.4207418633793334,0.42074186626776366,2.8884302727405498e-09
51,17,0.41789130684265646,0.41789136314476516,5.6302108697448006e-08
51,30,0.40881027517214663,0.40881037317968216,9.800753553168562e-08
51,38,0.4275958883287561,0.4275962890776686,4.007489124990826e-07
51,43,0.41748667610257684,0.4174868175618316,1.414592547543947e-07
51,59,0.4405861484927258,0.4405873624372585,1.2139445326742049e-06
51,64,0.42597318749738977,0.4259743980796413,1.2105822515540154e-06
51,72,0.42801218349671916,0.4280150698652907,2.8863685715418974e-06
51,85,0.4149277687725241,0.4149316243932009,3.85562067684031e-06
52,18,0.43584569918158816,0.43584570035138115,1.1697929847009902e-09
52,31,0.435641164771256,0.43564116597356506,1.2023090856239094e-09
52,39,0.42905351083605037,0.42905352105106626,1.0215015888714873e-08
52,44,0.41331526604480506,0.41331526710753413,1.0627290714104731e-09
52,60,0.41411113901128627,0.41411118265830693,4.364702066439463e-08
52,65,0.4040042620264839,0.4040042671126135,5.086129628573133e-09
52,73,0.43506044591823073,0.4350604803479254,3.442969465083934e-08
52,86,0.4365622192505354,0.43656223828037893,1.9029843534301705e-08
53,19,0.4095841993723877,0.4095841993723877,0.0
53,32,0.407921983929093,0.40792198392909323,2.220446049250313e-16
53,40,0.4155684552322475,0.4155684552322498,2.275957200481571e-15
53,45,0.4219042949795703,0.42190429497957543,5.10702591327572e-15
53,61,0.4054479701131779,0.40544797011320516,2.7255975254547593e-14
53,66,0.4052335157189158,0.4052335157189178,1.9984014443252818e-15
53,74,0.43360770348330874,0.4336077034833159,7.16093850883226e-15
53,87,0.4098227445701675,0.40982274457016865,1.1657341758564144e-15
54,20,0.4092479637016872,0.4092479637473135,4.5626280531507746e-11
54,33,0.4219009140527876,0.42190091421097686,1.5818923948529573e-10
54,41,0.4205189362595367,0.4205189362684888,8.952116825611256e-12
54,46,0.4355527354631857,0.43555273629612257,8.329368861303976e-10
54,62,0.40731254129987227,0.4073125413068459,6.973643884577996e-12
54,67,0.4362754061980154,0.4362754075391902,1.3411747823433018e-09
54,75,0.41908104254811807,0.4190810427220133,1.7389523154776043e-10
54,88,0.42545310138267084,0.42545310292612976,1.5434589162310886e-09
55,21,0.4084629263749497,0.4084630626723565,1.362974068053191e-07
55,34,0.4255267932635998,0.42552731753533,5.242717301956468e-07
55,42,0.4137978218343635,0.4137980818790758,2.600447123191074e-07
55,47,0.4141906744980777,0.4141918876219344,1.2131238566470692e-06
55,63,0.41806165428235836,0.4180620593134798,4.050311214198743e-07
55,68,0.42141832848478117,0.4214224500816852,4.121596904049785e-06
55,76,0.41449407169106234,0.4144973046051664,3.232914104034368e-06
55,89,0.4220140130623809,0.4220218451370833,7.83207470239633e-06
56,22,0.43056748368357306,0.4305674844224387,7.388656353413126e-10
56,35,0.41003349913060344,0.4100334998630961,7.32492677624208e-10
56,43,0.44231353375994004,0.4423135437992849,1.0039344855439225e-08
56,48,0.43272806491437227,0.43272806531732405,4.029517830517193e-10
56,64,0.4009997423984945,0.4009997895907146,4.719222007620871e-08
56,69,0.4264070518845433,0.4264070561516205,4.267077191588697e-09
56,77,0.41896603796941323,0.41896607606643416,3.809702092683054e-08
56,90,0.4161813540165073,0.41618137384686776,1.9830360464823116e-08
57,23,0.42675271662751013,0.42675271663042763,2.9174995752612176e-12
57,36,0.39931452198264694,0.39931452198468664,2.0397017408413376e-12
57,44,0.42886377953444527,0.4288637795573253,2.288003120298754e-11
57,49,0.42238980474559484,0.422389804746054,4.591327318337335e-13
57,65,0.43689845055153587,0.4368984506128399,6.130401741799574e-11
57,70,0.41315286860102246,0.4131528686033883,2.3658297543249773e-12
57,78,0.4214556808116842,0.42145568083971907,2.8034852217473372e-11
57,91,0.41949383950195485,0.4194938395100379,8.083034241934683e-12
58,24,0.4058539429198344,0.4058539429226406,2.8061997170425457e-12
58,37,0.40954646141077694,0.40954646142138557,1.060862508950322e-11
58,45,0.4196025442967802,0.4196025442978256,1.0454415111382787e-12
58,50,0.42509466148608405,0.4250946615161415,3.005745652373548e-11
58,66,0.3700035272948796,0.37000352729543945,5.598299601672352e-13
58,71,0.4138446408218302,0.413844640854067,3.2236824321074664e-11
58,79,0.42678165842670396,0.42678165843199867,5.294709115588603e-12
58,92,0.4148151476008278,0.4148151476297336,2.8905766669140576e-11
59,25,0.435649488153305,0.43564959386112584,1.0570782082996999e-07
59,38,0.4072640726755111,0.40726464411769964,5.71442188512794e-07
59,46,0.4223882071899123,0.42238844991511876,2.4272520643409123e-07
59,51,0.41367055544613496,0.41367183484944037,1.2794033054097653e-06
59,67,0.433777218611567,0.43377761823447036,3.9962290337980377e-07
59,72,0.4107385888062999,0.4107427869713827,4.198165082847094e-06
59,80,0.4336921387199134,0.43369528459459333,3.1458746799217785e-06
59,93,0.4275130122605613,0.4275210902074218,8.077946860474139e-06
60,26,0.41022911302988513,0.4102292461610908,1.3313120567071124e-07
60,39,0.4078043067091979,0.4078044808957408,1.7418654291168068e-07
60,47,0.4155474830123073,0.4155486864579769,1.2034456695619866e-06
60,52,0.42309788219650213,0.4230980359702315,1.5377372936109523e-07
60,68,0.4313936457205393,0.4313977614140584,4.115693519102237e-06
60,73,0.43563389254316315,0.4356351044696568,1.2119264936605312e-06
60,81,0.44409554530862627,0.4441008102682454,5.26495961911122e-06
60,94,0.40122221696111066,0.4012264236577081,4.206696597452986e-06
61,27,0.41170004850733005,0.41170004850752767,1.9761969838327786e-13
61,40,0.4219310601418079,0.4219310601419574,1.4949153026577733e-13
61,48,0.3937511935514421,0.3937511935547529,3.3107960817346793e-12
61,53,0.4043802056715735,0.40438020567160854,3.502753642692369e-14
61,69,0.42711082466520295,0.42711082469207723,2.6874280578681464e-11
61,74,0.41514222682502705,0.41514222682539426,3.6720626539477053e-13
61,82,0.4382777672170005,0.438277767227152,1.0151490759113813e-11
61,95,0.4244328301059923,0.4244328301075514,1.5590861934811073e-12
62,28,0.4361761552727704,0.4361761552727808,1.0380585280245214e-14
62,41,0.4096096976809078,0.40960969768092864,2.0816681711721685e-14
62,49,0.426291978484861,0.4262919784848633,2.275957200481571e-15
62,54,0.41644131302804105,0.416441313028486,4.4497738826976274e-13
62,70,0.421232196790906,0.4212321967909193,1.326716514427062e-14
62,75,0.4304696401895152,0.4304696401900238,5.085931675807842e-13
62,83,0.40700215650803867,0.407002156508053,1.432187701766452e-14
62,96,0.39357061749555605,0.39357061749601135,4.553024623987767e-13
63,29,0.42974183988439024,0.4297418471031134,7.218723174773345e-09
63,42,0.410548371940308,0.41054841014319676,3.8202888741345475e-08
63,50,0.4418593112677445,0.44185931853369576,7.265951229573631e-09
63,55,0.4236380667215154,0.42363818872139447,1.2199987908800836e-07
63,71,0.4266585564588542,0.42665856430308025,7.84422604649393e-09
63,76,0.4190929780462001,0.41909318918991584,2.1114371573371926e-07
63,84,0.4183338272635589,0.4183338954806043,6.82170454013864e-08
63,97,0.4121363021545225,0.412136546168216,2.440136934733772e-07
64,30,0.4325288876787058,0.432529026118497,1.3843979118632888e-07
64,43,0.3982099025060611,0.39821010240366256,1.998976014716547e-07
64,51,0.42599529452012486,0.42599659236201143,1.2978418865716712e-06
64,56,0.4181570540978579,0.4181572135910247,1.5949316678476322e-07
64,72,0.408452987268036,0.4084572729913738,4.28572333777133e-06
64,77,0.42879248611921233,0.4287938056957243,1.3195765119489167e-06
64,85,0.402940951898411,0.4029466652884097,5.713389998718288e-06
64,98,0.42555286208263393,0.4255572800325249,4.41794989097799e-06
65,31,0.4285422354540079,0.42854223610712955,6.531216678595797e-10
65,44,0.4343706728970179,0.43437067347449015,5.774722366957974e-10
65,52,0.4485553041074546,0.44855530880549327,4.698038680306382e-09
65,57,0.3985731156082704,0.3985731157704722,1.6220180754089597e-10
65,73,0.4255611256093887,0.4255611430349863,1.742559763151519e-08
65,78,0.4209483606142371,0.420948361710428,1.096190860305768e-09
65,86,0.4188202359518739,0.4188202456231038,9.67122992800995e-09
65,99,0.4237042417824063,0.42370424514430205,3.361895761777589e-09
66,32,0.41579204324072944,0.41579204324075886,2.942091015256665e-14
66,45,0.41402214892081246,0.41402214892086514,5.268008251846368e-14
66,53,0.4099811304565144,0.40998113045652185,7.438494264988549e-15
66,58,0.42669019627997773,0.4266901962802189,2.4119595209981526e-13
66,74,0.44520530793059343,0.445205307930659,6.55586696041155e-14
66,79,0.4099583977273323,0.4099583977275338,2.015054789694659e-13
66,87,0.4054303099761192,0.4054303099761467,2.7533531010703882e-14
66,100,0.4319608750464648,0.4319608750466135,1.4871437414853972e-13
67,33,0.4261818574313321,0.426181862425807,4.994474944730598e-09
67,46,0.40984318592397834,0.40984321710201493,3.117803659691276e-08
67,54,0.42812140956085337,0.42812141381646623,4.255612862102964e-09
67,59,0.44910221602486206,0.44910234083812295,1.2481326089330835e-07
67,75,0.4092041176128624,0.40920412247835475,4.865492342354116e-09
67,80,0.4271591626256173,0.42715937270028437,2.1007466705080802e-07
67,88,0.3853683598516878,0.38536841857623316,5.8724545337618395e-08
67,101,0.4253588170724105,0.4253590677204565,2.506480459851801e-07
68,34,0.3834199323941742,0.3834259411134919,6.008719317662781e-06
68,47,0.4095308912851893,0.4095452965433975,1.4405258208172178e-05
68,55,0.4277973253466891,0.4278188237047697,2.1498358080629387e-05
68,60,0.43975805809434115,0.4397793592953984,2.1301201057255525e-05
68,76,0.42663861728216396,0.4266815267470055,4.290946484153402e-05
68,81,0.4280300041166141,0.42817813974934527,0.00014813563273113894
68,89,0.4246590825107949,0.4249237737347754,0.0002646912239804844
68,102,0.42373634826145906,0.42413124717171063,0.0003948989102515732
69,35,0.4098754099492215,0.4098754103203991,3.7117758866500594e-10
69,48,0.4145391954501428,0.4145391956544336,2.042908064936455e-10
69,56,0.43456426463773934,0.4345642686557831,4.0180437865799945e-09
69,61,0.41259904107766115,0.4125990411581492,8.04880606608549e-11
69,77,0.42046156912627847,0.42046158804157635,1.891529788355939e-08
69,82,0.42513670537542547,0.42513670616165555,7.862300810401734e-10
69,90,0.42392756701243806,0.42392757686974797,9.857309912764123e-09
69,103,0.42973012441765884,0.4297301270832408,2.6655819773679923e-09
70,36,0.41536916509211874,0.41536916509275085,6.321054790703329e-13
70,49,0.4081611422529941,0.4081611422531406,1.464939280992894e-13
70,57,0.4273337221497156,0.427333722151847,2.1314061626753755e-12
70,62,0.4016202992150374,0.401620299215349,3.115840918610502e-13
70,78,0.4183170044275291,0.41831700443557074,8.041622923116165e-12
70,83,0.40753313490398463,0.40753313490436593,3.8130609780751e-13
70,91,0.4357242620741975,0.43572426207659315,2.3956392425361628e-12
70,104,0.4036348110752225,0.40363481107580734,5.848654893725325e-13
71,37,0.3952728338769475,0.3952728340696843,1.9273677098752273e-10
71,50,0.40606760098338646,0.4060676016333327,6.499462634756981e-10
71,58,0.43030865562827264,0.43030865570883053,8.055789368910382e-11
71,63,0.43841326289635946,0.43841326561960264,2.723243186508739e-09
71,79,0.3988065893100037,0.3988065893764208,6.641709404675566e-11
71,84,0.4321688733792916,0.43216887650350905,3.124217440308996e-09
71,92,0.426561365388259,0.4265613660165496,6.282905862242671e-10
71,105,0.4287155114875151,0.4287155142038956,2.7163805094154725e-09
72,38,0.4282047368487182,0.4282113046439922,6.567795274026178e-06
72,51,0.41139099543400287,0.41140608308570936,1.508765170649129e-05
72,59,0.41011622623153005,0.41013767905956516,2.1452828035117832e-05
72,64,0.4234281352882385,0.4234498692677266,2.1733979488069988e-05
72,80,0.43106328386524106,0.43110434370622885,4.1059840987789364e-05
72,85,0.4163254468184931,0.41648361219743046,0.00015816537893736937
72,93,0.428282795003183,0.4285510269241599,0.0002682319209769135
72,106,0.4177997845769543,0.41819890434392154,0.0003991197669672153
73,39,0.4190520193200944,0.41905214150652975,1.221864353584401e-07
73,52,0.42704344874843936,0.4270435566007476,1.0785230825094416e-07
73,60,0.41993821990583924,0.419939342542365,1.122636525741072e-06
73,65,0.41572580902567463,0.41572586632969394,5.73040193074803e-08
73,81,0.4298550663400192,0.42985853824198095,3.471901961760171e-06
73,86,0.4168476923914505,0.41684812075260774,4.2836115726752055e-07
73,94,0.40557388997934374,0.40557665550059185,2.7655212481159097e-06
73,107,0.4148983018513691,0.41489943125527606,1.1294039069520423e-06
74,40,0.4004057222404543,0.40040572224049287,3.858025010572419e-14
74,53,0.42842663069968895,0.42842663069969783,8.881784197001252e-15
74,61,0.4316467776569231,0.43164677765726417,3.410605131648481e-13
74,66,0.414867709322282,0.4148677093223085,2.6478819137309983e-14
74,82,0.4154320397126401,0.41543203971529935,2.6592616997334062e-12
74,87,0.43650821744105317,0.43650821744107726,2.4091839634365897e-14
74,95,0.43373286018618945,0.43373286018659535,4.0589753780295723e-13
74,108,0.4316983326637834,0.4316983326638171,3.36952687973735e-14
75,41,0.4136967958782937,0.4136967958885853,1.0291600904821507e-11
75,54,0.44066254740928024,0.4406625475844976,1.752173406366353e-10
75,62,0.43324819355382443,0.4332481935618415,8.017086994271949e-12
75,67,0.39940232629081757,0.39940232783291785,1.5421002808047035e-09
75,83,0.43845677899540575,0.4384567790032205,7.814748848034014e-12
75,88,0.41865820842238716,0.41865821019708027,1.7746931146866984e-09
75,96,0.42600176822957736,0.42600176840865683,1.7907947347239883e-10
75,109,0.4198602541912169,0.41986025575210123,1.5608843106917902e-09
76,42,0.4414311171502434,0.44143162328662433,5.061363809177877e-07
76,55,0.4281193986413663,0.4281228545493364,3.4559079701290685e-06
76,63,0.414168572598997,0.4141693617479879,7.891489909317428e-07
76,68,0.40412513085906515,0.4041335754061593,8.444547094144106e-06
76,84,0.4083537481398973,0.408354681531147,9.333912497355712e-07
76,89,0.42031584016163087,0.42033191182995483,1.607166832395812e-05
76,97,0.4120694588933731,0.4120769746006928,7.515707319716292e-06
76,110,0.3975782712010036,0.39759867062245857,2.03994214549863e-05
77,43,0.3899280524338754,0.3899281963372189,1.4390334351910283e-07
77,56,0.4327306060437965,0.4327307208584925,1.1481469602836469e-07
77,64,0.4160521739258646,0.4160534059368781,1.23201101354109e-06
77,69,0.41256352860939177,0.412563587831525,5.922213325293413e-08
77,85,0.42850476639405305,0.42850869161133487,3.925217281819382e-06
77,90,0.42241748332587514,0.4224179480120963,4.6468622116879743e-07
77,98,0.43481976666997674,0.4348227950021177,3.0283321409418917e-06
77,111,0.4128128659573333,0.41281411993150374,1.253974170445371e-06
78,44,0.4267855583827097,0.4267855586093566,2.266468679401612e-10
78,57,0.42922675981587366,0.42922675988021,6.43363140540032e-11
78,65,0.4236910441426238,0.42369104515006306,1.0074392431391743e-09
78,70,0.43069968980321927,0.43069968982297013,1.9750867608081535e-11
78,86,0.3939932030391352,0.3939932065947379,3.5556027011551805e-09
78,91,0.4197045192939779,0.4197045193689444,7.496647747018415e-11
78,99,0.41428413711857154,0.4142841383875479,1.2689763684292643e-09
78,112,0.38913289431478987,0.3891328945260211,2.112312547097872e-10
79,45,0.41099913829178947,0.4109991382926509,8.61422044806659e-13
79,58,0.42553063536688934,0.4255306353721461,5.2567394881464224e-12
79,66,0.43356212210283984,0.43356212210330203,4.621858451514527e-13
79,71,0.41759306630538456,0.4175930663318278,2.6443236489370747e-11
79,87,0.4054721088818362,0.4054721088821876,3.5138558729386205e-13
79,92,0.40766884454118857,0.40766884456489905,2.3710478025407156e-11
79,100,0.4206841838540493,0.42068418385724143,3.19211324040225e-12
79,113,0.39766262702435184,0.39766262704083805,1.648620129302003e-11
80,46,0.4135148822314323,0.4135153399341909,4.5770275858281195e-07
80,59,0.4118217940220841,0.4118251360834894,3.3420614053425446e-06
80,67,0.40288883780639384,0.40288959177973177,7.539733379302582e-07
80,72,0.40228873482773275,0.40229696400315473,8.229175421980983e-06
80,88,0.3983005408023372,0.39830141876788233,8.779655451540691e-07
80,93,0.42666074502027856,0.4266766047369372,1.5859716658628287e-05
80,101,0.42823608578683797,0.4282433714909363,7.285704098303203e-06
80,114,0.410688916868477,0.4107087753510818,1.9858482604773187e-05
81,47,0.42851591517358706,0.428530997914315,1.5082740727923039e-05
81,60,0.42722316172090885,0.4272453648291933,2.220310828443539e-05
81,68,0.4056862271061134,0.4058183120650152,0.00013208495890176808
81,73,0.4309522927662987,0.43096745297261196,1.5160206313258318e-05
81,89,0.4192280013387774,0.41949184058806327,0.00026383924928585767
81,94,0.4277863493645664,0.42792148693568277,0.0001351375711163838
81,102,0.4583799091749318,0.4587615229133898,0.0003816137384579643
81,115,0.4354504421671802,0.4357119205238543,0.00026147835667411634
82,48,0.4048952274771993,0.40489522754813384,7.09345360228042e-11
82,61,0.4426046860565956,0.4426046860845502,2.7954638603944204e-11
82,69,0.43012089308282975,0.4301208938206404,7.378106459121625e-10
82,74,0.4199982851027089,0.41999828511039117,7.682243730045002e-12
82,90,0.43554980907747415,0.4355498124399098,3.3624356632344643e-09
82,95,0.4121217622148626,0.4121217622481756,3.331301900999506e-11
82,103,0.41806268419256937,0.4180626851100186,9.174492276997626e-10
82,116,0.42271068168463505,0.42271068178144505,9.681000445738164e-11
83,49,0.41127060217160216,0.4112706021716209,1.8762769116165146e-14
83,62,0.4085718294728981,0.40857182947295445,5.6343818499726694e-14
83,70,0.42481914259846876,0.424819142598536,6.722400414105323e-14
83,75,0.4118692607033408,0.4118692607053612,2.02038386021286e-12
83,91,0.39663147916755165,0.3966314791677496,1.979527652906654e-13
83,96,0.42555647773551125,0.42555647773732047,1.809219440929155e-12
83,104,0.42455911830294385,0.4245591183030273,8.343326030058051e-14
83,117,0.4142343637457125,0.4142343637469064,1.1939338406818933e-12
84,50,0.43458559197573254,0.4345856005287168,8.552984265275398e-09
84,63,0.42422147149747363,0.4242215407549211,6.925744744368245e-08
84,71,0.41046980389068627,0.4104698131247125,9.23402621033631e-09
84,76,0.4200383495776687,0.42003860138042104,2.518027523157329e-07
84,92,0.44562408928503305,0.44562409758265176,8.297618703245746e-09
84,97,0.41983280644988413,0.4198330974542059,2.910043217507763e-07
84,105,0.42166341816280445,0.42166348741298065,6.925017620451612e-08
84,118,0.41156654010639554,0.411566782556369,2.4244997348654707e-07
85,51,0.43336880871331585,0.43338608121080985,1.727249749400306e-05
85,64,0.40478839433743136,0.4048131949381577,2.4800600726349042e-05
85,72,0.4147227499922092,0.4148673506467927,0.00014460065458349325
85,77,0.42767123963126247,0.42768881511065004,1.7575479387577086e-05
85,93,0.42949160165967437,0.42978719687103156,0.00029559521135719136
85,98,0.41756597145686636,0.41771679292327096,0.0001508214664046048
85,106,0.43963571699681464,0.44006483913438116,0.00042912213756651774
85,119,0.4045726631867404,0.40486905296548803,0.00029638977874762995
86,52,0.4072649309245995,0.4072649867251943,5.580059481147259e-08
86,65,0.4230254758405797,0.4230255055343311,2.9693751402160018e-08
86,73,0.4174554149780931,0.4174558360276867,4.210495936352032e-07
86,78,0.44598225093557076,0.4459822623424959,1.140692512668906e-08
86,94,0.4011643098716173,0.40116573101979575,1.4211481784709434e-06
86,99,0.4385310930741324,0.43853113151584144,3.84417090382172e-08
86,107,0.4258044735845953,0.4258050539379757,5.803533804082939e-07
86,120,0.42882439799543637,0.42882449145744433,9.346200796622739e-08
87,53,0.41085567342182366,0.41085567342182794,4.274358644806853e-15
87,66,0.4211183336734282,0.42111833367345297,2.475797344914099e-14
87,74,0.416736401843159,0.4167364018432043,4.529709940470639e-14
87,79,0.41760419110382485,0.41760419110396485,1.3999912340523224e-13
87,95,0.42152217075253334,0.4215221707527291,1.957323192414151e-13
87,100,0.4164077158946836,0.41640771589478676,1.0313971898767704e-13
87,108,0.4148290013493957,0.4148290013494127,1.6986412276764895e-14
87,121,0.397587498106763,0.3975874981068239,6.089573290068984e-14
88,54,0.4158920176585986,0.4158920226261025,4.967503852704169e-09
88,67,0.4139350118986947,0.4139350712450819,5.9346387193404126e-08
88,75,0.4399569189341603,0.43995692461364344,5.679483161546983e-09
88,80,0.4235965873699455,0.4235968335640665,2.4619412103410454e-07
88,96,0.42132916040203494,0.42132916548713395,5.085099008539373e-09
88,101,0.41973061917605065,0.41973091293066106,2.937546104142541e-07
88,109,0.41058025773382245,0.41058031787004956,6.013622710909772e-08
88,122,0.3969539255854157,0.39695417926384907,2.536784333706521e-07
89,55,0.42021220112828217,0.4202554556970835,4.325456880133194e-05
89,68,0.4258443012927737,0.42611153217802794,0.00026723088525426597
89,76,0.4214488423602259,0.4215352296184693,8.638725824339222e-05
89,81,0.4306804740670106,0.43097959057981383,0.0002991165128032325
89,97,0.41873504519091936,0.4188345149401499,9.946974923052965e-05
89,102,0.4095848089132759,0.4103825957804157,0.0007977868671397714
89,110,0.42017521240143485,0.420927185235734,0.0007519728342991749
89,123,0.4203531134151059,0.4213373377168925,0.0009842243017866292
90,56,0.42690893256173124,0.4269089891214345,5.65597032542442e-08
90,69,0.4130115259790665,0.41301155516782795,2.9188761463405655e-08
90,77,0.396678288700949,0.39667874299217615,4.542912271365829e-07
90,82,0.42481523428067824,0.4248152446383107,1.0357632473922962e-08
90,98,0.43544454354502493,0.43544602148892536,1.4779439004297679e-06
90,103,0.4039593854452464,0.4039594223005163,3.685526989150034e-08
90,111,0.42636645428002806,0.4263670684576519,6.141776238144381e-07
90,124,0.41956564413559516,0.41956573182823614,8.76926409820733e-08
91,57,0.3992501837308293,0.3992501837393048,8.475498081139676e-12
91,70,0.4211464319062872,0.4211464319090729,2.7857161022382115e-12
91,78,0.41305026203493833,0.41305026206877465,3.383632263265213e-11
91,83,0.4009272758935218,0.40092727589482485,1.3030687640025462e-12
91,99,0.4227955554111017,0.4227955555020325,9.093081843047912e-11
91,104,0.42257774173711926,0.4225777417392189,2.099653784171096e-12
91,112,0.42092399830616956,0.4209239983315193,2.53497223212662e-11
91,125,0.4249370215926642,0.4249370215961833,3.5190739211543587e-12
92,58,0.41719719017911533,0.4171971902514808,7.236544696809233e-11
92,71,0.42724783958506524,0.42724784021427964,6.292144028030577e-10
92,79,0.4067919360498171,0.40679193610947906,5.96619420534239e-11
92,84,0.4155706764135672,0.41557067922451457,2.8109473637627502e-09
92,100,0.4274890516390934,0.42748905168255913,4.346573101443596e-11
92,105,0.4047313908556975,0.4047313932996495,2.4439520407426585e-09
92,113,0.4215673013257355,0.42156730170872736,3.8299186044810085e-10
92,126,0.40949037036117397,0.4094903719545269,1.5933529495804066e-09
93,59,0.4271701490237603,0.42721449932693445,4.435030317412325e-05
93,72,0.42639777123472233,0.4266703303260105,0.00027255909128814926
93,80,0.40625996987076546,0.4063449206441393,8.49507733738375e-05
93,85,0.41615538675089003,0.41648428513326585,0.0003288983823758196
93,101,0.42802681071229576,0.4281289799930812,0.00010216928078543575
93,106,0.4147321642551618,0.4155639234763231,0.000831759221161299
93,114,0.4271176287588156,0.4278922969462231,0.0007746681874075123
93,127,0.42397089102852575,0.4249965035948915,0.0010256125663657412
94,60,0.4155576269137908,0.4155794271115355,2.1800197744725747e-05
94,73,0.41523794916763435,0.41525276512993065,1.4815962296299556e-05
94,81,0.40636398053651096,0.4065156088845959,0.0001516283480849645
94,86,0.4162033407833957,0.41621096310873185,7.62232533613183e-06
94,102,0.4143672748040701,0.4147715260991918,0.00040425129512172697
94,107,0.4259243430985585,0.4259458991786562,2.1556080097739905e-05
94,115,0.41655747213317174,0.41682599286178973,0.0002685207286179936
94,128,0.41859417823859635,0.41863768142953783,4.350319094148514e-05
95,61,0.42201543166914773,0.4220154316707363,1.5885626147849052e-12
95,74,0.41922850269609424,0.4192285026965383,4.4403369869883136e-13
95,82,0.44136274036281054,0.4413627403750982,1.2287670880795076e-11
95,87,0.4106430575686946,0.4106430575688066,1.1196599203344704e-13
95,103,0.4356868985645334,0.4356868986045289,3.999550690636511e-11
95,108,0.4058263494464774,0.4058263494466339,1.5654144647214707e-13
95,116,0.4351816835977412,0.43518168360315435,5.413169912316107e-12
95,129,0.4127919122380174,0.4127919122382946,2.7716717809767033e-13
96,62,0.39269717196648435,0.3926971719736537,7.169376203819411e-12
96,75,0.4296021395353384,0.4296021397141704,1.7883200476020988e-10
96,83,0.41420227878420046,0.4142022787911888,6.988354339654279e-12
96,88,0.4360212070034878,0.4360212085918322,1.5883444004494152e-09
96,104,0.4162234760840019,0.41622347609032445,6.322553591786573e-12
96,109,0.41684312187315087,0.4168431232701247,1.396973814404845e-09
96,117,0.41243105924207757,0.4124310593480991,1.0602152489269656e-10
96,130,0.41699482689857786,0.4169948278166359,9.180580184953158e-10
97,63,0.4286179507724518,0.4286188605247804,9.097523285817033e-07
97,76,0.4042799982502506,0.40428748902394124,7.490773690610464e-06
97,84,0.43806897249661636,0.4380700485126825,1.0760160661371643e-06
97,89,0.425587175037679,0.4256056448308681,1.8469793189090922e-05
97,105,0.429307843236039,0.4293087541311492,9.108951102287932e-07
97,110,0.4339633085655046,0.4339867470361674,2.343847066282878e-05
97,118,0.4060065801432009,0.4060137606989118,7.180555710917247e-06
97,131,0.42575104214907816,0.4257691588077119,1.8116658633715588e-05
98,64,0.42688285234248013,0.42690562923439634,2.2776891916209685e-05
98,77,0.405585343735742,0.40560142905303653,1.6085317294523005e-05
98,85,0.42557652887489267,0.4257426793723962,0.0001661504975035144
98,90,0.42063881328050984,0.4206467090886199,7.895808110058855e-06
98,106,0.41202159195894605,0.41244164716607373,0.00042005520712767863
98,111,0.4229805178989585,0.42300331973233485,2.2801833376329128e-05
98,119,0.41483780582860696,0.4151204314973511,0.00028262566874415196
98,132,0.4285688253761041,0.4286125574064532,4.3732030349130646e-05
99,65,0.4048884784631636,0.40488848193645377,3.473290155486808e-09
99,78,0.40409091000592784,0.4040909114311059,1.425178086655876e-09
99,86,0.410433285289501,0.4104332980671835,1.2777682467657314e-08
99,91,0.4032791964988367,0.403279196741666,2.428293122136438e-10
99,107,0.4334080521450681,0.4334080820826307,2.993756259561664e-08
99,112,0.4363526050919106,0.43635260578263535,6.907247551701801e-10
99,120,0.41283599578965985,0.4128360057742507,9.984590876310762e-09
99,133,0.3963746349625877,0.39637463627285835,1.3102706697409872e-09
100,66,0.42276920534538287,0.4227692053457203,3.3745228833481633e-13
100,79,0.4045930124026369,0.4045930124058028,3.1659119770210964e-12
100,87,0.42418697179687953,0.4241869717971364,2.5685009674702997e-13
100,92,0.4262054881172852,0.4262054881344616,1.717637143627826e-11
100,108,0.41283778496798934,0.4128377849682185,2.291500322826323e-13
100,113,0.4311570230444496,0.4311570230563936,1.1944001343522359e-11
100,121,0.42239154922067995,0.4223915492220094,1.3294365608373937e-12
100,134,0.4128097869997663,0.41280978700613147,6.365186155932179e-12
101,67,0.4439266307318253,0.4439275374031803,9.066713549943373e-07
101,80,0.4105256877272808,0.4105329880653089,7.300338028093378e-06
101,88,0.43263021110864264,0.43263126689013415,1.0557814915101993e-06
101,93,0.4334433739389436,0.43346245195245714,1.9078013513529335e-05
101,109,0.4303436573153742,0.43034457727011793,9.199547437166444e-07
101,114,0.43208490813232386,0.432108795741616,2.3887609292116974e-05
101,122,0.4337154177347097,0.43372296569401825,7.54795930857366e-06
101,135,0.4389468331760996,0.4389657579563167,1.8924780217088877e-05
102,68,0.4178187248862231,0.42430204308704284,0.00648331820081971
102,81,0.40357568887669854,0.41001596730333956,0.006440278426641022
102,89,0.41998967099035917,0.4330828723893268,0.013093201398967635
102,94,0.4237387525720566,0.4303751097567858,0.006636357184729158
102,110,0.43606383345812866,0.455625074241318,0.019561240783189326
102,115,0.3998537847948426,0.41283870592703503,0.012984921132192406
102,123,0.42441067884851413,0.5040444464735351,0.07963376762502095
102,136,0.41460671730543114,0.43379662159077725,0.019189904285346115
103,69,0.43551548267829066,0.4355154854182052,2.7399145174911155e-09
103,82,0.41913128396407917,0.4191312849688754,1.0047962462067517e-09
103,90,0.43542890543018253,0.4354289180962144,1.2666031889985163e-08
103,95,0.4048820548339738,0.4048820549560637,1.2208989375039891e-10
103,111,0.428120789681865,0.42812082084551345,3.116364843958053e-08
103,116,0.4275564095398587,0.42755640989492416,3.5506547702013336e-10
103,124,0.43178879530909037,0.43178880317009083,7.861000461684142e-09
103,137,0.42460988379553044,0.42460988453457754,7.390471012946875e-10
104,70,0.4054897906987058,0.4054897906989426,2.368105711525459e-13
104,83,0.4246487493797387,0.42464874937994607,2.0738966099997924e-13
104,91,0.41026521970393093,0.41026521970464025,7.093214904330125e-13
104,96,0.411348963892303,0.411348963898024,5.720979245893432e-12
104,112,0.41187970214047714,0.41187970214220215,1.725009024511337e-12
104,117,0.43567025771924106,0.43567025772301754,3.776479129413701e-12
104,125,0.4359927222579994,0.4359927222584065,4.071187831300449e-13
104,138,0.42521062844708546,0.4252106284490446,1.9591550604047825e-12
105,71,0.4025015648902177,0.4025015727402896,7.850071870318942e-09
105,84,0.420454146219937,0.42045421454351994,6.832358295794094e-08
105,92,0.41346363367909067,0.413463640733006,7.053915340726746e-09
105,97,0.42895721026634326,0.42895745479914305,2.4453279978686737e-07
105,113,0.4233808719895919,0.423380876689637,4.700045075356485e-09
105,118,0.44558320482510394,0.44558340856285805,2.037377541119767e-07
105,126,0.44039733037087864,0.44039736705313026,3.668225162511973e-08
105,139,0.40562773502082905,0.4056278560425871,1.2102175805939197e-07
106,72,0.40309499864979476,0.4096279688587081,0.006532970208913358
106,85,0.43716836071732307,0.4443475494525633,0.007179188735240205
106,93,0.4287870599369144,0.44237929798482506,0.013592238047910654
106,98,0.4320761092141517,0.43894199256601546,0.006865883351863777
106,114,0.42130395447513824,0.4413647214007699,0.020060766925631635
106,119,0.43720487069001884,0.4508557321374568,0.013650861447437934
106,127,0.41535135600140866,0.49799306772396223,0.08264171172255358
106,140,0.42952893077952103,0.4495807547074722,0.020051823927951185
107,73,0.43757871094035894,0.43757990780531025,1.1968649513138807e-06
107,86,0.43796323530727677,0.4379638600918478,6.247845710238842e-07
107,94,0.42496508184351584,0.4249692080332082,4.126189692366111e-06
107,99,0.41833911196591866,0.4183392172308054,1.052648867516659e-07
107,115,0.4228004340803204,0.422808029040531,7.594960210577373e-06
107,120,0.42285105890793523,0.42285131605280124,2.571448660115827e-07
107,128,0.4194628870461209,0.41946602815091016,3.141104789272653e-06
107,141,0.40840909310839335,0.408409491208775,3.9810038165999373e-07
108,74,0.4064477304311165,0.40644773043114424,2.7755575615628914e-14
108,87,0.40803315973952936,0.4080331597395392,9.825473767932635e-15
108,95,0.42033836408030745,0.42033836408042574,1.1829426327381043e-13
108,100,0.41890214242377005,0.41890214242383195,6.189493362285248e-14
108,116,0.42828749502828745,0.4282874950286322,3.4477976029734236e-13
108,121,0.43504028376458787,0.4350402837646241,3.624878175401136e-14
108,129,0.4033033098014631,0.40330330980147716,1.404432126150823e-14
108,142,0.4145286601896506,0.4145286601896677,1.709743457922741e-14
109,75,0.4128737349345762,0.4128737398738247,4.939248510194005e-09
109,88,0.4418919558665342,0.4418920155039413,5.96374071237804e-08
109,96,0.43418109349250467,0.43418109791484805,4.422343380383609e-09
109,101,0.42369274177948685,0.4236929964462553,2.5466676845109504e-07
109,117,0.4082904139485251,0.40829041686548484,2.9169597293154936e-09
109,122,0.40418550120198526,0.40418572112893386,2.1992694859696016e-07
109,130,0.41968344860452894,0.4196834826225246,3.40179956426212e-08
109,143,0.4400781586922038,0.44007828830236917,1.2961016537804682e-07
110,76,0.42987678293611437,0.43000310714735,0.00012632421123565107
110,89,0.4166581684786101,0.4174557746688624,0.0007976061902523202
110,97,0.42986066277831325,0.43000610341888507,0.0001454406405718145
110,102,0.419003472824811,0.42020952234022074,0.0012060495154097572
110,118,0.4252136976928642,0.42533444404380083,0.00012074635093661801
110,123,0.4424563288659667,0.44394423109225695,0.0014879022262902497
110,131,0.4189505396743217,0.4197281725901652,0.0007776329158434847
110,144,0.41150220244701347,0.412712107276154,0.0012099048291405179
111,77,0.4223992529582455,0.4224005722852305,1.3193269849942624e-06
111,90,0.43018411375559995,0.4301847743559075,6.606003075670941e-07
111,98,0.4053670493042272,0.4053714369142632,4.387610036016287e-06
111,103,0.4060950337011494,0.4060951381907307,1.0448958126518804e-07
111,119,0.41085606337862646,0.41086425891411377,8.19553548730978e-06
111,124,0.4157285499909215,0.41572879906723437,2.490763128526474e-07
111,132,0.4146264995183224,0.4146297403527649,3.240834442475027e-06
111,145,0.41908070373409245,0.4190811095096025,4.0577551002618506e-07
112,78,0.41562859487715353,0.41562859497903165,1.0187811705364425e-10
112,91,0.41251402043256796,0.41251402046047736,2.790939701569073e-11
112,99,0.42201989817915925,0.42201989845533566,2.7617641507049484e-10
112,104,0.4424005600453902,0.44240056005113665,5.746458864308579e-12
112,120,0.4056511059338758,0.40565110650659203,5.727162077917569e-10
112,125,0.38662713991142844,0.3866271399212072,9.778733378595916e-12
112,133,0.41949061714715075,0.419490617284676,1.3752526895061123e-10
112,146,0.419844873912886,0.4198448739289945,1.6108503420042553e-11
113,79,0.42078753383228773,0.42078753387225726,3.996952768758888e-11
113,92,0.423813505711139,0.4238135060850053,3.738662712748919e-10
113,100,0.4442679677422986,0.44426796777142175,2.912314833736218e-11
113,105,0.4328302090988088,0.432830210701949,1.603140176165141e-09
113,121,0.41937401922966727,0.41937401924599266,1.6325385487903077e-11
113,126,0.41108636599290843,0.4110863670387072,1.045798780907603e-09
113,134,0.4195475625268048,0.41954756265574117,1.289363615875061e-10
113,147,0.42656469614950876,0.42656469666224806,5.127392954662469e-10
114,80,0.40130276319273883,0.40142541264874865,0.0001226494560098157
114,93,0.4460855903322526,0.44690802446969463,0.0008224341374420407
114,101,0.4173112089439476,0.41745872677458007,0.00014751783063249313
114,106,0.41824456981902064,0.4194870961940909,0.0012425263750702742
114,122,0.42064972292112246,0.4207768173742505,0.00012709445312802936
114,127,0.42090994093586,0.42244206495574543,0.0015321240198854502
114,135,0.4054256675515034,0.40624402249254704,0.000818354941043653
114,148,0.4278388701066227,0.42908643690142284,0.0012475667948001479
115,81,0.4123073813001712,0.41260401057771184,0.00029662927754064983
115,94,0.42585525136007407,0.4261263992934091,0.0002711479333350475
115,102,0.43511615261117365,0.4359074503241581,0.0007912977129844734
115,107,0.4081608016825552,0.40820281814543635,4.20164628811559e-05
115,123,0.4137628071136705,0.41473902613741054,0.0009762190237400103
115,128,0.4323681774256396,0.4324530254596112,8.484803397157403e-05
115,136,0.42955726656800475,0.430291334645555,0.0007340680775502761
115,149,0.39869358432302826,0.3987877131002424,9.412877721415303e-05
116,82,0.42662928932575916,0.4266292893629146,3.7155445387071495e-11
116,95,0.41122577339915006,0.4112257734048564,5.7063243019683796e-12
116,103,0.41445158820952255,0.41445158833044143,1.2091888601517553e-10
116,108,0.44224180311382966,0.44224180311430306,4.733990977001667e-13
116,124,0.4268232922696633,0.4268232925409586,2.712952640315791e-10
116,129,0.3969161015997395,0.39691610160057883,8.393286066166183e-13
116,137,0.42589388254808186,0.4258938825819328,3.385092206542595e-11
116,150,0.4401288623637515,0.4401288623651383,1.3868350912105143e-12
117,83,0.4082559913295924,0.40825599133416024,4.567846101366513e-12
117,96,0.44367624051028415,0.4436762406150816,1.047974484968961e-10
117,104,0.4349477957064311,0.4349477957105679,4.136802012055796e-12
117,109,0.42239724689603075,0.42239724781195626,9.159255021096158e-10
117,125,0.4154419840512761,0.41544198405533633,4.060252134507891e-12
117,130,0.43268836580271386,0.43268836640459507,6.018812115371475e-10
117,138,0.4088926686854394,0.40889266872139457,3.595518327514924e-11
117,151,0.4063833988155744,0.4063833990747701,2.5919572044230677e-10
118,84,0.42520366749736505,0.4252045607513971,8.932540320749638e-07
118,97,0.4126452629647629,0.41265244488949127,7.181924728372202e-06
118,105,0.4298188193202589,0.42981957550634914,7.561860902449702e-07
118,110,0.4205587192423947,0.4205781947743161,1.9475531921442357e-05
118,126,0.40961745932618027,0.4096179222743846,4.629482043272404e-07
118,131,0.44785111827802543,0.44786617003648355,1.5051758458117792e-05
118,139,0.4086590268733144,0.40866229786364455,3.2709903301508803e-06
118,152,0.42404249456291027,0.42405044883792503,7.954275014765422e-06
119,85,0.4274070537125183,0.42773733646566686,0.0003302827531485586
119,98,0.43428148784724663,0.43456707466122835,0.0002855868139817197
119,106,0.4228182047491667,0.4236538310946909,0.0008356263455241986
119,111,0.4152624466776654,0.4153075960918344,4.514941416899898e-05
119,127,0.4125423733372834,0.41357275517732667,0.0010303818400432818
119,132,0.4123797866919052,0.4124664315719745,8.66448800692643e-05
119,140,0.41668003985210916,0.4174565276785423,0.0007764878264331365
119,153,0.4384777342020313,0.4385798604423802,0.00010212624034888762
120,86,0.4445399462323188,0.4445399787767962,3.254447739076127e-08
120,99,0.42314686529652973,0.423146876147184,1.0850654263983017e-08
120,107,0.42916775878327157,0.42916783546120396,7.66779323924105e-08
120,112,0.42442438124100457,0.42442438288435563,1.6433510663382833e-09
120,128,0.4064045599226649,0.4064046941329511,1.342102862178507e-07
120,133,0.4069102000860086,0.40691020321061916,3.124610570282016e-09
120,141,0.4276305806273422,0.427630618398182,3.777083978917517e-08
120,154,0.4319029549897548,0.43190295955998925,4.570234468648238e-09
121,87,0.42062375102725136,0.42062375102739635,1.4499512701604544e-13
121,100,0.4376273065037774,0.43762730650506465,1.2872480859016378e-12
121,108,0.40850106536574776,0.4085010653658777,1.2995160503237457e-13
121,113,0.42217513234916504,0.42217513235570947,6.54443166325791e-12
121,129,0.4207123982695176,0.42071239826967666,1.5903944827755367e-13
121,134,0.4207571221582691,0.4207571221617614,3.4923175462608924e-12
121,142,0.41702679550048694,0.4170267955008206,3.336775300510908e-13
121,155,0.4014833689581665,0.4014833689597154,1.5489276528057871e-12
122,88,0.4338431721547416,0.4338440813466513,9.091919097037326e-07
122,101,0.40460214371767816,0.404609695067419,7.551349740841928e-06
122,109,0.42891453702926313,0.4289153292499282,7.9222066506901e-07
122,114,0.43482539289182986,0.43484599059481255,2.0597702982683153e-05
122,130,0.4403854529160756,0.44038596396226737,5.110461917534614e-07
122,135,0.4119541121035472,0.41197042884112584,1.6316737578625506e-05
122,143,0.4175281487510658,0.41753170031007647,3.55155901066162e-06
122,156,0.41328477103960504,0.41329358117940773,8.810139802695183e-06
123,89,0.4228507776653635,0.43621429052650706,0.013363512861143567
123,102,0.42293085629207106,0.49636613267539687,0.07343527638332581
123,110,0.4080882625965825,0.42803271075886934,0.019944448162286854
123,115,0.42481484262905295,0.43806768867631735,0.0132528460472644
123,131,0.4085776045829312,0.4215622787930735,0.012984674210142322
123,136,0.4190494496490504,0.4386163912219915,0.019566941572941088
123,144,0.41285707060542376,0.4863781365679438,0.07352106596252006
123,157,0.4305885513898614,0.444018540338352,0.013429988948490568
124,90,0.4284761047893184,0.4284761359963285,3.1207010087186404e-08
124,103,0.4168284435765749,0.4168284519010698,8.32449492671472e-09
124,111,0.42208299311555786,0.42208307007412316,7.695856529821299e-08
124,116,0.4203868072683051,0.42038680812800594,8.597008660515826e-10
124,132,0.422862012933864,0.42286214231638025,1.2938251625627117e-07
124,137,0.4296613134127176,0.42966131520260975,1.789892123404968e-09
124,145,0.4193755659342256,0.4193755968732788,3.093905320827872e-08
124,158,0.4363951307808029,0.43639513332433183,2.543528943022011e-09
125,91,0.41610459461923244,0.41610459462078514,1.5527024110895127e-12
125,104,0.4081297637099988,0.4081297637105857,5.868638908168577e-13
125,112,0.42527358966699214,0.4252735896707795,3.787359315055028e-12
125,117,0.43083186215866986,0.43083186216658487,7.915001987157666e-12
125,133,0.4106184902094772,0.41061849021621916,6.741940339338726e-12
125,138,0.435776050928708,0.4357760509328156,4.107547635356923e-12
125,146,0.4302168446333372,0.43021684463468757,1.350364264851578e-12
125,159,0.41865736974518686,0.4186573697467275,1.5406564912723297e-12
126,92,0.43939875441406906,0.43939875877232876,4.358259697578859e-09
126,105,0.41338027326027765,0.4133803088678587,3.560758105036754e-08
126,113,0.4149590626155925,0.41495906552107087,2.9054783579063326e-09
126,118,0.4314742841109523,0.43147440696922423,1.2285827194480348e-07
126,134,0.3971432717496874,0.397143273178492,1.4288046301658142e-09
126,139,0.4354819899329936,0.4354820629596824,7.302668880715402e-08
126,147,0.401837792943953,0.4018378030328773,1.0088924307094516e-08
126,160,0.40296943374461486,0.4029694643510995,3.060648462449578e-08
127,93,0.4367662897664289,0.450642203742983,0.013875913976554133
127,106,0.4249856467590799,0.5011575725385049,0.076171925779425
127,114,0.43450869914282586,0.4549664498150622,0.02045775067223632
127,119,0.39900698846794125,0.4129423479983247,0.01393535953038344
127,135,0.4246002343438911,0.4384410405204603,0.013840806176569187
127,140,0.4132532869546409,0.43370138086496646,0.020448093910325538
127,148,0.42658040265399216,0.502864322987872,0.07628392033387982
127,161,0.40177611607861224,0.4150555509166896,0.013279434838077364
128,94,0.41910282476160904,0.4191113709040009,8.546142391874234e-06
128,107,0.4173827325315678,0.4173860887764197,3.3562448518709154e-06
128,115,0.41075253732560946,0.41076829213014704,1.5754804537582157e-05
128,120,0.4203411044789706,0.42034161062802466,5.061490540581026e-07
128,136,0.4253224211238028,0.42534242383561593,2.0002711813127405e-05
128,141,0.44000483703956866,0.4400056213824785,7.843429098430832e-07
128,149,0.43160827479176844,0.43161541802895975,7.143237191309382e-06
128,162,0.4068237743203312,0.40682469274594535,9.184256141714364e-07
129,95,0.39926366294607385,0.3992636629461341,6.022959908591474e-14
129,108,0.41884156265883965,0.41884156265884376,4.107825191113079e-15
129,116,0.41872259199465056,0.4187225919948249,1.7436052601738083e-13
129,121,0.42982308184759377,0.4298230818476114,1.765254609153999e-14
129,137,0.4031555390240353,0.4031555390243973,3.6204372833026355e-13
129,142,0.437868964968603,0.43786896496861194,8.93729534823251e-15
129,150,0.4327457005667218,0.4327457005667327,1.0935696792557792e-14
129,163,0.4310474924070863,0.4310474924070883,1.9984014443252818e-15
130,96,0.4188911619531769,0.4188911647941052,2.840928325920089e-09
130,109,0.4175629937481328,0.4175630272193886,3.347125576702581e-08
130,117,0.41204031156262755,0.4120403134365502,1.8739226281816457e-09
130,122,0.42436293686921706,0.42436307739041634,1.4052119928775753e-07
130,138,0.40140815511962075,0.40140815608658037,9.669596234829214e-10
130,143,0.41714265577991544,0.4171427386322467,8.285233127347524e-08
130,151,0.42597354306330404,0.4259735521599202,9.096616182535655e-09
130,164,0.4090843659735227,0.4090843994392722,3.346574950491288e-08
131,97,0.4368786572831232,0.436975425664701,9.676838157779422e-05
131,110,0.4249034860746479,0.42563410023132453,0.0007306141566766344
131,118,0.4080537102787362,0.40813404794687896,8.033766814274923e-05
131,123,0.4153115536708592,0.41626714958253075,0.0009555959116715473
131,139,0.4145878134678757,0.4146295132137525,4.169974587681091e-05
131,144,0.40818431788175297,0.40896137493657325,0.0007770570548202849
131,152,0.4126688866114818,0.4129239935389372,0.0002551069274553952
131,165,0.4114991456877004,0.411790830247439,0.0002916845597386031
132,98,0.4161019120045116,0.41611053449069035,8.622486178777589e-06
132,111,0.43257145880454023,0.43257490581119556,3.4470066553327072e-06
132,119,0.4262136316511727,0.42622976062871104,1.61289775383322e-05
132,124,0.4135695411625877,0.4135700115534745,4.70390886797567e-07
132,140,0.42989054848474945,0.4299106442867969,2.0095802047426226e-05
132,145,0.423855229428138,0.4238559961827032,7.667545651734997e-07
132,153,0.40650362427576736,0.40651100007475277,7.375798985409521e-06
132,166,0.40778627621560776,0.407787168608366,8.923927582449309e-07
133,99,0.41963347090037456,0.41963347143660995,5.362353894255989e-10
133,112,0.410784231981669,0.41078423212432397,1.426549434135893e-10
133,120,0.3881861551300588,0.3881861562443783,1.1143195255414184e-09
133,125,0.4142597791205176,0.41425977913890466,1.8387069644631993e-11
133,141,0.41794231729274933,0.41794231893861467,1.6458653329110007e-09
133,146,0.42235208577712424,0.4223520858074933,3.036904061559653e-11
133,154,0.42353434652292693,0.4235343469027454,3.7981845446566354e-10
133,167,0.41505960686317156,0.4150596069042316,4.106004425352694e-11
134,100,0.43029983197748856,0.43029983199195093,1.4462375741430833e-11
134,113,0.4108719033044876,0.4108719034276218,1.2313422503851257e-10
134,121,0.42894418315047367,0.4289441831585905,8.11684053303452e-12
134,126,0.4219272799964366,0.42192728049579936,4.993627733540507e-10
134,142,0.4260458596767139,0.4260458596802549,3.5410008258907055e-12
134,147,0.41553844795138145,0.4155384481967784,2.453969250026944e-10
134,155,0.41913755374749373,0.41913755377347695,2.5983215579117314e-11
134,168,0.41383082906901375,0.4138308291579742,8.896045011752562e-11
135,101,0.41907060781437233,0.4191724290261125,0.00010182121174018288
135,114,0.3951315996934491,0.395904331383712,0.0007727316902629289
135,122,0.4123961850657956,0.41248390834218973,8.772327639411381e-05
135,127,0.42234333109713923,0.4233669699713513,0.001023638874212085
135,143,0.42208903877403714,0.4221344773828147,4.543860877753714e-05
135,148,0.4132336800754488,0.41406720576180417,0.0008335256863553631
135,156,0.4273904943399773,0.4276765650554251,0.00028607071544783924
135,169,0.3977334047348417,0.3980484998432646,0.00031509510842292476
136,102,0.4162359544714437,0.41741835444858294,0.001182399977139259
136,115,0.3957352419984507,0.39651079962195424,0.0007755576235035089
136,123,0.4167590536695017,0.41821777973802077,0.001458726068519045
136,128,0.43309759906521644,0.4332205014366143,0.00012290237139783722
136,144,0.40960890575653175,0.41079508546614313,0.001186179709611379
136,149,0.41233854435195566,0.41247485949096807,0.00013631513901241066
136,157,0.4156850622873221,0.4164713953149704,0.0007863330276483005
136,170,0.4236038544659273,0.423727910133611,0.0001240556676836979
137,103,0.4184193051458739,0.41841930540289524,2.570213486485784e-10
137,116,0.44464156128978977,0.4446415613246128,3.4823033345787735e-11
137,124,0.4216457362657683,0.42164573684241463,5.766463417877787e-10
137,129,0.42258509506237746,0.42258509506416225,1.7847945343874017e-12
137,145,0.39286425462928987,0.392864255547979,9.186891247736639e-10
137,150,0.40243199565690063,0.4024319956598495,2.9488633757068783e-12
137,158,0.43278244866771387,0.4327824487697378,1.0202394484792876e-10
137,171,0.4068350735985847,0.4068350736028878,4.303113421144644e-12
138,104,0.42646273272023455,0.42646273272234875,2.1141977057936856e-12
138,117,0.43311751223287887,0.43311751226836104,3.548217275550769e-11
138,125,0.4252934955736701,0.4252934955757536,2.0835000391628e-12
138,130,0.3978104297850916,0.3978104300955733,3.1048169590874863e-10
138,146,0.4369717636688437,0.43697176367135443,2.5107138590385603e-12
138,151,0.41472888531828206,0.4147288854518536,1.3357154271531613e-10
138,159,0.4292914634059486,0.4292914634127277,6.779132810663668e-12
138,172,0.42219053484014096,0.4221905348808046,4.066363912258453e-11
139,105,0.41841159492272295,0.41841199664486367,4.0172214071931833e-07
139,118,0.4302445679999262,0.4302476392238635,3.0712239372787664e-06
139,126,0.40926363012954275,0.4092638763698825,2.46240339729642e-07
139,131,0.4194409834034187,0.4194485983984731,7.614995054416873e-06
139,147,0.4104881732404016,0.4104882783111764,1.0507077480292892e-07
139,152,0.4191865886492221,0.4191906186209857,4.029971763630513e-06
139,160,0.40559996499733103,0.4056006003816496,6.353843185480379e-07
139,173,0.41261026977139986,0.4126114525530898,1.1827816899234733e-06
140,106,0.4103744538378411,0.4116167979383935,0.001242344100552406
140,119,0.4250521775792725,0.42587649091169905,0.0008243133324265517
140,127,0.4123406959424612,0.4138725948680671,0.0015318989256059012
140,132,0.41272062993026165,0.4128451391041968,0.00012450917393513894
140,148,0.4144161406496576,0.41566352442474247,0.001247383775084876
140,153,0.42347128507878645,0.42361804624001964,0.00014676116123318872
140,161,0.4287595163001377,0.4295501501486058,0.0007906338484681141
140,174,0.3991512796652865,0.3992733120963416,0.00012203243105507466
141,107,0.44104855294563244,0.4410486730051277,1.2005949523441473e-07
141,120,0.42287727525680385,0.42287731386815236,3.8611348507355814e-08
141,128,0.4054545531720328,0.40545476341409853,2.1024206570130488e-07
141,133,0.4223180337164376,0.42231803852373545,4.807297837583491e-09
141,149,0.4310325463832117,0.4310327829300333,2.3654682157481233e-07
141,154,0.4230714927748501,0.4230714998090051,7.034154980711804e-09
141,162,0.4305963731921513,0.4305964411966977,6.80045463830048e-08
141,175,0.40503072522245975,0.40503073303408793,7.811628177645247e-09
142,108,0.4139197073550129,0.41391970735506867,5.5788706987414116e-14
142,121,0.42156081982973054,0.42156081983004706,3.1652458432063213e-13
142,129,0.41224100187863,0.41224100187870033,7.033262861000367e-14
142,134,0.40845113289298557,0.40845113289445273,1.4671597270421444e-12
142,150,0.4308906246076112,0.43089062460771366,1.0247358517290195e-13
142,155,0.41985991139084644,0.4198599113914992,6.527556273283608e-13
142,163,0.43165974955249126,0.4316597495525469,5.562217353372034e-14
142,176,0.42615258889340785,0.42615258889362434,2.1649348980190553e-13
143,109,0.4236879484418287,0.42368836495521683,4.165133881128824e-07
143,122,0.41678331380834915,0.4167866588123053,3.345003956156667e-06
143,130,0.42226555936019755,0.4222658281624712,2.6880227366188336e-07
143,135,0.4184688789185068,0.4184771280626074,8.24914410058053e-06
143,151,0.40831741493158763,0.4083175230533477,1.081217600451545e-07
143,156,0.42309326277512965,0.4230977225013617,4.459726232031169e-06
143,164,0.41745698699743133,0.41745766043842275,6.734409914166406e-07
143,177,0.4327723344592268,0.4327736660408299,1.3315816030923244e-06
144,110,0.42485592377870546,0.4444220671730833,0.019566143394377844
144,123,0.4219343148812381,0.5015746077605415,0.07964029287930341
144,131,0.41246045755404565,0.4251850723117619,0.012724614757716246
144,136,0.4185114052434407,0.4377061335292368,0.019194728285796103
144,152,0.4035190805640329,0.40987644820626984,0.006357367642236933
144,157,0.41569838881097165,0.42886020589650503,0.013161817085533378
144,165,0.41575966721582064,0.4222796246817059,0.00651995746588524
144,178,0.4242463545103167,0.4308328855935974,0.006586531083280667
145,111,0.4262195898374373,0.42621971672115755,1.268837202528239e-07
145,124,0.4363185710789652,0.4363186026477622,3.156879696541992e-08
145,132,0.39651999353045886,0.3965202069752718,2.1344481293539275e-07
145,137,0.44512818966101864,0.445128192593443,2.932424358892405e-09
145,153,0.417303726478279,0.4173039765233394,2.500450603792892e-07
145,158,0.4148521974429571,0.4148522016101988,4.16724171836691e-09
145,166,0.4139680806454677,0.4139681395450093,5.8899541577339676e-08
145,179,0.40410762811130385,0.4041076330925258,4.981221934929891e-09
146,112,0.4271742237018719,0.42717422370870867,6.836753385641714e-12
146,125,0.43225248103568686,0.43225248103724034,1.5534795672067503e-12
146,133,0.4201424114987143,0.4201424115108976,1.2183309916480312e-11
146,138,0.41212249860151884,0.41212249860867545,7.1566086390362216e-12
146,154,0.4212686079916089,0.42126860800872035,1.7111423389337688e-11
146,159,0.41690294020456065,0.41690294020724517,2.6845192735436285e-12
146,167,0.43761584651743524,0.43761584652064633,3.2110980541233403e-12
146,180,0.4324088105162994,0.4324088105171915,8.920642002863133e-13
147,113,0.4398445552573287,0.43984455652290333,1.2655746450818128e-09
147,126,0.4234131139805862,0.42341312337708653,9.396500355585147e-09
147,134,0.3972022161954314,0.3972022168193545,6.239231353788455e-10
147,139,0.4116233421216278,0.41162337205553173,2.993390391115014e-08
147,155,0.4464649625366279,0.4464649627823643,2.4573643120362476e-10
147,160,0.40926705809002467,0.40926707068937807,1.259935339392726e-08
147,168,0.44924753990430843,0.4492475412482283,1.3439198642828387e-09
147,181,0.41078126886958355,0.41078127228809663,3.418513083719432e-09
148,114,0.3926833292177152,0.41275044277147377,0.020067113553758564
148,127,0.4305972101576447,0.5132474404829673,0.08265023032532265
148,135,0.4207839460236434,0.43434694487832387,0.013562998854680486
148,140,0.4155872854374864,0.4356454443589442,0.02005815892145779
148,156,0.4347016371515899,0.4416617762743434,0.006960139122753506
148,161,0.4039269101033096,0.4169380460241309,0.013011135920821315
148,169,0.4128138005878898,0.419636643301402,0.006822842713512189
148,182,0.4352263500378419,0.4421429495171127,0.006916599479270813
149,115,0.42032649703188313,0.42034390717555353,1.7410143670404388e-05
149,128,0.4270230700146844,0.42703015539994216,7.085385257732391e-06
149,136,0.42316551880613107,0.4231876154904247,2.209668429364875e-05
149,141,0.43990544268424875,0.439906315413575,8.727293262511537e-07
149,157,0.4293932096272222,0.42941086165490205,1.7652027679837534e-05
149,162,0.42757276622624096,0.42757378808163365,1.0218553926910623e-06
149,170,0.38674167627026623,0.3867488130866797,7.136816413455538e-06
149,183,0.41634256944500164,0.416343424914423,8.554694213569469e-07
150,116,0.4177812412962276,0.417781241296297,6.938893903907228e-14
150,129,0.4406338994660501,0.4406338994660533,3.219646771412954e-15
150,137,0.4200912639109712,0.42009126391111573,1.4455103780619538e-13
150,142,0.433153309743742,0.43315330974374316,1.1657341758564144e-15
150,158,0.4155506880281368,0.41555068802834233,2.0550228185811648e-13
150,163,0.42432949716034496,0.42432949716034496,0.0
150,171,0.4089419934085635,0.4089419934085696,6.106226635438361e-15
150,184,0.41155660446430437,0.41155660446430437,0.0
151,117,0.4357097681324556,0.4357097688729603,7.405047131037179e-10
151,130,0.4110819110369902,0.4110819195640732,8.527082984155498e-09
151,138,0.42844260347064406,0.4284426038528217,3.8217762288184076e-10
151,143,0.4355991503742617,0.4355991823986199,3.2024358165294586e-08
151,159,0.4274295825135804,0.4274295826531077,1.3952733413091778e-10
151,164,0.42822084282098005,0.4282208557905414,1.2969561369313709e-08
151,172,0.4122186804373402,0.41221868147780744,1.0404672123875969e-09
151,185,0.4011963107658497,0.4011963137308611,2.9650114030665975e-09
152,118,0.4242887715029224,0.424329015095289,4.024359236659558e-05
152,131,0.42171156210679417,0.42196457762268685,0.000253015515892685
152,139,0.4368196185066533,0.4368405186452175,2.0900138564206028e-05
152,144,0.4253436256416773,0.42573183639918266,0.0003882107575053362
152,160,0.4375407609960764,0.43754815397906843,7.392982992016073e-06
152,165,0.4479042679776503,0.44805000244374527,0.0001457344660949489
152,173,0.3984287553967488,0.39844261718926566,1.3861792516833837e-05
152,186,0.41147949974746606,0.411499889976614,2.0390229147959626e-05
153,119,0.40805732753342994,0.408076336060448,1.9008527018082866e-05
153,132,0.4522097316778941,0.45221711627902067,7.384601126592116e-06
153,140,0.41744967001451994,0.417473352345532,2.3682331012075952e-05
153,145,0.42367630889873753,0.42367721270858394,9.038098464086985e-07
153,161,0.42943692686225876,0.42945536478506624,1.8437922807479357e-05
153,166,0.4383676588981182,0.4383687108054924,1.051907374205463e-06
153,174,0.4197552443959189,0.4197624784173115,7.234021392632517e-06
153,187,0.4315442512651195,0.43154514553422807,8.942691085422894e-07
154,120,0.40016297951232294,0.4001629811671154,1.6547924697185579e-09
154,133,0.42008753218751305,0.42008753257628256,3.887695165794014e-10
154,141,0.423008650590727,0.4230086530359738,2.4452467828339763e-09
154,146,0.42343754419585666,0.42343754424003954,4.418287957719258e-11
154,162,0.41048864280478553,0.41048864558896203,2.7841765004588126e-09
154,167,0.4248109863428125,0.4248109864025672,5.975470118713133e-11
154,175,0.43912998912961326,0.43912998975306156,6.234482929912133e-10
154,188,0.42354724735150434,0.42354724742487637,7.337203067336873e-11
155,121,0.4122332095956748,0.4122332095989157,3.2409075423345257e-12
155,134,0.4255910868927721,0.4255910869169181,2.4146018517967605e-11
155,142,0.4207409306595545,0.4207409306609735,1.4190315589246438e-12
155,147,0.4319016512140803,0.4319016513060777,9.199740969023651e-11
155,163,0.42787647978627164,0.42787647978678467,5.130340596792848e-13
155,168,0.43306631464847,0.43306631468205287,3.3582858716130204e-11
155,176,0.41755720432832355,0.41755720433115223,2.828681733291205e-12
155,189,0.4054443207818,0.4054443207903427,8.54272208528073e-12
156,122,0.40881094327019674,0.40885605427725025,4.511100705351101e-05
156,135,0.42047349730880196,0.42075766225182054,0.0002841649430185833
156,143,0.42758985694454754,0.4276132342525202,2.3377307972638484e-05
156,148,0.42127941977023564,0.42170723991068737,0.000427820140451729
156,164,0.4165420168728104,0.4165500794247193,8.062551908882831e-06
156,169,0.4209363229300002,0.4210980139432977,0.00016169101329749358
156,177,0.43661526959462177,0.43663143450986364,1.6164915241867472e-05
156,190,0.41083382447565936,0.4108565248827823,2.2700407122933086e-05
157,123,0.42593476789178664,0.42692387859722447,0.0009891107054378345
157,136,0.430685278793731,0.4314291572085156,0.0007438784147846267
157,144,0.4081412467620856,0.4089455570099346,0.0008043102478490494
157,149,0.3923991688910859,0.39249457380812847,9.540491704257414e-05
157,165,0.41025542663620435,0.4105570642510585,0.0003016376148541333
157,170,0.4368953459974499,0.43698214571220606,8.679971475616943e-05
157,178,0.4229419205271885,0.42321528071359105,0.0002733601864025603
157,191,0.4166753299889346,0.4167188106878669,4.348069893234108e-05
158,124,0.4177844699668767,0.41778447079162584,8.247491578572408e-10
158,137,0.42579680039399015,0.42579680049691887,1.0292872110184703e-10
158,145,0.4221964508652259,0.4221964521791809,1.313955000359357e-09
158,150,0.4330565525733576,0.4330565525775756,4.217959315155895e-12
158,166,0.41413438764487437,0.4141343891609301,1.5160557254034757e-09
158,171,0.43284708050635884,0.4328470805125138,6.154965426219405e-12
158,179,0.4330663519992639,0.43306635217353706,1.7427315146534283e-10
158,192,0.4299898528243819,0.42998985283991464,1.5532741759471946e-11
159,125,0.40765563897865115,0.40765563897941404,7.628897513711763e-13
159,138,0.40839390534813824,0.4083939053547887,6.650457962109613e-12
159,146,0.43759276138086395,0.4375927613817932,9.29256671611256e-13
159,151,0.40754389870206326,0.4075438987519131,4.9849846472938e-11
159,167,0.44104733695050014,0.44104733695164217,1.1420309142806673e-12
159,172,0.4040521189262387,0.40405211894133136,1.5092649352510534e-11
159,180,0.4275542213659434,0.4275542213666159,6.725175971666886e-13
159,193,0.4264969079443591,0.42649690794648726,2.1281310047527313e-12
160,126,0.4373488007299444,0.4373488901013063,8.9371361866597e-08
160,139,0.39107762469418605,0.3910782180173752,5.933231891352975e-07
160,147,0.4188219773214286,0.41882201560005594,3.8278627323418135e-08
160,152,0.41680680092598643,0.41680819221564824,1.3912896618117898e-06
160,168,0.423440233992937,0.42344024492753773,1.093460072487673e-08
160,173,0.42917972397665805,0.42918014034409074,4.163674326984612e-07
160,181,0.40801696767418644,0.4080169974763716,2.980218516412947e-08
160,194,0.421560947442586,0.42156100411580716,5.667322117153262e-08
161,127,0.40107936690143814,0.4020598060196095,0.0009804391181713612
161,140,0.41881428729447495,0.419554144298037,0.00073985700356205
161,148,0.41957977320823675,0.42037812192973584,0.000798348721499087
161,153,0.4138639424126666,0.41396149107419966,9.754866153305342e-05
161,169,0.43447480649225556,0.4347772384788801,0.00030243198662455173
161,174,0.4034439760142763,0.40352508976361234,8.11137493360592e-05
161,182,0.4153141368464218,0.41558579897705084,0.00027166213062901345
161,195,0.4130640791701044,0.41310598911951724,4.190994941283277e-05
162,128,0.4186296514403523,0.41862989959304714,2.481526948372448e-07
162,141,0.4272349518650624,0.4272350208513465,6.898628412965735e-08
162,149,0.41718896107284004,0.4171892402669219,2.791940818536176e-07
162,154,0.4004504222443832,0.40045043044395273,8.199569523359429e-09
162,170,0.41796186633751226,0.41796211553600066,2.4919848840010417e-07
162,175,0.41594276924473933,0.4159427783501295,9.105390164076965e-09
162,183,0.43052913033566154,0.430529198408612,6.807295044319872e-08
162,196,0.4204199532520872,0.42041996187968367,8.627596470578425e-09
163,129,0.4256292903675496,0.42562929036757546,2.5868196473766147e-14
163,142,0.432275814840803,0.4322758148408525,4.9460435747050724e-14
163,150,0.43731987799211586,0.4373198779921536,3.774758283725532e-14
163,155,0.43577975138348574,0.43577975138370223,2.1649348980190553e-13
163,171,0.41445459660770817,0.41445459660776246,5.4289905904170155e-14
163,176,0.43522723405117913,0.43522723405125213,7.299716386910404e-14
163,184,0.42653740335524376,0.4265374033552504,6.661338147750939e-15
163,197,0.4086332527711875,0.4086332527712364,4.8905324234738146e-14
164,130,0.392349014048515,0.39234910826344055,9.421492552785793e-08
164,143,0.41419051892977965,0.4141911456096347,6.266798550647046e-07
164,151,0.41307597156763654,0.41307600954123724,3.797360070834088e-08
164,156,0.43123036165123224,0.4312318590890848,1.4974378525489662e-06
164,172,0.40840100341174196,0.4084010139803937,1.0568651731546197e-08
164,177,0.4195100004058299,0.4195104572275852,4.568217552569642e-07
164,185,0.4408674802067759,0.4408675113290823,3.1122306398678745e-08
164,198,0.4296966640973214,0.429696736166761,7.206943963833368e-08
165,131,0.4280456238386563,0.4283059640883651,0.0002603402497087792
165,144,0.4045113981315348,0.40489964161163267,0.0003882434800978607
165,152,0.4203786757542935,0.4205099753478033,0.000131299593509826
165,157,0.4240439479310852,0.4243121962772099,0.00026824834612471093
165,173,0.4218376059432278,0.4218525206687188,1.491472549103312e-05
165,178,0.4393469454873701,0.4394829769498064,0.0001360314624363479
165,186,0.4257585166475638,0.425780364784184,2.1848136620206127e-05
165,199,0.44347437235105247,0.44349024020471356,1.5867853661089004e-05
166,132,0.4406913750434719,0.44069162463197536,2.495885034758949e-07
166,145,0.4308086524772355,0.43080871183438624,5.9357150750116716e-08
166,153,0.4075234227426503,0.4075237151360008,2.9239335047615e-07
166,158,0.4095814669192863,0.4095814717781142,4.8588278955818964e-09
166,174,0.4269483071613144,0.4269485515676706,2.4440635620903706e-07
166,179,0.4274584407256878,0.427458446533607,5.807919201128442e-09
166,187,0.4264425031360473,0.42644256200887937,5.887283205385785e-08
166,200,0.43209612115875773,0.43209613499109306,1.3832335332697454e-08
167,133,0.3955453823823193,0.3955453823990793,1.6760037802043826e-11
167,146,0.41950347612288497,0.41950347612619693,3.3119618159105357e-12
167,154,0.40713404003076004,0.4071340400542989,2.3538837545800106e-11
167,159,0.38921976224275323,0.38921976224644605,3.692823824508196e-12
167,175,0.42539000796897125,0.4253900079953338,2.6362523275480498e-11
167,180,0.4023221992475576,0.4023221992487849,1.2272960425718793e-12
167,188,0.45708587086771624,0.4570858708730919,5.375644374083777e-12
167,201,0.4129389947132744,0.412938994715709,2.4346080707005058e-12
168,134,0.43207325643987354,0.4320732566244413,1.8456774997233083e-10
168,147,0.42350915538117945,0.4235091565640277,1.1828482637810112e-09
168,155,0.4226215677048494,0.4226215677781173,7.326794726481012e-11
168,160,0.42115955140939393,0.4211595547579274,3.348533450520108e-09
168,176,0.4395394535527009,0.43953945357111157,1.8410661883905277e-11
168,181,0.4155429484144705,0.4155429493674297,9.529592115420371e-10
168,189,0.4180152695593722,0.41801526961943025,6.005806962861016e-11
168,202,0.42065278678498164,0.42065278698163855,1.9665691297632293e-10
169,135,0.44318360059476025,0.4434630791499874,0.0002794785552271417
169,148,0.38464233228934397,0.3850505852298328,0.0004082529404888513
169,156,0.41210862607334053,0.41225316901155395,0.00014454293821342112
169,161,0.4253861161576135,0.4256563971531258,0.00027028099551229534
169,177,0.4221018197291684,0.4221184963976522,1.6676668483817103e-05
169,182,0.4323365805777505,0.4324796009434647,0.00014302036571423038
169,190,0.4275957129721455,0.42761904242616394,2.3329454018450324e-05
169,203,0.4103005852124285,0.41031486511791354,1.4279905485026223e-05
170,136,0.4273605625314656,0.4273807716010214,2.020906955579882e-05
170,149,0.4147699874883824,0.4147771991780687,7.211689686315026e-06
170,157,0.4013382810555925,0.40135441840332076,1.6137347728262252e-05
170,162,0.42409534383398195,0.4240962700574829,9.262235009521724e-07
170,178,0.42083160233491773,0.42084022231902657,8.619984108837464e-06
170,183,0.4165910369519482,0.41659181225678493,7.753048367198367e-07
170,191,0.4479587739729365,0.44796224415066405,3.4701777275603085e-06
170,204,0.3977958739601369,0.3977963851955644,5.11235427491652e-07
171,137,0.410713504515777,0.4107135045158257,4.873879078104437e-14
171,150,0.4183738619761388,0.4183738619761398,9.992007221626409e-16
171,158,0.4304973612927024,0.4304973612927713,6.888933867799096e-14
171,163,0.4094504413785598,0.4094504413785598,0.0
171,179,0.4286595384816428,0.4286595384817256,8.282263763703668e-14
171,184,0.421725250623228,0.421725250623228,0.0
171,192,0.4272199521026788,0.42721995210268504,6.217248937900877e-15
171,205,0.4369610974279935,0.43696109742799727,3.774758283725532e-15
172,138,0.4008456758365195,0.4008456759396107,1.0309120224150092e-10
172,151,0.4445874472135215,0.444587448162164,9.486424978888408e-10
172,159,0.4395715887519793,0.43957158878963554,3.765621148232867e-11
172,164,0.4191051206293962,0.419105124037763,3.408366811008534e-09
172,180,0.40087560494472585,0.4008756049550735,1.0347667167565078e-11
172,185,0.41846497150546264,0.4184649722957325,7.90269849559877e-10
172,193,0.4193872867202835,0.4193872867523012,3.201766629601366e-11
172,206,0.4121636999891535,0.4121637001022763,1.1312284442510645e-10
173,139,0.41771609139462174,0.4177172043366355,1.1129420137701018e-06
173,152,0.40404789520784584,0.40405049879230537,2.6035844595262425e-06
173,160,0.42017437120551926,0.42017479134527147,4.201397522107797e-07
173,165,0.4508188472475776,0.45082221061130867,3.3633637310792608e-06
173,181,0.4332220593416609,0.43322211502860913,5.568694821933562e-08
173,186,0.4243691215348805,0.4243701923026492,1.070767768729386e-06
173,194,0.3969959893695344,0.39699609535454616,1.0598501176684039e-07
173,207,0.41238311871555505,0.4123832402309938,1.2151543876681714e-07
174,140,0.4337339908159528,0.4337536928212839,1.9702005331079242e-05
174,153,0.4357441488240685,0.43575137829240623,7.229468337754952e-06
174,161,0.4341876015569833,0.43420293920804304,1.53376510597103e-05
174,166,0.4216962951244134,0.4216971696002828,8.744758693834953e-07
174,182,0.4154217847108558,0.4154301075176975,8.322806841709607e-06
174,187,0.433528793622774,0.4335295370497223,7.434269482797795e-07
174,195,0.44482286763402673,0.44482614999494496,3.282360918233085e-06
174,208,0.416632312420961,0.41663278954112426,4.771201632669531e-07
175,141,0.41410850530853516,0.41410850801374904,2.7052138862337927e-09
175,154,0.4087282594220422,0.40872826004227725,6.202350300021919e-10
175,162,0.4165583262039711,0.4165583292839623,3.079991206522692e-09
175,167,0.4077890900554743,0.40778909012191217,6.643785521731616e-11
175,183,0.432032515069308,0.432032517767047,2.6977389766535964e-09
175,188,0.4082525313485818,0.4082525314301561,8.157430286814815e-11
175,196,0.4105856099588586,0.41058561061296545,6.541068242604808e-10
175,209,0.42964517695506466,0.4296451771737468,2.1868212796150033e-10
176,142,0.4305621112998851,0.43056211130024946,3.643751966819764e-13
176,155,0.4336162733180862,0.4336162733204526,2.36638486583729e-12
176,163,0.42514851850605256,0.42514851850618607,1.3350431871117507e-13
176,168,0.43666664353311835,0.43666664354057033,7.451983474737744e-12
176,184,0.42628119357522454,0.426281193575269,4.446443213623752e-14
176,189,0.4296642444163765,0.429664244418405,2.0284884882926235e-12
176,197,0.44095957482732717,0.44095957482768733,3.601563491884008e-13
176,210,0.43378787466908675,0.43378787466970503,6.182832024137497e-13
177,143,0.40952538705021085,0.4095266453797582,1.2583295473378442e-06
177,156,0.4202773844654704,0.4202803942318184,3.0097663479833336e-06
177,164,0.41217432399895376,0.4121747882214751,4.642225213125073e-07
177,169,0.41571476833307275,0.41571856121758244,3.7928845096901753e-06
177,185,0.43546957109045986,0.4354696333706385,6.22801786254179e-08
177,190,0.4326796503125862,0.43268086291135466,1.2125987684519224e-06
177,198,0.42092070726515723,0.42092085153725145,1.4427209421574716e-07
177,211,0.41763045480036126,0.4176305820682678,1.2726790654671305e-07
178,144,0.4023478389001149,0.4027500105573849,0.0004021716572700229
178,157,0.43413894723501156,0.4344091002733754,0.00027015303836386284
178,165,0.42459505519862795,0.4247460465292575,0.0001509913306295685
178,170,0.4006456798869096,0.40068928833172357,4.360844481399173e-05
178,186,0.4199205724088633,0.41994169794095887,2.112553209554502e-05
178,191,0.41779759342105544,0.41781945468342474,2.1861262369304857e-05
178,199,0.4156072962526328,0.41562258243546857,1.5286182835749784e-05
178,212,0.4190480161096252,0.4190548718125622,6.855702936958696e-06
179,145,0.4041473535528956,0.4041473551272186,1.5743230052933654e-09
179,158,0.43652501911600305,0.4365250192908431,1.7484003134171644e-10
179,166,0.4152240202622923,0.4152240220787626,1.8164702519918308e-09
179,171,0.41305419330665,0.4130541933140245,7.374489907618909e-12
179,187,0.4132588569194537,0.4132588584842434,1.564789686714363e-09
179,192,0.43634130849298053,0.4363413085115917,1.861116816215258e-11
179,200,0.42710290718673066,0.4271029075963903,4.0965963954420204e-10
179,213,0.4222531644712757,0.4222531645251564,5.388067769729332e-11
180,146,0.41823355115217736,0.4182335511525205,3.4311442576040463e-13
180,159,0.43047110780716136,0.4304711078079609,7.995271111838065e-13
180,167,0.41202538949783823,0.4120253894982705,4.322653346378047e-13
180,172,0.4153119997765054,0.41531199978210914,5.603739694493015e-12
180,188,0.42777079800566037,0.4277707980061773,5.169198402654729e-13
180,193,0.4100955031406848,0.4100955031413669,6.820655151784649e-13
180,201,0.4100315337545919,0.4100315337548591,2.672306820272752e-13
180,214,0.42866866102647067,0.42866866102662227,1.5160095401256513e-13
181,147,0.4305932943920055,0.43059329767617927,3.2841737662714365e-09
181,160,0.43623053941082024,0.4362305489793602,9.568539960369549e-09
181,168,0.41224402660894055,0.4122440276501755,1.0412349316091252e-09
181,173,0.4087235426450619,0.40872355961437257,1.6969310678849325e-08
181,189,0.4102241908720252,0.4102241910302583,1.5823309329476842e-10
181,194,0.40785964001429686,0.4078596447906268,4.776329942668411e-09
181,202,0.4009719582993649,0.400971958822946,5.235811229020726e-10
181,215,0.41851807842993083,0.418518079144964,7.150331438054991e-10
182,148,0.4131375039202098,0.41356299910873,0.0004254951885201974
182,161,0.4234916980371224,0.42376466881377534,0.00027297077665294767
182,169,0.4366469745374551,0.43680761013283786,0.00016063559538276317
182,174,0.422238039318547,0.4222810624368959,4.3023118348917144e-05
182,190,0.3941410717151305,0.39416359378430477,2.2522069174246706e-05
182,195,0.42901942895561174,0.4290416605481968,2.2231592585075788e-05
182,203,0.4083654693668382,0.40837920017000784,1.373080316963149e-05
182,216,0.4198987705311451,0.41990621430033076,7.44376918565548e-06
183,149,0.427115857006967,0.427116087833433,2.3082646599670298e-07
183,162,0.4117375051350153,0.4117375716880708,6.655305551106494e-08
183,170,0.40870722092388745,0.4087074269386127,2.060147252236355e-07
183,175,0.4254172654848517,0.4254172731616609,7.676809188339462e-09
183,191,0.4171188652984118,0.41711898562100286,1.2032259105732024e-07
183,196,0.4077297950313741,0.4077298023051408,7.273766700066631e-09
183,204,0.42833998952368135,0.4283400275433344,3.801965303695809e-08
183,217,0.4262294934102111,0.4262295094707082,1.6060497098902005e-08
184,150,0.4229406897954716,0.4229406897954821,1.049160758270773e-14
184,163,0.4041795618304249,0.40417956183042697,2.0539125955565396e-15
184,171,0.4519122682090563,0.4519122682090723,1.6042722705833512e-14
184,176,0.38337342043860145,0.3833734204386176,1.6153745008296028e-14
184,192,0.4286152308560251,0.42861523085607467,4.957145804951324e-14
184,197,0.42786997198158333,0.4278699719815939,1.0547118733938987e-14
184,205,0.40865132610955746,0.40865132610959043,3.297362383136715e-14
184,218,0.423956535574248,0.4239565355742512,3.219646771412954e-15
185,151,0.43612350183226,0.4361235047118475,2.879587512882864e-09
185,164,0.4374554049397015,0.4374554153743144,1.0434612951470967e-08
185,172,0.40467321159924796,0.40467321244116444,8.419164809758684e-10
185,177,0.4204605103547421,0.42046053028483954,1.993009746126262e-08
185,193,0.41697991300674375,0.4169799131030573,9.63135682319205e-11
185,198,0.4230295265869725,0.4230295319399629,5.352990384288603e-09
185,206,0.40401587963495905,0.4040158799756412,3.4068214915805584e-10
185,219,0.41873053340905253,0.4187305337702977,3.6124514490865067e-10
186,152,0.41172398873412097,0.4117279468068597,3.958072738730056e-06
186,165,0.43392290378693094,0.43392800326641734,5.099479486403435e-06
186,173,0.4364088353578383,0.43640999044778783,1.1550899495227362e-06
186,178,0.42491105364642706,0.4249151483880617,4.094741634652621e-06
186,194,0.4310960226511774,0.43109617364109787,1.5098992045547988e-07
186,199,0.40330241699269587,0.4033036378424683,1.2208497724430778e-06
186,207,0.4135959799797768,0.41359615325150195,1.7327172513459388e-07
186,220,0.42175042228033116,0.4217505528299008,1.305495696546366e-07
187,153,0.43551569235612786,0.43551593915492515,2.4679879728761733e-07
187,166,0.4170298139279936,0.41702987211129416,5.8183300566394536e-08
187,174,0.398971621860384,0.39897182816217946,2.0630179548009053e-07
187,179,0.40197542396648633,0.4019754288903648,4.923878471618792e-09
187,195,0.4372299442463535,0.43723006597397185,1.2172761837403456e-07
187,200,0.42286016215152655,0.4228601738632928,1.1711766223498898e-08
187,208,0.4374365567145196,0.4374365891001741,3.238565449148467e-08
187,221,0.41928694965657076,0.41928695565397334,5.997402574564603e-09
188,154,0.3977100494417106,0.39771004947093025,2.921962671820211e-11
188,167,0.4263716257047246,0.4263716257101894,5.464795282961177e-12
188,175,0.4173203378390375,0.4173203378717615,3.272399018428018e-11
188,180,0.42883325190356614,0.4288332519050748,1.5086820681631252e-12
188,196,0.4140269201071602,0.4140269201380463,3.08861269893157e-11
188,201,0.42155526520011977,0.42155526520312825,3.008482352129249e-12
188,209,0.3961650332075802,0.39616503321958374,1.2003564808793499e-11
188,222,0.41479013894301575,0.41479013894721944,4.2036929492894615e-12
189,155,0.4058035106123846,0.40580351062044323,8.05860933539293e-12
189,168,0.4243623553509805,0.42436235537735373,2.637323692766813e-11
189,176,0.4324099204543367,0.4324099204566272,2.2905011221041605e-12
189,181,0.4353885659565079,0.4353885660165331,6.002520702708125e-11
189,197,0.4330171046637938,0.4330171046649525,1.1587397708012759e-12
189,202,0.42879309392508946,0.42879309394559245,2.0502988196113847e-11
189,210,0.4266814725454861,0.4266814725474806,1.9945156637390937e-12
189,223,0.423477777273817,0.4234777772763643,2.547295707699959e-12
190,156,0.41143852150465393,0.41144286888244885,4.347377794922114e-06
190,169,0.42413622505404985,0.42414168956401344,5.464509963581943e-06
190,177,0.4427971605611048,0.4427984543010783,1.2937399734846977e-06
190,182,0.42172518536009806,0.42172945994037403,4.274580275964723e-06
190,198,0.42422487926146213,0.42422507822948763,1.9896802549990156e-07
190,203,0.4062186229434015,0.4062197313780945,1.1084346929757238e-06
190,211,0.42058660807625203,0.4205867835591416,1.7548288955282487e-07
190,216,0.42211875468647586,0.42211939448364033,6.397971644700462e-07
191,157,0.41745295725324877,0.41746080458960527,7.847336356503476e-06
191,170,0.4074223204226786,0.4074255490051131,3.2285824344557845e-06
191,178,0.4017937383933351,0.4017979376880818,4.199294746709548e-06
191,183,0.43217341463721176,0.43217381372871344,3.990915016793828e-07
191,199,0.4227135753646915,0.4227148369546801,1.2615899885881632e-06
191,204,0.39998083689268826,0.39998110029837103,2.6340568276550513e-07
191,212,0.39412134930257564,0.39412192639796395,5.770953883099672e-07
191,217,0.4058812623053992,0.40588136147516285,9.916976362323027e-08
192,158,0.4222844521399319,0.42228445214854904,8.617162539081846e-12
192,171,0.4340653764838125,0.43406537648417576,3.632649736573512e-13
192,179,0.4161977482399168,0.41619774825020717,1.029037965949442e-11
192,184,0.434031805719695,0.4340318057197213,2.6256774532384952e-14
192,200,0.42012946840053894,0.42012946842074494,2.0206003537026618e-11
192,205,0.4117661579153585,0.4117661579159341,5.755951271169124e-13
192,213,0.4360248852640836,0.43602488526673844,2.6548208076349056e-12
192,218,0.43029755433250566,0.43029755433256955,6.389333506717776e-14
193,159,0.39970428719076156,0.3997042871926559,1.8943180357666733e-12
193,172,0.41277792940494945,0.41277792941637975,1.1430301150028299e-11
193,180,0.4250802000322879,0.4250802000328021,5.141997938551413e-13
193,185,0.41640615863963415,0.41640615867130776,3.167360818068232e-11
193,201,0.4007645154103015,0.40076451541084335,5.418443471683076e-13
193,206,0.4379249563134613,0.43792495631910394,5.642653011506127e-12
193,214,0.4250716792595169,0.4250716792598573,3.40394379350073e-13
193,219,0.43541074055168416,0.43541074055767875,5.9945937103123015e-12
194,160,0.41364858544168215,0.4136486042995634,1.8857881256550968e-08
194,173,0.43438755759772807,0.43438759113112657,3.353339850242776e-08
194,181,0.42210259326126,0.4221025983415197,5.080259712908486e-09
194,186,0.4150276858935526,0.41502772844633096,4.255277835651938e-08
194,202,0.44704651224201175,0.4470465132211726,9.791608635012494e-10
194,207,0.42293760951733733,0.4229376199189109,1.0401573546925391e-08
194,215,0.41032946187474284,0.41032946321273067,1.337987831639964e-09
194,220,0.40486873329258655,0.4048687412697174,7.977130844771807e-09
195,161,0.4209972529315755,0.42100497923839947,7.72630682394082e-06
195,174,0.41523049816099256,0.4152335827661649,3.0846051723432133e-06
195,182,0.4212884349634983,0.4212926315939478,4.196630449482264e-06
195,187,0.43006168021159136,0.4300620703161341,3.901045427245897e-07
195,200,0.4080498195494521,0.40804989967123123,8.012177915572849e-08
195,203,0.4126457240346347,0.41264681734467884,1.0933100441645749e-06
195,208,0.4071571352013718,0.4071573857165104,2.505151385778781e-07
195,216,0.42084002758021977,0.4208406589500246,6.31369804826587e-07
196,162,0.41962238729988094,0.41962239022184883,2.9219678898684265e-09
196,175,0.4217818238299818,0.42178182448532864,6.553468323566847e-10
196,183,0.40470416492244027,0.4047041674816772,2.55923693348592e-09
196,188,0.4111808248657137,0.4111808249429734,7.725969863869864e-11
196,201,0.4350162596133138,0.4350162596458377,3.25238724840915e-11
196,204,0.4311780773284995,0.43117807908238426,1.7538847596476614e-09
196,209,0.4211951650755649,0.4211951652828274,2.0726248495250843e-10
196,217,0.407566186519694,0.4075661873911708,8.714767796291767e-10
197,163,0.4122488670011847,0.4122488670012391,5.440092820663267e-14
197,176,0.42571428216039314,0.42571428216060564,2.1249668691325496e-13
197,184,0.42273315414987694,0.42273315414989676,1.9817480989559044e-14
197,189,0.41811125220459333,0.41811125220516293,5.695999227839366e-13
197,202,0.41845356160972524,0.41845356161123987,1.5146217613448698e-12
197,205,0.40921878072821966,0.409218780728533,3.1336044870045043e-13
197,210,0.4314742669775102,0.43147426697774566,2.354783035229957e-13
197,218,0.42957847331852916,0.4295784733185685,3.93574062229618e-14
198,164,0.4435910668738416,0.44359109205614505,2.5182303464710287e-08
198,177,0.4180127012150877,0.41801274936825056,4.815316284600968e-08
198,185,0.415590634644416,0.41559064036718263,5.722766649451927e-09
198,190,0.43129569840231574,0.43129575800707415,5.96047584067172e-08
198,203,0.4238463286700454,0.4238463701242047,4.1454159271925306e-08
198,206,0.4093072641655085,0.40930726497068964,8.05181143981315e-10
198,211,0.40973519546599885,0.40973520678653474,1.1320535897585415e-08
198,219,0.4095043818251082,0.4095043826788089,8.537007212261472e-10
199,165,0.4174630312541011,0.4174666238172018,3.5925631006739067e-06
199,178,0.4175793830222619,0.4175822608826387,2.877860376837571e-06
199,186,0.4382363023057303,0.4382374430313793,1.1407256489959217e-06
199,191,0.41817960565586576,0.41818080807009617,1.2024142304056795e-06
199,204,0.40834803156960225,0.40834821922523795,1.8765563569722588e-07
199,207,0.40707896420240036,0.40707909311753565,1.2891513528900944e-07
199,212,0.4184119140728611,0.41841231676234514,4.0268948403587856e-07
199,220,0.4058763587434111,0.4058764559553964,9.721198529488717e-08
200,166,0.4287762316399751,0.4287762422941316,1.0654156501477274e-08
200,179,0.40947641089836967,0.4094764118421055,9.437358117203587e-10
200,187,0.43405113778559196,0.434051146914957,9.129365041715687e-09
200,192,0.4357477028124964,0.4357477028881764,7.56799622969595e-11
200,195,0.40874471102916826,0.4087447322217364,2.1192568144812185e-08
200,205,0.4138571669154367,0.4138571669657816,5.0344894919618355e-11
200,208,0.425978287366852,0.42597829331069104,5.943839032074294e-09
200,213,0.41764125631732213,0.41764125655471407,2.3739193943939085e-10
200,221,0.41845692181294925,0.4184569229388103,1.1258610710385142e-09
201,167,0.4043491725938357,0.40434917259601955,2.183864200588914e-12
201,180,0.429907068185774,0.4299070681864076,6.336042801535768e-13
201,188,0.4236603191061181,0.4236603191087723,2.6541546738201305e-12
201,193,0.4003140605159968,0.4003140605175761,1.5793477636805164e-12
201,196,0.42170477790572314,0.42170477791766164,1.1938505739550465e-11
201,206,0.4247229001082545,0.4247229001138348,5.580313988673424e-12
201,209,0.4308554610249664,0.4308554610296471,4.68070027181966e-12
201,214,0.432859161285669,0.43285916128617846,5.094813460004843e-13
201,222,0.4316992777933106,0.4316992777949622,1.6516232825836141e-12
202,168,0.43604007572832926,0.4360400758231876,9.485834340239307e-11
202,181,0.4216538273267333,0.42165382754487957,2.18146278818665e-10
202,189,0.4224877359073763,0.4224877359308587,2.3482382704997917e-11
202,194,0.41949588764103524,0.41949588801120724,3.701720041604517e-10
202,197,0.4142168067382745,0.41421680674200345,3.7289615839597445e-12
202,207,0.40109415358921596,0.40109415399626014,4.070441761427901e-10
202,210,0.41329479571526184,0.4132947957217023,6.440459277001764e-12
202,215,0.40025868984500973,0.40025868994127645,9.626671682028132e-11
202,223,0.4381084623579265,0.4381084623661707,8.244183113959025e-12
203,169,0.41541000185002724,0.41541325129873347,3.2494487062217914e-06
203,182,0.4337128814723234,0.43371541683634407,2.53536402067267e-06
203,190,0.4112382058753604,0.411239244145312,1.038269951569859e-06
203,195,0.3999697416959135,0.39997077804452313,1.036348609650961e-06
203,198,0.417507516594143,0.417507640077249,1.2348310601817403e-07
203,208,0.4331708583679711,0.4331710152370719,1.5686910082024497e-07
203,211,0.39300483177689066,0.39300494070591246,1.0892902180259512e-07
203,216,0.4263657440662376,0.42636613336747525,3.893012376354754e-07
203,224,0.4097914479923358,0.40979149268401066,4.4691674860875e-08
204,170,0.40625859298657196,0.40625872750532604,1.3451875408021507e-07
204,183,0.42793338975777173,0.4279334270552715,3.7297499755339913e-08
204,191,0.4122253456519472,0.4122254242535679,7.860162071215981e-08
204,196,0.4096942294093583,0.40969423423496704,4.8256087459286334e-09
204,199,0.4179475785022457,0.41794763903290866,6.05306629819502e-08
204,209,0.4049729033771315,0.40497290481724696,1.4401154713183928e-09
204,212,0.4036388671217321,0.403638896584714,2.9462981943062516e-08
204,217,0.4136288999041793,0.4136289104820685,1.0577889231200288e-08
204,225,0.4259338801309778,0.4259338845566187,4.425640853789048e-09
205,171,0.4078632175571017,0.4078632175574275,3.257949465762522e-13
205,184,0.42669900439093833,0.4266990043909619,2.3592239273284576e-14
205,192,0.42719158111126176,0.4271915811120912,8.294476216974545e-13
205,197,0.42226861637410934,0.42226861637420104,9.170442183403793e-14
205,200,0.39577888795474614,0.395778887973356,1.860983589452303e-11
205,210,0.4470137969480072,0.4470137969481589,1.5171197631502764e-13
205,213,0.42047718546765356,0.4204771854700622,2.408628851924277e-12
205,218,0.4218300137864384,0.421830013786496,5.756506382681437e-14
205,226,0.412724662259541,0.4127246622599834,4.423683641618936e-13
206,172,0.4027273635840828,0.40272736362821365,4.413086562848889e-11
206,185,0.4477980242426824,0.44779802436477545,1.220930578860191e-10
206,193,0.43268574508903906,0.4326857450954699,6.430855847838757e-12
206,198,0.4215797312456562,0.42157973151021466,2.645584862293049e-10
206,201,0.42565466467030905,0.4256546646724062,2.0971557823656894e-12
206,211,0.40598011340393103,0.40598011363881,2.348789496231518e-10
206,214,0.40910453113037865,0.4091045311317068,1.3281598043590748e-12
206,219,0.4059095358273147,0.4059095358507182,2.34035013590983e-11
206,227,0.419710363772547,0.41971036377669846,4.151456955980848e-12
207,173,0.4180902045311546,0.41809024339485396,3.88636993697844e-08
207,186,0.4203320229043639,0.4203320722416535,4.9337289587114697e-08
207,194,0.40925656097590835,0.40925657158380757,1.0607899225689721e-08
207,199,0.39256240018336297,0.3925624409935266,4.0810163637328145e-08
207,202,0.42099143418688784,0.420991435303388,1.116500170095236e-09
207,212,0.41344535187284004,0.4134453717700689,1.989722886452938e-08
207,215,0.4061165144071531,0.4061165159331152,1.5259621344299035e-09
207,220,0.4247530705301486,0.42475307971229437,9.182145765951333e-09
207,228,0.4274721486310913,0.42747214955239177,9.213004803498848e-10
208,174,0.4234275132842185,0.4234276439750938,1.306908752884972e-07
208,187,0.420194780660199,0.4201948123553694,3.169517037715508e-08
208,195,0.41884757632627706,0.4188476534921041,7.716582706152053e-08
208,200,0.41129561376668333,0.41129562122624197,7.459558637457064e-09
208,203,0.40999003226062114,0.4099900854229541,5.316233298024997e-08
208,213,0.4264995518780434,0.4264995526648659,7.868224960461134e-10
208,216,0.4202793434618885,0.42027937652101977,3.3059131265833486e-08
208,221,0.42693137708920853,0.42693138091176425,3.822555716403997e-09
208,229,0.4198800970858605,0.4198800999234263,2.837565793445407e-09
209,175,0.4104411464181312,0.4104411466042417,1.8611051588734995e-10
209,188,0.41449042331403213,0.41449042333787556,2.3843427232606018e-11
209,196,0.4459814440274231,0.44598144420346175,1.7603862811910176e-10
209,201,0.4182581113170422,0.4182581113272136,1.0171363751254603e-11
209,204,0.43816250766655784,0.4381625081334543,4.66896465933786e-10
209,214,0.4342760389877904,0.43427603899153855,3.74816844228576e-12
209,217,0.4307747580029996,0.4307747582394026,2.36403008280206e-10
209,222,0.4305998299434357,0.43059982996285423,1.9418522345659994e-11
209,230,0.43067170157538215,0.43067170160384916,2.8467006529808714e-11
210,176,0.4328356807384199,0.43283568073879314,3.7325698087897763e-13
210,189,0.4119593291087947,0.41195932910980204,1.0073608613936358e-12
210,197,0.4229662991885652,0.4229662991888097,2.4447111002245947e-13
210,202,0.4157021211569813,0.4157021211596647,2.6834090505190034e-12
210,205,0.42986623050471295,0.4298662305052487,5.357381205328693e-13
210,215,0.4159688210369647,0.415968821040551,3.586297925295412e-12
210,218,0.4603282481457398,0.46032824814580875,6.894484982922222e-14
210,223,0.43889746352555725,0.43889746352607695,5.196953978270358e-13
210,231,0.4339507814971835,0.43395078149737926,1.957323192414151e-13
211,177,0.4021363106822914,0.4021363529889164,4.230662503657001e-08
211,190,0.40907679995171486,0.4090768523099302,5.2358215318903945e-08
211,198,0.4223471858613842,0.42234719710964214,1.1248257936191663e-08
211,203,0.4215790423123002,0.421579078733979,3.642167878403768e-08
211,206,0.44233111228737404,0.44233111299638767,7.09013625588284e-10
211,216,0.41422579535348675,0.41422581801723096,2.2663744214668213e-08
211,219,0.3894295264314737,0.38942952718321994,7.517462208284087e-10
211,224,0.4377897573113822,0.43778976152935006,4.217967863873184e-09
211,232,0.4123638530653157,0.41236385350872984,4.434141387399393e-10
212,178,0.40952105075328044,0.40952233670126065,1.2859479802118656e-06
212,191,0.4347735751664252,0.4347741134926186,5.383261933999961e-07
212,199,0.4276225263958833,0.42762292003626445,3.9364038117994937e-07
212,204,0.43604024606147074,0.43604033083398075,8.477251001171027e-08
212,207,0.41232186967022405,0.41232192794234085,5.827211679854116e-08
212,217,0.39801937516434555,0.39801940734887514,3.218452959696805e-08
212,220,0.4164425395825009,0.41644258354822333,4.3965722451577705e-08
212,225,0.4287452552880287,0.42874526678286096,1.1494832252711973e-08
212,233,0.4271422244395586,0.4271422323592191,7.919660482968993e-09
213,179,0.4238185632168333,0.42381856326467204,4.783873297498076e-11
213,192,0.4237412170266751,0.4237412170309382,4.263089881106907e-12
213,200,0.3975082905383126,0.3975082906321902,9.387757238243921e-11
213,205,0.39415419328112494,0.3941541932838023,2.6773583350347963e-12
213,208,0.4272353057597628,0.427235305995561,2.357981587763902e-10
213,218,0.4208956664239357,0.4208956664242327,2.9698465908722937e-13
213,221,0.43969908650175216,0.4396990865529453,5.1193160821583206e-11
213,226,0.41603652424349513,0.41603652424576665,2.2715163083830703e-12
213,234,0.42313662758252335,0.42313662758504383,2.5204838216552616e-12
214,180,0.39240325513824564,0.3924032551384497,2.0405899192610377e-13
214,193,0.42557530514882136,0.42557530514933417,5.128120150743598e-13
214,201,0.41544689394311757,0.41544689394348266,3.6509684164798273e-13
214,206,0.41024424179943403,0.4102442418012458,1.811772953885793e-12
214,209,0.420854614473057,0.4208546144744058,1.3488099526171027e-12
214,219,0.42266746297629676,0.42266746297821206,1.915301250932089e-12
214,222,0.4216694830113517,0.42166948301183343,4.817257703848554e-13
214,227,0.4100963784564151,0.41009637845677255,3.5743630277806915e-13
215,181,0.429731720411036,0.42973172071128307,3.002470494450904e-10
215,194,0.43135601882242236,0.4313560193321519,5.097295363576393e-10
215,202,0.4011581218063538,0.40115812190381606,9.746226048434892e-11
215,207,0.4176761661104747,0.41767616667110424,5.606295427895702e-10
215,210,0.41082770729211576,0.41082770730089246,8.776701587720481e-12
215,220,0.47184435819061493,0.4718443586334459,4.4283099409625493e-10
215,223,0.40853623128582817,0.4085362312970644,1.1236234165323822e-11
215,228,0.4193307168320299,0.4193307169137579,8.17280132459075e-11
216,182,0.4208828070149686,0.42088414059874907,1.3335837804606676e-06
216,190,0.4412342807113233,0.44123483940934394,5.586980206251368e-07
216,195,0.4372381020894295,0.43723865995314076,5.578637112813034e-07
216,203,0.43533000746872785,0.43533037038924666,3.6292051880382203e-07
216,208,0.40646593832383243,0.4064660249251598,8.660132738702586e-08
216,211,0.4355884755347243,0.4355885357125483,6.01778240016948e-08
216,221,0.4242862731107834,0.42428628633068205,1.3219898675753683e-08
216,224,0.43462810652081296,0.43462813125786104,2.473704807659516e-08
216,229,0.4162361753218266,0.41623618577617466,1.04543480539121e-08
217,183,0.43506185115498025,0.4350618647163387,1.3561358425118186e-08
217,191,0.41247379010896756,0.41247381715428527,2.704531770758578e-08
217,196,0.42801843195503186,0.4280184338482734,1.893241563521997e-09
217,204,0.4364386176883407,0.43643862679398815,9.105647458262922e-09
217,209,0.422283083576396,0.42228308415207283,5.756768395315248e-10
217,212,0.4133993128620727,0.41339932311491145,1.0252838744673198e-08
217,222,0.42368633140873496,0.4236863315845881,1.7585316536283813e-10
217,225,0.4213529311174643,0.4213529327910092,1.673544913760594e-09
217,230,0.41723727531691485,0.41723727557864826,2.617334127208437e-10
218,184,0.4273412143483273,0.42734121434832795,6.661338147750939e-16
218,192,0.40421049928131664,0.4042104992813821,6.544764730165298e-14
218,197,0.4188956756718005,0.418895675671813,1.2490009027033011e-14
218,205,0.4233459404472246,0.4233459404472689,4.4297898682543746e-14
218,210,0.43674664726652945,0.4367466472665482,1.8762769116165146e-14
218,213,0.41098045522890464,0.4109804552291137,2.0905499553691698e-13
218,223,0.41148666563284725,0.41148666563287106,2.3814283878209608e-14
218,226,0.4373727009670243,0.4373727009670613,3.702593787124897e-14
218,231,0.43823833574568094,0.43823833574569104,1.0103029524088925e-14
219,185,0.41149736492370526,0.41149736505181755,1.2811229854747808e-10
219,193,0.4185363237544906,0.4185363237612574,6.766753823939098e-12
219,198,0.4144141279913175,0.41441412826881385,2.774963592244717e-10
219,206,0.41759861278927446,0.4175986128124498,2.317535052753783e-11
219,211,0.4008561344873598,0.4008561347337341,2.4637430984242314e-10
219,214,0.4070424662385027,0.4070424662398978,1.3951062527439717e-12
219,224,0.4163735214061701,0.41637352151348206,1.0731193711421838e-10
219,227,0.41981437960542795,0.4198143796097959,4.367950445782753e-12
219,232,0.41446403955317224,0.41446403956777833,1.460609411196856e-11
220,186,0.43379005012717803,0.43379008692303067,3.6795852642601545e-08
220,194,0.3998654280064184,0.3998654359736477,7.967229320726688e-09
220,199,0.42221489679727386,0.42221492724427784,3.044700397358824e-08
220,207,0.4145275928567079,0.414527601849371,8.992663058648986e-09
220,212,0.4294121498422603,0.4294121647007169,1.4858456631738903e-08
220,215,0.4217977786004862,0.4217977797577017,1.157215545610768e-09
220,225,0.4160807901240622,0.4160807924163066,2.292244394297427e-09
220,228,0.40863350988068003,0.40863351057978037,6.991003331791035e-10
220,233,0.43058634285938485,0.430586344246997,1.3876121363054494e-09
221,187,0.4236530723595933,0.42365307621187637,3.85228304811136e-09
221,200,0.43364098340706564,0.43364098433887754,9.31811905413582e-10
221,208,0.41330921535846077,0.4133092178700705,2.5116097535082815e-09
221,213,0.42146605006444054,0.42146605016921557,1.0477502199179867e-10
221,216,0.42780018872921294,0.4278001924859739,3.756760957873695e-09
221,226,0.42059361222803365,0.4205936122466521,1.8618440122963875e-11
221,229,0.43634526546065355,0.43634526581697336,3.5631980699335486e-10
221,234,0.4061641310833217,0.4061641311039642,2.0642487719157998e-11
222,188,0.4251473401435196,0.42514734015084454,7.324918449569395e-12
222,201,0.4054235646235526,0.4054235646267016,3.1489810758955628e-12
222,209,0.3851519683969745,0.38515196841489524,1.7920720463138196e-11
222,214,0.43823514566892663,0.4382351456701079,1.1812772982011666e-12
222,217,0.4116621696737946,0.4116621697427224,6.892780790579423e-11
222,227,0.43915927711698305,0.43915927711921954,2.2364887719561466e-12
222,230,0.41223738898029233,0.4122373889888258,8.53345172302511e-12
222,235,0.4375653898687301,0.4375653898706781,1.9479973190072997e-12
223,189,0.4187333279531124,0.41873332795441814,1.3057332992616466e-12
223,202,0.43485951271624873,0.43485951271973244,3.4837133178200475e-12
223,210,0.41583101390905636,0.4158310139095874,5.310196726782124e-13
223,215,0.4310304478346588,0.4310304478393153,4.6564974098828316e-12
223,218,0.416220894875188,0.41622089487527875,9.076073226310655e-14
223,226,0.4248472538419067,0.4248472538424796,5.72930591857812e-13
223,228,0.43536226130667005,0.43536226130965633,2.986277891636746e-12
223,231,0.4278755173302293,0.42787551733048196,2.5263124925345437e-13
223,236,0.4153740719425924,0.4153740719430351,4.4270143106928117e-13
224,203,0.434292801712807,0.4342928161144858,1.4401678793962702e-08
224,211,0.41713149501872643,0.41713149899426644,3.975540008305245e-09
224,216,0.421583680383021,0.42158368936016694,8.97714591552301e-09
224,219,0.4355174768868061,0.4355174771897299,3.0292379715746165e-10
224,227,0.4136562790165464,0.41365627906894387,5.2397475247545344e-11
224,229,0.4112682530966833,0.4112682538790095,7.82326203818684e-10
224,232,0.4005174505238206,0.40051745070253714,1.7871654156564887e-10
224,237,0.40311925886191996,0.40311925892238243,6.046246836532987e-11
225,204,0.4345728018130219,0.43457280484208965,3.0290677743849415e-09
225,212,0.4111093962337553,0.41110939935896357,3.125208258847323e-09
225,217,0.4108109599028064,0.4108109612429928,1.3401864062956292e-09
225,220,0.4149055578156908,0.4149055594724675,1.6567767158193192e-09
225,228,0.4181943430324885,0.4181943432333825,2.008940236386536e-10
225,230,0.42742447057124294,0.4274244706736252,1.0238226932912653e-10
225,233,0.4141560953076003,0.41415609565493783,3.4733754761262503e-10
225,238,0.41222439320422627,0.41222439324937166,4.514538742839136e-11
226,205,0.39894786951881567,0.3989478695192157,4.000133557724439e-13
226,213,0.4256846880123866,0.4256846880142367,1.850075648235361e-12
226,218,0.4383313768286809,0.4383313768287244,4.3520742565306136e-14
226,221,0.4028378794035955,0.4028378794114781,7.882583474838611e-12
226,223,0.4130926633419031,0.4130926633420528,1.4971357487070236e-13
226,229,0.4324668894083529,0.43246688941400796,5.655087509381929e-12
226,231,0.4193216792173211,0.41932167921738467,6.356026815979021e-14
226,234,0.4181461680780547,0.4181461680784302,3.7547742692822794e-13
226,236,0.41009564891539557,0.41009564891549793,1.0236256287043943e-13
227,206,0.41875062666581503,0.4187506266698166,4.001576847656452e-12
227,214,0.4336257634800599,0.4336257634803275,2.67619260085894e-13
227,219,0.4135062344268429,0.41350623443108886,4.245936935376449e-12
227,222,0.42349826446479616,0.4234982644653999,6.037392807911601e-13
227,224,0.4181273998799812,0.41812739990134734,2.1366131086608675e-11
227,230,0.418560056310123,0.4185600563109691,8.461009670668318e-13
227,232,0.43281592852967227,0.43281592853218986,2.5175972417912362e-12
227,235,0.4016595126910232,0.40165951269127864,2.554623179662485e-13
227,237,0.4148447095658137,0.414844709566677,8.633094239485217e-13
228,207,0.42529512298439676,0.42529512331520997,3.308132101587091e-10
228,215,0.39852212832314743,0.3985221284020812,7.893374842637968e-11
228,220,0.4318527275356059,0.43185272779712314,2.615172522979492e-10
228,223,0.39707356649604253,0.3970735665028801,6.837586052910183e-12
228,225,0.41991807098816253,0.41991807110411433,1.1595180371415381e-10
228,231,0.4314933356452565,0.4314933356476281,2.371602914053028e-12
228,233,0.43794191375787506,0.4379419138199477,6.207262481794373e-11
228,236,0.39641260223114805,0.3964126022366048,5.456746166032644e-12
228,238,0.4355209200091763,0.4355209200216944,1.2518097669556028e-11
229,208,0.4089130927963133,0.408913094955054,2.1587406862089153e-09
229,216,0.4073375946523224,0.4073375979793575,3.3270350918712666e-09
229,221,0.42919905033667854,0.4291990507470195,4.1034092790326326e-10
229,224,0.4065049155431001,0.4065049161892009,6.461008394964551e-10
229,226,0.43211446332126113,0.43211446333659687,1.5335732683752212e-11
229,232,0.43769298077153623,0.4376929808422835,7.074724139854993e-11
229,234,0.4303627433285372,0.4303627433455374,1.7000234553421478e-11
229,237,0.4352362122341526,0.4352362122581202,2.3967605677910342e-11
230,209,0.41753223801980605,0.4175322380465621,2.6756041826558885e-11
230,217,0.4025733121822503,0.40257331228513155,1.028812590675443e-10
230,222,0.41069235053010056,0.41069235053880626,8.705702825295702e-12
230,225,0.408753758814481,0.40875375886751536,5.3034354685621565e-11
230,227,0.4326189905786837,0.43261899058193937,3.2556735085620403e-12
230,233,0.40819948647742943,0.40819948650553634,2.8106905691771544e-11
230,235,0.42488631024503765,0.4248863102479349,2.8972380050618085e-12
230,238,0.4264358772427668,0.42643587724886456,6.0977334292999785e-12
231,210,0.38834782901016646,0.3883478290103411,1.7463808177353712e-13
231,218,0.42219043684541596,0.42219043684544577,2.980948821118545e-14
231,223,0.42047004570552565,0.42047004570574603,2.2037927038809357e-13
231,226,0.4214800921868427,0.421480092187045,2.0233814623793478e-13
231,228,0.41881797876563037,0.41881797876656846,9.38082944657026e-13
231,234,0.4155241989339535,0.4155241989341773,2.2382096176443156e-13
231,236,0.4275402035832129,0.4275402035833561,1.432187701766452e-13
231,239,0.4186320845376765,0.4186320845377902,1.137423488728473e-13
232,211,0.4311419484534331,0.43114194859843546,1.450023434657055e-10
232,219,0.42952543982790037,0.4295254398422473,1.4346912546869817e-11
232,224,0.420649806808867,0.42064980687195414,6.30871466178462e-11
232,227,0.43143104702427726,0.4314310470268249,2.5476287746073467e-12
232,229,0.4295289653083852,0.4295289653397721,3.1386893084572876e-11
232,235,0.42458686363511844,0.4245868636358234,7.049361094857431e-13
232,237,0.41790375063609464,0.41790375063900104,2.906397345014966e-12
232,239,0.4272358598224211,0.4272358598229577,5.365707878013382e-13
233,212,0.4153065271463204,0.4153065296159643,2.469643933800114e-09
233,220,0.4320105640187432,0.43201056521929826,1.200555044267304e-09
233,225,0.41234171347693654,0.41234171388811114,4.111745943724543e-10
233,228,0.4205567260390528,0.42055672617022993,1.3117712471810705e-10
233,230,0.40887199081028774,0.4088719908759124,6.562467236292946e-11
233,235,0.42398445050113526,0.42398445051422223,1.3086975947373958e-11
233,236,0.4236109911405913,0.42361099115269757,1.2106260438571326e-11
233,238,0.41746627684942034,0.41746627687777405,2.8353708270145717e-11
233,239,0.4179282758786912,0.4179282758893363,1.0645095915862157e-11
234,213,0.4133367274059195,0.41333672740796046,2.0409784973196565e-12
234,221,0.4041958386525925,0.4041958386613012,8.70870042746219e-12
234,226,0.426457186452213,0.42645718645258623,3.7325698087897763e-13
234,229,0.4067336744250567,0.4067336744313087,6.251998918571644e-12
234,231,0.42404416533767925,0.42404416533774997,7.072120666862247e-14
234,236,0.4120363613710059,0.4120363613711257,1.197930643570544e-13
234,237,0.4194301727514638,0.4194301727520262,5.62383473123873e-13
234,239,0.4232957357921548,0.423295735792263,1.081912337497215e-13
235,222,0.4085271719035586,0.4085271719051913,1.6326939800137552e-12
235,227,0.41407076741968607,0.4140707674203952,7.091549569793187e-13
235,230,0.44752437694325614,0.4475243769456291,2.3729351816825783e-12
235,232,0.42302320262036897,0.4230232026225335,2.1645463199604364e-12
235,233,0.4118496516953896,0.41184965170031385,4.924227692271188e-12
235,237,0.41807133679549335,0.4180713367962596,7.662204204450518e-13
235,238,0.44102073180678125,0.4410207318079383,1.1570744362643381e-12
235,239,0.4450255000943446,0.4450255000947644,4.197753256107717e-13
236,223,0.4154467619768954,0.41544676197753794,6.425415755018093e-13
236,226,0.40228086939234087,0.4022808693927786,4.3770542745846797e-13
236,228,0.4192604652110985,0.4192604652150262,3.9276915053676476e-12
236,231,0.41714082581366824,0.4171408258138992,2.309819002732638e-13
236,233,0.4201095195679635,0.4201095195724794,4.5158876638140555e-12
236,234,0.42402286542720824,0.424022865427693,4.847788837025746e-13
236,237,0.4164592399607409,0.4164592399614634,7.224776332748206e-13
236,238,0.4035843821742792,0.4035843821753584,1.0791922910868834e-12
236,239,0.43563389903103644,0.4356338990314273,3.9085401581928636e-13
237,224,0.41582918748719716,0.4158291875097184,2.252126263257992e-11
237,227,0.4332553632469978,0.4332553632478605,8.626988012849779e-13
237,229,0.42119931926016213,0.421199319271176,1.1013856493491403e-11
237,232,0.41543270808560634,0.4154327080884809,2.874533944208224e-12
237,234,0.42681310767885094,0.42681310767957426,7.233103005432895e-13
237,235,0.3934761564636329,0.393476156463889,2.561284517810236e-13
237,236,0.43644720906778955,0.43644720906800194,2.1238566461079245e-13
237,238,0.43390798156986105,0.43390798157029925,4.382050278195493e-13
237,239,0.4189929682520621,0.4189929682522553,1.9317880628477724e-13
238,225,0.4127800255335757,0.4127800255540957,2.0520030119541843e-11
238,228,0.4254454022170973,0.42544540222642285,9.325540339943927e-12
238,230,0.43165221650221114,0.4316522165074444,5.2332582711756e-12
238,233,0.4276101584036703,0.42761015841439853,1.0728251620406581e-11
238,235,0.4227711213075055,0.42277112130873284,1.2273515537231106e-12
238,236,0.43413459641492186,0.4341345964160534,1.1315393066979595e-12
238,237,0.4114339946354044,0.41143399463705355,1.6491252807782075e-12
238,239,0.42843740722277585,0.42843740722369955,9.237055564881302e-13
239,231,0.42073733239150674,0.42073733239170114,1.944000516118649e-13
239,232,0.42398568622247285,0.42398568622409927,1.626421219924623e-12
239,233,0.44070070072205925,0.44070070072643447,4.375222406594048e-12
239,234,0.4098915997613869,0.40989159976177214,3.852473895449293e-13
239,235,0.43386293778044016,0.4338629377808969,4.567457523307894e-13
239,236,0.4132528583541119,0.4132528583545341,4.2221781626494703e-13
239,237,0.42746584359983997,0.427465843600417,5.770384170489251e-13
239,238,0.41144640743143773,0.4114464074323967,9.58955137519979e-13
