source,target,before,after,delta
0,1,0.4278752581814683,0.42787525818148975,2.142730437526552e-14
0,2,0.4210376293227643,0.4210376293228177,5.340172748447003e-14
0,3,0.41999888760886656,0.4199988876090482,1.816324868286756e-13
0,4,0.4291347209514905,0.4291347209517456,2.550737399076297e-13
0,5,0.40877478402808876,0.4087747840286619,5.731526364627371e-13
0,6,0.41544472388641734,0.415444723886436,1.865174681370263e-14
0,7,0.4232247776211645,0.4232247776211975,3.297362383136715e-14
0,8,0.41547097962066726,0.41547097962135715,6.898925875020723e-13
1,0,0.42227010817575084,0.4222701081757609,1.0047518372857667e-14
1,2,0.412412272452762,0.41241227245276785,5.828670879282072e-15
1,3,0.4276315541978482,0.4276315541978644,1.6209256159527285e-14
1,4,0.41477976881574996,0.41477976881578965,3.9690473130349346e-14
1,6,0.4107556610335545,0.41075566103355565,1.1657341758564144e-15
1,9,0.42431763135552525,0.4243176313556307,1.0547118733938987e-13
1,11,0.41547755661807284,0.41547755661808294,1.0103029524088925e-14
1,14,0.4435854436796003,0.4435854436796065,6.217248937900877e-15
2,0,0.3838705185208851,0.38387051852092763,4.2521541843143495e-14
2,1,0.4241608793120319,0.42416087931204427,1.2378986724570495e-14
2,3,0.4269702027311528,0.42697020273124764,9.481304630298837e-14
2,4,0.4098048263849095,0.4098048263850558,1.4627188349436437e-13
2,5,0.41980570441751197,0.41980570441780146,2.8949065367100957e-13
2,7,0.42363705760252823,0.42363705760254877,2.0539125955565396e-14
2,10,0.4161547140335493,0.4161547140337049,1.555977569012157e-13
2,12,0.42807776554794713,0.42807776554828675,3.396172232328354e-13
2,15,0.4065639202847901,0.4065639202848147,2.4591439995447217e-14
3,0,0.4226393322485221,0.4226393322487915,2.6939561692529423e-13
3,1,0.4120782363442532,0.4120782363443145,6.128431095930864e-14
3,2,0.4172109927344837,0.4172109927346515,1.678102101720924e-13
3,5,0.41134802268118825,0.41134802268372034,2.5320856522625945e-12
3,6,0.4192730572788215,0.41927305727887415,5.262457136723242e-14
3,8,0.41558963004138,0.41558963004440597,3.0259683647670954e-12
3,11,0.41967302974664894,0.41967302974693227,2.8332891588433995e-13
3,13,0.404535395712582,0.40453539571871067,6.128653140535789e-12
3,16,0.4139110351793799,0.41391103518272726,3.3473779303960782e-12
4,0,0.4213668390358164,0.4213668390359047,8.83182416089312e-14
4,1,0.40402348918025466,0.40402348918030184,4.718447854656915e-14
4,2,0.4284613039891134,0.4284613039891874,7.399636459126668e-14
4,6,0.43029377560468074,0.4302937756047219,4.113376306236205e-14
4,7,0.40300098557327757,0.40300098557336334,8.576472865229334e-14
4,9,0.416843467283737,0.4168434672855074,1.7704171462185059e-12
4,12,0.4050089373669968,0.4050089373685696,1.572797447835228e-12
4,17,0.4166074062188004,0.41660740623654924,1.774885793892622e-11
5,0,0.42528527612757305,0.42528527612887784,1.3047896096907152e-12
5,2,0.40539429705778524,0.40539429705856195,7.767120280277595e-13
5,3,0.42176091211058525,0.4217609121141774,3.592126596174694e-12
5,8,0.4187938501532092,0.41879385017105086,1.7841672583784884e-11
5,10,0.4207870894599522,0.4207870894657959,5.843714401265743e-12
5,13,0.4235535924178595,0.4235535924589595,4.1100012282413445e-11
5,18,0.42103908387153044,0.42103908391037376,3.884331745140912e-11
5,26,0.42839918429175644,0.42839918443222313,1.4046669383205312e-10
6,0,0.4386670034765454,0.4386670034765544,8.992806499463768e-15
6,1,0.42640516099074927,0.4264051609907504,1.1102230246251565e-15
6,3,0.42272275572523277,0.4227227557252468,1.404432126150823e-14
6,4,0.4142714748858115,0.41427147488584504,3.352873534367973e-14
6,9,0.42197424718901655,0.4219742471891064,8.987255384340642e-14
6,11,0.4172643283360806,0.41726432833609006,9.43689570931383e-15
6,14,0.4569786413190644,0.45697864131906935,4.9404924595819466e-15
6,19,0.42924317135290485,0.42924317135290485,0.0
6,27,0.40022541163929,0.4002254116392952,5.218048215738236e-15
7,0,0.4230837911850588,0.4230837911850696,1.0824674490095276e-14
7,2,0.4148737837810263,0.41487378378103357,7.271960811294775e-15
7,4,0.4305717049544388,0.43057170495448593,4.7128967395337895e-14
7,10,0.4204107157364761,0.4204107157365138,3.7692071686024065e-14
7,12,0.41694309016790043,0.41694309016801157,1.1113332476497817e-13
7,15,0.40963416594681235,0.40963416594682006,7.716050021144838e-15
7,20,0.42116167853028025,0.4211616785304869,2.066680160339729e-13
7,28,0.39424181793068325,0.39424181793070023,1.6986412276764895e-14
8,0,0.43198480522019145,0.43198480522173555,1.5440981826486677e-12
8,3,0.45048778352295066,0.4504877835271841,4.233446926349416e-12
8,5,0.4156741072827348,0.4156741073003145,1.757971546112458e-11
8,11,0.41004206342866906,0.41004206343026633,1.5972778655282127e-12
8,13,0.4174571145404177,0.41745711458838447,4.796679720087127e-11
8,16,0.41749864356660943,0.41749864358921984,2.261041354145732e-11
8,21,0.4382783825462101,0.43827838272036196,1.7415185959990254e-10
8,29,0.420467284793397,0.42046728488059326,8.719625022024502e-11
9,1,0.42065346878708915,0.42065346878721693,1.2778667013435552e-13
9,4,0.42072484536922566,0.4207248453710389,1.8132162438178057e-12
9,6,0.3951195952727944,0.39511959527290547,1.1107781361374691e-13
9,12,0.42216771692470406,0.422167716928962,4.2579273440424e-12
9,14,0.4036751456867562,0.4036751456871278,3.715916463420399e-13
9,17,0.43639011271193534,0.43639011275957784,4.764250105537826e-11
9,22,0.4183482143809838,0.4183482143922405,1.1256717780128156e-11
9,30,0.4253193733293126,0.42531937340980913,8.049655386699328e-11
10,2,0.3939177323991985,0.3939177323994658,2.673417043297377e-13
10,5,0.426601321440905,0.4266013214447266,3.821609695364714e-12
10,7,0.4209236895284673,0.4209236895286196,1.5226708782734022e-13
10,13,0.4271771905810465,0.42717719058984,8.793521466543552e-12
10,15,0.39312990984184115,0.3931299098420345,1.93345339738471e-13
10,18,0.41062864724125636,0.4106286472507894,9.533041023246369e-12
10,23,0.4135955537748941,0.4135955537762556,1.3615220062490607e-12
10,31,0.42826383344140095,0.4282638334510537,9.652723065300961e-12
11,1,0.4346469666943568,0.4346469666943805,2.3703261575747092e-14
11,3,0.43715234403868725,0.4371523440388709,1.836308882730009e-13
11,6,0.4399970878272129,0.4399970878272332,2.0261570199409107e-14
11,8,0.432669110393591,0.43266911039427436,6.833422716567839e-13
11,14,0.4166407626371427,0.41664076263718364,4.091171845743702e-14
11,16,0.40446675617289063,0.40446675617368694,7.963074644123935e-13
11,19,0.4046649218018961,0.40466492180191255,1.6431300764452317e-14
11,24,0.4332311298837043,0.43323112988398865,2.843281166065026e-13
11,32,0.41022582269244434,0.41022582269250774,6.339373470609644e-14
12,2,0.4208452763516576,0.42084527635182756,1.6997514507011147e-13
12,4,0.4225235367570051,0.4225235367585337,1.5286105714551468e-12
12,7,0.4265615305975772,0.4265615305977734,1.9623191960249642e-13
12,9,0.42569465119153505,0.4256946511955754,4.040379142367101e-12
12,15,0.41884773794605823,0.418847737946267,2.087774397807607e-13
12,17,0.43010007277525686,0.4301000728154687,4.021183386271332e-11
12,20,0.4355116087735548,0.43551160878015766,6.6028293943531935e-12
12,25,0.41992542789764853,0.41992542795125604,5.36075073220843e-11
12,33,0.4182574941315646,0.41825749415430763,2.2743029681748794e-11
13,3,0.4104575527575237,0.41045755277373874,1.6215029319255336e-11
13,5,0.4411218260839989,0.4411218261658633,8.18644041444827e-11
13,8,0.4173778821295914,0.4173778822263181,9.672668221938352e-11
13,10,0.41894169432216755,0.41894169434771034,2.5542790105248514e-11
13,16,0.4258297446217668,0.4258297447209979,9.923106780718172e-11
13,18,0.41844453054880215,0.4184445307728626,2.240604368708432e-10
13,21,0.40864702541021647,0.40864702681932286,1.4091063871290999e-09
13,26,0.41497480094653305,0.4149748022784605,1.3319274572154427e-09
13,34,0.4245721330502791,0.4245721356861342,2.63585514526099e-09
14,1,0.43171190606608206,0.43171190606608206,0.0
14,6,0.4164579172476569,0.4164579172476569,0.0
14,9,0.4387026943718766,0.43870269437190246,2.5868196473766147e-14
14,11,0.4253792237255206,0.4253792237255206,0.0
14,19,0.398196794543731,0.398196794543731,0.0
14,22,0.4227317205626762,0.4227317205627367,6.050715484207103e-14
14,27,0.4322748977550468,0.43227489775504824,1.4432899320127035e-15
14,35,0.4211249500759066,0.4211249500759687,6.206146707654625e-14
15,2,0.4152912459229294,0.4152912459229428,1.3433698597964394e-14
15,7,0.41793189732567737,0.4179318973256878,1.0436096431476471e-14
15,10,0.409376184171712,0.4093761841717679,5.589972928987663e-14
15,12,0.41793969216537663,0.4179396921655555,1.7885692926711272e-13
15,20,0.43301793658620935,0.43301793658654253,3.331779296900095e-13
15,23,0.39858231472442174,0.39858231472447053,4.879430193227563e-14
15,28,0.4172243379270926,0.4172243379271213,2.8699265186560297e-14
15,36,0.408270142230957,0.40827014223099056,3.3584246494910985e-14
16,3,0.42064539372618737,0.42064539373046733,4.27996527108121e-12
16,8,0.42618061054231837,0.4261806105629717,2.0653312393648093e-11
16,11,0.43667528992817484,0.43667528992983495,1.6601164887219966e-12
16,13,0.41336468785119673,0.4133646878969946,4.5797865499963564e-11
16,21,0.41163739204153554,0.411637392204835,1.6329942953419163e-10
16,24,0.41125749073172624,0.4112574907380796,6.353362280719921e-12
16,29,0.4172736238570072,0.4172736239409265,8.391926042961018e-11
16,37,0.43674561340689294,0.4367456134353742,2.8481272895675147e-11
16,50,0.41601089272694247,0.4160108928234809,9.653844390555832e-11
17,4,0.42390336128604567,0.42390336133863943,5.259376267829907e-11
17,9,0.42350441722928356,0.4235044173692265,1.399429461201862e-10
17,12,0.4137250376946521,0.4137250378174276,1.2277551197925618e-10
17,22,0.40619660206995256,0.40619660240164107,3.316885099913236e-10
17,25,0.4231806417574981,0.4231806441521821,2.3946840066457753e-09
17,30,0.41121717633779753,0.41121717943718583,3.0993883015639767e-09
17,38,0.4081201417674083,0.40812014957103426,7.803625967639505e-09
17,51,0.4111744244637012,0.41117444067220504,1.6208503816894648e-08
18,5,0.4440656267024924,0.44406562674512395,4.263156494488385e-11
18,10,0.41368886858978376,0.4136888686059846,1.6200818464540134e-11
18,13,0.416411149971816,0.4164111500919624,1.2014639283464135e-10
18,23,0.43468063618133496,0.4346806361931691,1.18341447752357e-11
18,26,0.4251452034587665,0.4251452038753388,4.165722766735769e-10
18,31,0.4172470702456827,0.41724707035817366,1.1249096099064104e-10
18,39,0.42958825670101175,0.4295882572270262,5.260144542162948e-10
18,52,0.42185373649469643,0.4218537369523459,4.576494738728343e-10
19,6,0.42095550298017553,0.4209555029801779,2.3869795029440866e-15
19,11,0.40799138023517834,0.40799138023518927,1.0935696792557792e-14
19,14,0.4095961698562172,0.40959616985622466,7.438494264988549e-15
19,24,0.4206555084656447,0.42065550846567773,3.302913498259841e-14
19,27,0.42469297458044103,0.4246929745804486,7.549516567451064e-15
19,32,0.41545568063000493,0.41545568063001287,7.93809462606987e-15
19,40,0.4189674113661331,0.41896741136613835,5.2735593669694936e-15
19,45,0.4463000609773058,0.44630006097732156,1.5765166949677223e-14
19,53,0.41371759275258985,0.41371759275259007,2.220446049250313e-16
20,7,0.4065355571930124,0.4065355571933914,3.7903014060702844e-13
20,12,0.4156052407491458,0.41560524075608163,6.935840790589509e-12
20,15,0.42185113239871425,0.4218511323991171,4.0284442448523805e-13
20,25,0.4202374347584683,0.4202374348619448,1.0347650514219708e-10
20,28,0.43134680886525345,0.431346808866406,1.152522521863375e-12
20,33,0.4433120140000206,0.4433120140439457,4.392508579087462e-11
20,41,0.400255102871764,0.4002551028743052,2.541189481064521e-12
20,46,0.41075234561519264,0.41075234585273096,2.375383223451877e-10
20,54,0.43033842345874457,0.43033842350137586,4.263128738912769e-11
21,8,0.4282793914893102,0.4282793919774572,4.881469672923799e-10
21,13,0.4234153653979638,0.42341536715686445,1.7589006362506154e-09
21,16,0.42477414303099237,0.4247741435237361,4.927437347035379e-10
21,26,0.43025591786689477,0.4302559255283614,7.661466627784108e-09
21,29,0.42958000163355975,0.4295800044512193,2.817659550125029e-09
21,34,0.41703643828835685,0.41703645466160605,1.6373249200896112e-08
21,42,0.4074706599768585,0.40747067308922313,1.3112364638523388e-08
21,47,0.41959405031870467,0.41959408296592665,3.2647221981374486e-08
21,55,0.42971604172082856,0.42971608501116837,4.329033981287367e-08
22,9,0.4404885529376123,0.4404885529492943,1.1681988709710822e-11
22,14,0.3994615175914147,0.3994615175923203,9.056089211867402e-13
22,17,0.4299709152991062,0.4299709154151909,1.1608469741020144e-10
22,27,0.42112392132728627,0.42112392132822823,9.41968725243214e-13
22,30,0.4185129584591481,0.4185129586552822,1.9613410895402694e-10
22,35,0.39821744979682144,0.398217449824777,2.7955582293515135e-11
22,43,0.4230794727543666,0.4230794730390569,2.8469032686828655e-10
22,48,0.4267294269691204,0.4267294269841912,1.507077795892542e-11
22,56,0.42909902751902246,0.4290990277441154,2.250929442837446e-10
23,10,0.42113492956523,0.42113492956628507,1.0550449403012863e-12
23,15,0.41508634077098844,0.4150863407711341,1.4566126083082054e-13
23,18,0.42133854416348104,0.4213385441684143,4.933276009921883e-12
23,28,0.4113190558285629,0.4113190558288832,3.2029934260435766e-13
23,31,0.4094553964401816,0.4094553964451846,5.002998015868343e-12
23,36,0.39783755507512797,0.3978375550757461,6.181166689600559e-13
23,44,0.418576829714349,0.41857682971888616,4.537148434735627e-12
23,49,0.426214869297917,0.4262148692980753,1.5826229216031606e-13
23,57,0.4271377531784835,0.42713775318003805,1.5545342790801442e-12
24,11,0.4164910630211344,0.41649106302153965,4.0523140398818214e-13
24,16,0.4084229140823195,0.4084229140869054,4.585887225516672e-12
24,19,0.42839349015109407,0.42839349015116207,6.800116025829084e-14
24,29,0.42521232246413126,0.42521232247927854,1.5147272325322092e-11
24,32,0.4385802498292129,0.43858024982948945,2.765565554341265e-13
24,37,0.4272171149416916,0.42721711494745773,5.766109811844444e-12
24,45,0.425602863341242,0.42560286334170677,4.647948692593218e-13
24,58,0.41255932516300614,0.41255932516618987,3.18373105656633e-12
25,12,0.43936512737064826,0.43936512753241447,1.617662115371843e-10
25,17,0.4266322104240949,0.4266322127951068,2.37101194233702e-09
25,20,0.4118752669290463,0.41187526723014334,3.010970361927434e-10
25,30,0.43275511214994616,0.4327551162250252,4.075079051979458e-09
25,33,0.4120445652772468,0.4120445664690725,1.1918256936915839e-09
25,38,0.4124169230891104,0.4124169333302655,1.0241155146140102e-08
25,46,0.4247648329418231,0.4247648404720181,7.530195023086605e-09
25,59,0.41689904299674024,0.41689907119642916,2.819968891731861e-08
26,5,0.43421644388331565,0.4342164442769615,3.9364583814816e-10
26,13,0.4212715263858626,0.4212715280640982,1.678235550528484e-09
26,18,0.413538083777519,0.413538084873699,1.0961799801201266e-09
26,21,0.4184142691393825,0.4184142768765852,7.737202711854962e-09
26,31,0.41659246694205326,0.4165924680474172,1.1053639115132796e-09
26,34,0.429379697459685,0.4293797131716457,1.5711960676956238e-08
26,39,0.433644712415472,0.43364472188049147,9.465019490395576e-09
26,47,0.39672870095719986,0.3967287323074054,3.135020554267953e-08
26,60,0.4095916674413619,0.40959170672815626,3.92867943732611e-08
27,6,0.39394539467213474,0.39394539467213474,0.0
27,14,0.4053539239622763,0.4053539239622763,0.0
27,19,0.4265121065427698,0.4265121065427698,0.0
27,22,0.4217628315812037,0.4217628315812399,3.6193270602780103e-14
27,32,0.42632565221198027,0.42632565221198027,0.0
27,35,0.4403506619628467,0.44035066196288375,3.702593787124897e-14
27,40,0.4188897836292005,0.4188897836292005,0.0
27,48,0.422743477479561,0.42274347747958013,1.915134717478395e-14
27,61,0.4178077795308597,0.41780777953086723,7.549516567451064e-15
28,7,0.4008691072381321,0.40086910723815583,2.3703261575747092e-14
28,15,0.41844264254930896,0.4184426425493356,2.6645352591003757e-14
28,20,0.44306168285929226,0.4430616828601367,8.444356325298941e-13
28,23,0.42604522953865603,0.426045229538737,8.099076964640517e-14
28,33,0.4255208508315401,0.42552085083459446,3.054334563046268e-12
28,36,0.4373702838436009,0.4373702838436574,5.651035195342047e-14
28,41,0.39855161089363006,0.39855161089379193,1.6187051699034782e-13
28,49,0.44063283951441906,0.44063283951443655,1.7486012637846216e-14
28,62,0.43606555981809436,0.4360655598182129,1.1851630787873546e-13
29,8,0.41427040902049656,0.4142704091646909,1.4419432314838332e-10
29,16,0.40184391088111604,0.401843911031001,1.4988493779455325e-10
29,21,0.4288714285108203,0.428871430349776,1.8389557099318665e-09
29,24,0.4066090678547227,0.4066090678910955,3.637279366586199e-11
29,34,0.43749629180274596,0.43749629486971076,3.0669647932413113e-09
29,37,0.4114574530703109,0.41145745326398936,1.936784621570098e-10
29,42,0.4258092861809056,0.4258092891066233,2.925717723645249e-09
29,50,0.4267000993217058,0.4267001000504161,7.287103143127638e-10
29,63,0.4014076065178703,0.40140761116046797,4.642597695170281e-09
30,9,0.4181823949346746,0.41818239518301936,2.483447891776791e-10
30,17,0.4166936833385712,0.4166936865570347,3.2184634957133085e-09
30,22,0.42543404010301733,0.4254340406917735,5.887561549400289e-10
30,25,0.4330437646088401,0.4330437688828767,4.27403662461856e-09
30,35,0.42290943185944346,0.4229094324601204,6.006769526223366e-10
30,38,0.40696044998078695,0.40696046399322866,1.401244170695648e-08
30,43,0.43089954816763315,0.43089955625612525,8.08849209832374e-09
30,51,0.40859691870883325,0.40859694783882744,2.9129994194576625e-08
30,64,0.4378428188991382,0.4378428565043827,3.7605244529448356e-08
31,10,0.42698921774595405,0.4269892177622924,1.633831958613996e-11
31,18,0.43626703780143566,0.4362670379134816,1.1204592809122005e-10
31,23,0.42147545686204785,0.42147545687398996,1.1942113964380496e-11
31,26,0.4099104776137409,0.40991047803251,4.187691304835539e-10
31,36,0.4285978989639891,0.4285978989722823,8.293199460496226e-12
31,39,0.43408137677722314,0.4340813773059614,5.287382753849101e-10
31,44,0.4010323154175386,0.40103231552018503,1.0264644689783609e-10
31,52,0.436580472171221,0.4365804726312522,4.6003123532756263e-10
31,65,0.4368482621256743,0.43684826241110747,2.8543317709406324e-10
32,11,0.42264494246380757,0.42264494246386675,5.917488721252084e-14
32,19,0.408855486272093,0.4088554862721041,1.1102230246251565e-14
32,24,0.40162084806667886,0.40162084806686477,1.8590684547348246e-13
32,27,0.41826421601475483,0.41826421601478336,2.853273173286652e-14
32,37,0.4278577780628443,0.42785777806348013,6.358247262028272e-13
32,40,0.41495037779600197,0.41495037779602245,2.0483614804334138e-14
32,45,0.42187646830112774,0.4218764683012004,7.26640969617165e-14
32,53,0.4101851756571861,0.4101851756571944,8.326672684688674e-15
32,66,0.422050392572811,0.42205039257285343,4.241051954068098e-14
33,12,0.4131466599112099,0.41314665995793876,4.672884301726299e-11
33,20,0.41918257383921625,0.41918257392592045,8.670419937573115e-11
33,25,0.42092472265295006,0.42092472350513815,8.521880978662466e-10
33,28,0.40520766794564245,0.40520766795305646,7.414013847295564e-12
33,38,0.42216400250397595,0.42216400508659724,2.5826212834978435e-09
33,41,0.4195283660271943,0.41952836604244803,1.5253742713383645e-11
33,46,0.4270061318319265,0.4270061338517486,2.0198221428735508e-09
33,54,0.4145517368545352,0.41455173714816335,2.9362812181688014e-10
33,67,0.423562080766079,0.4235620839111984,3.145119387149009e-09
34,13,0.4158324864848663,0.4158324954000102,8.915143900889433e-09
34,21,0.4264924310211645,0.4264924795160222,4.8494857685099646e-08
34,26,0.4370241031513754,0.4370241493866551,4.623527971592267e-08
34,29,0.4195763794641642,0.4195763918379833,1.2373819080480075e-08
34,39,0.4215322304094595,0.4215322909458646,6.053640511094471e-08
34,42,0.40473197223948,0.4047320540391077,8.179962773802174e-08
34,47,0.4290468593671259,0.4290472575205975,3.981534716368529e-07
34,55,0.43084972394035964,0.430850288235831,5.642954713502846e-07
34,68,0.4001610641974158,0.4001623778342837,1.313636867894541e-06
35,14,0.4056087296992592,0.4056087297001865,9.27313781318162e-13
35,22,0.41661779090133155,0.41661779092942974,2.8098190441028237e-11
35,27,0.4304940045786284,0.43049400457959314,9.647282972480298e-13
35,30,0.42186734872028936,0.4218673489211578,2.00868432997936e-10
35,40,0.41607835589900294,0.4160783558997134,7.104872246088689e-13
35,43,0.407056720012358,0.40705672030392087,2.915628849464724e-10
35,48,0.4201136889032926,0.4201136889187268,1.5434209466036464e-11
35,56,0.4217333686887739,0.4217333689192998,2.3052587616589904e-10
35,69,0.4216603172115177,0.4216603173413593,1.2984158193063422e-10
36,15,0.4121097793810575,0.41210977938115834,1.0086376178719547e-13
36,23,0.42710456055170276,0.427104560552312,6.092348847630547e-13
36,28,0.4146257848829679,0.4146257848831887,2.2076784844671238e-13
36,31,0.4369378216462502,0.4369378216496915,3.4413027982793665e-12
36,41,0.4272743505935522,0.42727435059395497,4.027889133340068e-13
36,44,0.4210647019409884,0.42106470194410905,3.1206703887676213e-12
36,49,0.4145040335589008,0.41450403355901094,1.1013412404281553e-13
36,57,0.41863477689312134,0.41863477689419204,1.070699084948501e-12
36,70,0.4526842052659998,0.4526842052663763,3.7653213880162184e-13
37,16,0.42157129877451777,0.4215712988040896,2.957184497276444e-11
37,24,0.41588224688695336,0.4158822468952433,8.289924302573581e-12
37,29,0.42353719751224733,0.4235371976243269,1.1207956784886619e-10
37,32,0.4177657076691099,0.41776570767055227,1.4423462424417721e-12
37,42,0.4369678707509154,0.43696787108740653,3.364911127512471e-10
37,45,0.4245987624266617,0.42459876242898315,2.321420833339971e-12
37,50,0.4189990208742536,0.41899902100245184,1.2819822980958406e-10
37,58,0.41369391591888577,0.4136939159369093,1.8023527115218485e-11
37,71,0.411379274938909,0.41137927508359046,1.446814335004376e-10
38,17,0.41009164308183504,0.410091665678442,2.2596606974456535e-08
38,25,0.43900271551576237,0.4390027453646544,2.9848892024730844e-08
38,30,0.42499026661360784,0.42499030625485146,3.964124362099142e-08
38,33,0.4347688679433949,0.4347688775118689,9.568473957610735e-09
38,43,0.4306091154847072,0.43060917383220143,5.834749422506391e-08
38,46,0.4152768692779598,0.41527694424794853,7.496998871703298e-08
38,51,0.4207954132022616,0.42079576736158447,3.541593228684192e-07
38,59,0.40889698117383416,0.40889747644652136,4.952726871954027e-07
38,72,0.40689799513077474,0.40689919911472916,1.2039839544231157e-06
39,18,0.42548339472790986,0.4254833961574714,1.4295615247128524e-09
39,26,0.4360089209195937,0.4360089305426718,9.623078112142025e-09
39,31,0.44060912717703893,0.44060912861850643,1.4414675009177813e-09
39,34,0.414489388470256,0.4144894092114345,2.0741178496930246e-08
39,44,0.42436167203983954,0.42436167334581604,1.3059764936151907e-09
39,47,0.41983490893250325,0.4198349503490733,4.1416570062402513e-08
39,52,0.4127096963070732,0.4127097070891341,1.0782060910763391e-08
39,60,0.40264577386331035,0.4026458257798251,5.191651475389136e-08
39,73,0.40220337436250064,0.40220341639016144,4.202766079597353e-08
40,19,0.4196577135271321,0.4196577135271321,0.0
40,27,0.42812986877359827,0.42812986877359827,0.0
40,32,0.3966933410638258,0.3966933410638258,0.0
40,35,0.41554595202818384,0.4155459520282226,3.8746783559417963e-14
40,48,0.4263972173148628,0.42639721731488306,2.0261570199409107e-14
40,53,0.41130693937413515,0.41130693937413515,0.0
40,61,0.41425914348083065,0.41425914348083837,7.716050021144838e-15
40,74,0.41293331458524596,0.41293331458524785,1.887379141862766e-15
41,20,0.4375647000753556,0.4375647000762217,8.661404926613159e-13
41,28,0.42739282754244645,0.42739282754252444,7.799316747991725e-14
41,33,0.42118645840604824,0.4211864584091059,3.0576652321201436e-12
41,36,0.4108453817095083,0.4108453817095652,5.689893001203927e-14
41,49,0.4080056533470598,0.40800565334707456,1.4765966227514582e-14
41,54,0.42649509598045954,0.4264950959833598,2.9002356072282964e-12
41,62,0.4259163222184411,0.42591632221856585,1.2473355681663634e-13
41,75,0.43978112141933606,0.439781121422521,3.184952301893418e-12
42,21,0.4270430295811827,0.4270430434115758,1.3830393108538175e-08
42,29,0.4152574646358573,0.4152574693820354,4.746178117187583e-09
42,34,0.4337183121666496,0.4337183406549218,2.8488272241222745e-08
42,37,0.3976328175116259,0.3976328185776786,1.0660527460792935e-09
42,50,0.4119422326321319,0.41194223694951804,4.317386115282318e-09
42,55,0.43194244804187865,0.4319425236855298,7.564365117618266e-08
42,63,0.40133808609800214,0.40133812222557547,3.612757332183136e-08
42,76,0.4253365811377372,0.42533670672173973,1.2558400253048774e-07
43,22,0.41919203287098006,0.4191920337413979,8.704178489082892e-10
43,30,0.4055876760317177,0.40558768422729435,8.195576661762516e-09
43,35,0.424964444853765,0.424964445741815,8.880500224073273e-10
43,38,0.41307933511741,0.4130793559027662,2.0785356158459223e-08
43,51,0.44692670134551676,0.44692674456635817,4.322084140584437e-08
43,56,0.4056358241420103,0.4056358336078755,9.465865147273433e-09
43,64,0.401286372637867,0.4012864284515304,5.581366341322891e-08
43,77,0.42039399367753416,0.4203940380356156,4.435808143021802e-08
44,23,0.41320161243223386,0.4132016124430543,1.08204556426017e-11
44,31,0.43117682806585234,0.4311768281685042,1.0265188699065675e-10
44,36,0.40090787384793447,0.40090787385544807,7.51360085260444e-12
44,39,0.42560325102143864,0.42560325150074374,4.79305095613114e-10
44,52,0.43468201005447427,0.43468201047149324,4.170189749075348e-10
44,57,0.4395570914100264,0.43955709143784594,2.7819524461847323e-11
44,65,0.42574084263405837,0.4257408428927833,2.5872493036871447e-10
44,78,0.4074453941021682,0.40744539421412224,1.1195405713593232e-10
45,19,0.4293091365930895,0.42930913659310715,1.765254609153999e-14
45,24,0.4052516833692894,0.4052516833695628,2.733924198139448e-13
45,32,0.4395117665316054,0.43951176653167034,6.494804694057166e-14
45,37,0.4388326299204601,0.4388326299213415,8.813505480986805e-13
45,53,0.4120007844072876,0.4120007844073,1.2378986724570495e-14
45,58,0.43074683001610814,0.43074683001674424,6.361022819589834e-13
45,66,0.41408610691772035,0.41408610691779024,6.98885394001536e-14
45,79,0.4221026229011629,0.422102622901692,5.290767823851183e-13
46,20,0.4265033116943903,0.42650331247106893,7.766786103147183e-10
46,25,0.42562907584594734,0.42562908408183936,8.235892023922275e-09
46,33,0.43304741798245816,0.4330474210816286,3.099170420295394e-09
46,38,0.43973571467122674,0.4397357418478664,2.717663966089745e-08
46,54,0.437474011475562,0.43747401412188647,2.646324492872054e-09
46,59,0.4264816337193214,0.42648170886005643,7.514073502301599e-08
46,67,0.40109344782272155,0.4010934786175656,3.079484406365296e-08
46,80,0.43301242336158324,0.4330125543660429,1.3100445966918173e-07
47,21,0.431551473707624,0.4315515779840573,1.0427643332144854e-07
47,26,0.4169594601657101,0.41695955960117903,9.943546891433286e-08
47,34,0.4226406100445589,0.4226410164328767,4.0638831783068596e-07
47,39,0.40157560550996396,0.4015757357565797,1.3024661571492402e-07
47,55,0.409491327337621,0.4094925515501381,1.22421251708138e-06
47,60,0.42572872250582283,0.4257298877419322,1.1652361093794639e-06
47,68,0.4044844146493236,0.40448726620262654,2.8515533029294104e-06
47,81,0.41030795368356165,0.4103115967307337,3.643047172041669e-06
48,22,0.4271673537780243,0.4271673537923793,1.435501717494958e-11
48,27,0.4423554722391268,0.44235547223961963,4.92828000631107e-13
48,35,0.4198051492684093,0.4198051492830358,1.4626522215621662e-11
48,40,0.42413294158941034,0.4241329415897732,3.628763955987324e-13
48,56,0.42186924715772933,0.42186924727550146,1.1777212538532922e-10
48,61,0.4186329375524746,0.4186329375557015,3.2269187322242487e-12
48,69,0.43700849858500757,0.4370084986513409,6.63333277195477e-11
48,82,0.4221972206151703,0.4221972206396897,2.4519386521149045e-11
49,23,0.42801168825351216,0.4280116882536261,1.1396439347777232e-13
49,28,0.439278041490864,0.4392780414909157,5.168088179630104e-14
49,36,0.41547159349037366,0.4154715934904541,8.043565813409259e-14
49,41,0.41590657564728917,0.41590657564738515,9.597878047884478e-14
49,57,0.423549152914905,0.42354915291508616,1.811328864675943e-13
49,62,0.41494664947479903,0.41494664947486276,6.372680161348399e-14
49,70,0.3930164321468159,0.3930164321468823,6.639133687258436e-14
49,83,0.4310445908571573,0.43104459085722513,6.783462680459706e-14
50,16,0.44169802035516453,0.44169802047831574,1.2315121145078933e-10
50,29,0.4000448754821654,0.4000448759787822,4.96616803236094e-10
50,37,0.40740569522550635,0.4074056953827817,1.5727535940257553e-10
50,42,0.41981928385630796,0.41981928543360403,1.5772960715310091e-09
50,58,0.41733207009785905,0.4173320701680284,7.016937031423254e-11
50,63,0.4232119684907727,0.42321197092855495,2.4377822538390603e-09
50,71,0.42778181736001847,0.42778181798582565,6.258071838516344e-10
50,84,0.39915704303759136,0.39915704580041383,2.7628224708031723e-09
51,17,0.4400837564463508,0.4400838066924275,5.024607674375403e-08
51,30,0.42950720619757615,0.42950729437818713,8.818061097981555e-08
51,38,0.4034387491289487,0.4034391131453609,3.6401641217986835e-07
51,43,0.4042758549347784,0.40427598474468934,1.2980991093147765e-07
51,59,0.3928365334469946,0.3928376428018506,1.1093548559770738e-06
51,64,0.4113499022797797,0.41135100255055,1.1002707703267056e-06
51,72,0.4181778831719481,0.4181805910647133,2.707892765185793e-06
51,85,0.42286619103522416,0.4228696426961079,3.4516608837242835e-06
52,18,0.4241878520559301,0.4241878532947813,1.2388511883010267e-09
52,31,0.4363726534515902,0.43637265470075787,1.2491676582015998e-09
52,39,0.4279598879797384,0.4279598987696359,1.078989753100501e-08
52,44,0.4348892283017218,0.434889229433477,1.1317552450762491e-09
52,60,0.42140671263566537,0.42140675772784386,4.5092178491135115e-08
52,65,0.42290771228305446,0.42290771761002866,5.326974195085654e-09
52,73,0.4050702687320441,0.4050703052306842,3.649864011023851e-08
52,86,0.42190819666045176,0.42190821590633015,1.9245878390972138e-08
53,19,0.40966354346603673,0.40966354346603673,0.0
53,32,0.4091508345561733,0.40915083455617346,1.6653345369377348e-16
53,40,0.4013876771026741,0.4013876771026765,2.3869795029440866e-15
53,45,0.43687602630070915,0.43687602630071404,4.884981308350689e-15
53,61,0.4158171094161973,0.41581710941622296,2.5646151868841116e-14
53,66,0.41216011426505816,0.4121601142650603,2.1094237467877974e-15
53,74,0.4292809967455847,0.429280996745591,6.328271240363392e-15
53,87,0.43459243187663316,0.43459243187663404,8.881784197001252e-16
54,20,0.4243536260731139,0.4243536261190925,4.597860980837254e-11
54,33,0.43913671626441025,0.4391367164226443,1.5823403698433935e-10
54,41,0.42795373452791907,0.42795373453707664,9.157563596318141e-12
54,46,0.40304406319133546,0.40304406404682713,8.554916774983212e-10
54,62,0.41382197966581724,0.413821979672627,6.809774966143323e-12
54,67,0.42352665991842686,0.4235266612414111,1.3229842221740284e-09
54,75,0.42526557175320595,0.42526557192189185,1.686858985827655e-10
54,88,0.42285190743405116,0.42285190895510705,1.5210558923506312e-09
55,21,0.43386478703319664,0.43386493960676065,1.5257356400510957e-07
55,34,0.42782073030000334,0.42782134277481965,6.124748163083282e-07
55,42,0.4014939581423724,0.40149421636145827,2.5821908589129805e-07
55,47,0.3813933030956103,0.3813946071466515,1.3040510412065665e-06
55,63,0.40367593137780294,0.40367635778940164,4.264115986973849e-07
55,68,0.44085914731698006,0.44086355162459767,4.404307617611458e-06
55,76,0.4589346649379517,0.4589379637244229,3.2987864712064052e-06
55,89,0.4066778573910883,0.406686242969665,8.385578576686203e-06
56,22,0.4089874364929064,0.4089874371804781,6.875716662690934e-10
56,35,0.43083904250414257,0.43083904320564387,7.015013014921578e-10
56,43,0.4316541109455406,0.4316541204107623,9.46522166200836e-09
56,48,0.42148103399120784,0.42148103436429335,3.7308550693282427e-10
56,64,0.433241589386806,0.4332416335030579,4.411625187383805e-08
56,69,0.4192525303664193,0.4192525344646097,4.098190398149626e-09
56,77,0.4338435186648522,0.43384355372459976,3.5059747549581743e-08
56,90,0.4436065955445522,0.44360661419835046,1.8653798283807532e-08
57,23,0.4329129096990079,0.4329129097020178,3.0098701309100306e-12
57,36,0.42709990576620405,0.4270999057682978,2.0937696021405827e-12
57,44,0.41215078452154075,0.4121507845455395,2.3998747433751078e-11
57,49,0.4090403255782324,0.40904032557868886,4.564681965746331e-13
57,65,0.4098351894271545,0.40983518949059333,6.343880976089622e-11
57,70,0.4175795221542957,0.417579522156607,2.311262292664651e-12
57,78,0.4206924913730109,0.4206924914007991,2.7788216172552893e-11
57,91,0.4015353849311111,0.40153538493935903,8.24795787224275e-12
58,24,0.4198783622000455,0.4198783622027064,2.660927034270344e-12
58,37,0.43826893099292186,0.4382689310026444,9.722556093549883e-12
58,45,0.4295160088329243,0.4295160088338894,9.651168753066486e-13
58,50,0.41855701784463123,0.41855701787313,2.8498758908312993e-11
58,66,0.4199132299247972,0.419913229925341,5.438427486126329e-13
58,71,0.4159183181431819,0.41591831817500435,3.1822433577133324e-11
58,79,0.4225575584692804,0.42255755847436716,5.086764343076311e-12
58,92,0.3930210187752182,0.3930210188031879,2.7969682125927875e-11
59,25,0.40731186326507374,0.40731195904978007,9.57847063332018e-08
59,38,0.4257747554443416,0.4257752900163685,5.345720268667975e-07
59,46,0.42407190238463705,0.4240721436750577,2.412904206439137e-07
59,51,0.418694121925219,0.41869528769059944,1.1657653804508783e-06
59,67,0.42642307158159654,0.42642345174655555,3.801649590129408e-07
59,72,0.41934172520416935,0.4193457767392753,4.0515351059644544e-06
59,80,0.4220569701681239,0.4220600720570303,3.101888906398287e-06
59,93,0.39977701034137414,0.39978459269576927,7.582354395130331e-06
60,26,0.42396677276129685,0.42396691194506625,1.391837693986986e-07
60,39,0.4277883335200036,0.4277885159613418,1.8244133820344288e-07
60,47,0.43173223353909346,0.4317334860223311,1.252483237623725e-06
60,52,0.43631729791303764,0.43631745607772315,1.5816468551532736e-07
60,68,0.4122294057056748,0.4122336513769739,4.245671299085707e-06
60,73,0.41835795562923606,0.41835923074515996,1.2751159239043908e-06
60,81,0.4313096185159548,0.43131502671807403,5.408202119250305e-06
60,94,0.43806638840153866,0.43807051254509366,4.124143554995463e-06
61,27,0.41010006873572225,0.4101000687359184,1.9617640845126516e-13
61,40,0.41301184344705577,0.4130118434472,1.4421797089880783e-13
61,48,0.40713837937142455,0.4071383793745607,3.136157999961142e-12
61,53,0.4028474244048856,0.4028474244049186,3.302913498259841e-14
61,69,0.40008923360627496,0.4000892336326637,2.6388724538861652e-11
61,74,0.4082658919357273,0.40826589193606444,3.371192214274288e-13
61,82,0.43704999852931575,0.43704999853906895,9.753198249029538e-12
61,95,0.44192602807192494,0.44192602807347836,1.553424056055519e-12
62,28,0.4152864238274807,0.41528642382749126,1.0547118733938987e-14
62,41,0.44588445448018704,0.44588445448020825,2.120525977034049e-14
62,49,0.42362869430377886,0.4236286943037812,2.3314683517128287e-15
62,54,0.4247922547472424,0.42479225474768156,4.3914871739048067e-13
62,70,0.4033476220397399,0.40334762203975233,1.2434497875801753e-14
62,75,0.42450051759381546,0.42450051759429824,4.827804822582493e-13
62,83,0.4163078597342055,0.4163078597342188,1.3322676295501878e-14
62,96,0.4152722976130504,0.415272297613482,4.315992008230296e-13
63,29,0.4380998241953122,0.4380998320118735,7.816561342632866e-09
63,42,0.41203004754372113,0.4120300848335017,3.728978054118315e-08
63,50,0.4049011964916055,0.40490120355904646,7.06744096579115e-09
63,55,0.416674508378753,0.41667463539523286,1.2701647988944131e-07
63,71,0.4168051229772908,0.41680513103911815,8.061827372340957e-09
63,76,0.4253292950473917,0.42532950605589875,2.1100850705613183e-07
63,84,0.43152451279040865,0.4315245817680168,6.897760812529796e-08
63,97,0.41885215788545277,0.41885240675869745,2.4887324467925964e-07
64,30,0.415079889798799,0.4150800177770676,1.279782685936759e-07
64,43,0.4069658414538697,0.4069660299296738,1.884758040748835e-07
64,51,0.4034544900483526,0.40345566983161685,1.1797832642490569e-06
64,56,0.43132129402296543,0.4313214429593031,1.489363376516728e-07
64,72,0.41183752189329215,0.4118416528173749,4.130924082745846e-06
64,77,0.40747682838255395,0.40747803851957437,1.2101370204242734e-06
64,85,0.4275693943946841,0.42757464768864556,5.253293961449135e-06
64,98,0.4207057231860302,0.4207098798934909,4.156707460678533e-06
65,31,0.4386929672984553,0.4386929679832712,6.848158706773688e-10
65,44,0.4204510748206777,0.42045107544112775,6.204500802020618e-10
65,52,0.41568003642562723,0.4156800413520324,4.926405172689385e-09
65,57,0.41701303599223133,0.41701303616089,1.6865869811866219e-10
65,73,0.4239495768335283,0.42394959549980277,1.866627447055791e-08
65,78,0.4310651961449571,0.4310651972441945,1.0992374233076418e-09
65,86,0.4163929564428915,0.41639296632444894,9.881557461177692e-09
65,99,0.42247676398921197,0.422476767450321,3.4611090105052256e-09
66,32,0.4523809283102451,0.4523809283102726,2.7478019859472624e-14
66,45,0.41707799459520384,0.41707799459525496,5.112577028398846e-14
66,53,0.42183717554996475,0.42183717554997147,6.716849298982197e-15
66,58,0.42042347466198343,0.42042347466221736,2.339239912885205e-13
66,74,0.4186412066776569,0.41864120667771615,5.92303983637521e-14
66,79,0.43442006189068594,0.43442006189088056,1.9462209621678994e-13
66,87,0.41990144304383775,0.41990144304386456,2.681188604469753e-14
66,100,0.45340917816224696,0.45340917816239135,1.443845043525016e-13
67,33,0.4109088573937335,0.4109088623056557,4.911922202310848e-09
67,46,0.4311410358887331,0.4311410672010262,3.131229309172312e-08
67,54,0.42351360240312014,0.4235136065926387,4.189518565400618e-09
67,59,0.4358241618483167,0.43582428140235385,1.1955403717012203e-07
67,75,0.42385729386642595,0.42385729847227527,4.605849313055188e-09
67,80,0.4176132940979126,0.417613502647608,2.0854969540184953e-07
67,88,0.44648246409092196,0.44648252058325266,5.649233070226245e-08
67,101,0.40539529143688785,0.405395531353628,2.3991674014123276e-07
68,34,0.43596623966278575,0.43597328798611445,7.0483233287066405e-06
68,47,0.4139483277828492,0.41396359587922893,1.526809637975024e-05
68,55,0.4205910321723818,0.42061398448426524,2.29523118834285e-05
68,60,0.41734732312163386,0.41736935447038753,2.203134875367052e-05
68,76,0.42858763661210736,0.4286306151318067,4.297851969936595e-05
68,81,0.41087758992642975,0.4110324050054627,0.0001548150790329217
68,89,0.41173691897865056,0.41201697124513365,0.00028005226648308845
68,102,0.42055012416293813,0.4209590864547052,0.00040896229176706766
69,35,0.4131215999989687,0.41312160036459367,3.656249747407969e-10
69,48,0.4120620138484837,0.4120620140430424,1.9455870248208385e-10
69,56,0.41093000693997345,0.41093001080045394,3.8604804908359824e-09
69,61,0.41625689214111466,0.4162568922202019,7.908723675953411e-11
69,77,0.4357752511455306,0.4357752690538992,1.7908368565855426e-08
69,82,0.4050561306213255,0.4050561313783911,7.57065576895144e-10
69,90,0.41993052566991074,0.41993053520969903,9.539788292656226e-09
69,103,0.43351924118511487,0.43351924390198177,2.7168668981225608e-09
70,36,0.41484541040960377,0.4148454104102205,6.167288901792745e-13
70,49,0.4184516275713653,0.4184516275715047,1.3944401189291966e-13
70,57,0.42888661750556356,0.42888661750761536,2.051803171809752e-12
70,62,0.4304003262120432,0.4304003262123362,2.929878561985788e-13
70,78,0.42128596846679006,0.421285968474278,7.4879547007356e-12
70,83,0.4384223796189117,0.43842237961926506,3.5338398873818733e-13
70,91,0.4378145585073431,0.4378145585096507,2.307598556683388e-12
70,104,0.441353919049892,0.4413539190504203,5.282996262678807e-13
71,37,0.41363875349748597,0.4136387536771657,1.7967971555066242e-10
71,50,0.4223630005988559,0.4223630012321588,6.333029101135423e-10
71,58,0.42844641572823317,0.42844641580807247,7.983930183641519e-11
71,63,0.419166886064322,0.4191668888662324,2.8019103703869064e-09
71,79,0.4066695418546411,0.406669541920634,6.599287782904639e-11
71,84,0.42257332542105247,0.4225733285968308,3.1757783069963352e-09
71,92,0.4105943057163027,0.41059430634324484,6.269421648497087e-10
71,105,0.42066047799715583,0.4206604807482161,2.7510602684799323e-09
72,38,0.40314652952319185,0.40315292972937533,6.400206183476698e-06
72,51,0.40844814099763727,0.40846243805079163,1.4297053154366246e-05
72,59,0.4046699154172934,0.40469085671775573,2.0941300462318235e-05
72,64,0.4219561314562552,0.42197729360369135,2.1162147436137868e-05
72,80,0.4444831034379128,0.44452547980561175,4.237636769893749e-05
72,85,0.4281690430469304,0.4283199131193833,0.00015087007245290218
72,93,0.42487292672314486,0.42513420780548383,0.00026128108233897107
72,106,0.42488023436274425,0.42527982412233584,0.0003995897595915898
73,39,0.4127806957829412,0.412780828555627,1.3277268579026114e-07
73,52,0.4068786338488347,0.40687874894453857,1.150957038564826e-07
73,60,0.4196219489292708,0.41962313847779703,1.1895485262369832e-06
73,65,0.427900308391673,0.4279003701307411,6.173906813566887e-08
73,81,0.4194875915397959,0.41949131328954814,3.721749752216841e-06
73,86,0.4189166825989519,0.41891713029337974,4.476944278630768e-07
73,94,0.4045203520498024,0.4045231817738911,2.829724088715402e-06
73,107,0.42146543151135557,0.4214666262302509,1.1947188953143062e-06
74,40,0.4357189237737762,0.4357189237738109,3.469446951953614e-14
74,53,0.4134851742686039,0.4134851742686121,8.215650382226158e-15
74,61,0.42936258215904266,0.42936258215935214,3.094746681142624e-13
74,66,0.43115747363114487,0.43115747363116824,2.3370194668359545e-14
74,82,0.41448307299059195,0.41448307299296777,2.3758217615466037e-12
74,87,0.42407798422385395,0.42407798422387505,2.1094237467877974e-14
74,95,0.41901456299566897,0.4190145629960448,3.758104938356155e-13
74,108,0.42731597442790265,0.4273159744279325,2.986499936241671e-14
75,41,0.4213797150406686,0.4213797150507638,1.0095202451765317e-11
75,54,0.3904901717086355,0.39049017187797636,1.6934087465614311e-10
75,62,0.42139301149683844,0.42139301150434577,7.507328092515309e-12
75,67,0.42506290703431854,0.42506290849312817,1.458809628651636e-09
75,83,0.4153800964949884,0.4153800965019788,6.990408252249836e-12
75,88,0.4160486519500368,0.416048653627259,1.6772221944627574e-09
75,96,0.40958107738478855,0.4095810775510762,1.6628765031612147e-10
75,109,0.4027055422329697,0.4027055436518272,1.4188574759543826e-09
76,42,0.393150415458858,0.39315088880644183,4.733475838514245e-07
76,55,0.4194296210670911,0.4194331084816427,3.4874145516394783e-06
76,63,0.41522857501731747,0.41522935757994855,7.825626310853373e-07
76,68,0.41312131134537705,0.4131297392223325,8.427876955430236e-06
76,84,0.41778055730287894,0.41778146393208104,9.066292021020494e-07
76,89,0.43349912786762357,0.4335151955619499,1.6067694326327153e-05
76,97,0.4161792893064002,0.4161866526777731,7.363371372914873e-06
76,110,0.42130080329705727,0.42132101598030336,2.021268324609027e-05
77,43,0.43344805876148296,0.4334481918598695,1.3309838653441375e-07
77,56,0.4308788824828334,0.4308789876589209,1.0517608750593155e-07
77,64,0.4343686067146822,0.4343697345507495,1.1278360673161458e-06
77,69,0.4366493471214591,0.4366494029200482,5.5798589138067456e-08
77,85,0.43084892769831457,0.43085246507775254,3.537379437978938e-06
77,90,0.4283037255493472,0.4283041516838031,4.261344558886826e-07
77,98,0.4263116619857717,0.42631445444292476,2.792457153066863e-06
77,111,0.4157903205486842,0.4157914977438702,1.1771951859973484e-06
78,44,0.42882673248934833,0.42882673271884253,2.294942014202661e-10
78,57,0.4233971751397164,0.4233971752028549,6.313849443273511e-11
78,65,0.4362279481128362,0.43622794911261176,9.997755401336406e-10
78,70,0.4229767087448868,0.422976708763307,1.8420209801917053e-11
78,86,0.42775970645972944,0.42775970985327516,3.393545722207847e-09
78,91,0.44230011455648943,0.4423001146304936,7.400419166359029e-11
78,99,0.4105458598645443,0.4105458610900541,1.2255098047475599e-09
78,112,0.41211773469362556,0.41211773489353887,1.9991330812985098e-10
79,45,0.4472382024541804,0.4472382024549788,7.984168881591813e-13
79,58,0.40930714183755296,0.4093071418426113,5.058342633645907e-12
79,66,0.4066999505572817,0.4066999505577317,4.500289030318072e-13
79,71,0.4337840195372882,0.4337840195634913,2.6203095249144326e-11
79,87,0.42278957007564655,0.4227895700759865,3.3995029014022293e-13
79,92,0.4027106557349093,0.402710655757941,2.3031743179302566e-11
79,100,0.41304994696225805,0.41304994696533504,3.0769831127486214e-12
79,113,0.4025557303558208,0.40255573037208775,1.6266932245656562e-11
80,46,0.4366238798886977,0.4366243597672014,4.798785036563835e-07
80,59,0.41815274260998836,0.41815606940470174,3.3267947133763798e-06
80,67,0.41840179462616056,0.4184025510970532,7.564708926488528e-07
80,72,0.43098322927682453,0.430991658014262,8.428737437449207e-06
80,88,0.43650839581080325,0.43650927585814897,8.80047345719337e-07
80,93,0.4267490572022297,0.4267648560091881,1.5798806958400302e-05
80,101,0.41442923691746864,0.41443650342500293,7.266507534298139e-06
80,114,0.4037604424660538,0.40378070575548125,2.0263289427446818e-05
81,47,0.4190060838067145,0.41902193288421086,1.584907749635489e-05
81,60,0.4296543284942868,0.4296770963236624,2.2767829375602844e-05
81,68,0.42069760562132974,0.4208353193908682,0.00013771376953847225
81,73,0.4456246724369558,0.44564084464064485,1.6172203689046594e-05
81,89,0.4152686047307488,0.41554504562536027,0.0002764408946114849
81,94,0.42151951085737677,0.42165396967566754,0.00013445881829077244
81,102,0.4125181138894471,0.4129092853396354,0.000391171450188299
81,115,0.41567756624369806,0.41593811617922877,0.00026054993553070727
82,48,0.42986009575743617,0.42986009582274537,6.530920249048222e-11
82,61,0.41516135372947804,0.41516135375603397,2.65559241263702e-11
82,69,0.4252848889751477,0.42528488967863703,7.034893223512029e-10
82,74,0.39956041439920426,0.3995604144060522,6.847966638190428e-12
82,90,0.41259526162173177,0.41259526475714864,3.1354168705810537e-09
82,95,0.4326329962605238,0.43263299629281127,3.228745049099757e-11
82,103,0.40655599012096877,0.4065559910233807,9.024119229650296e-10
82,116,0.396211833693544,0.39621183378881375,9.526973654416793e-11
83,49,0.4024647675586597,0.4024647675586791,1.942890293094024e-14
83,62,0.4314767582147272,0.4314767582147829,5.56776846849516e-14
83,70,0.4349616933666565,0.4349616933667249,6.838973831690964e-14
83,75,0.42525475772119053,0.4252547577231587,1.9681478669042463e-12
83,91,0.42515914296660434,0.425159142966812,2.0766721675613553e-13
83,96,0.41306259896738795,0.4130625989691479,1.7599255386357981e-12
83,104,0.4291599045898364,0.42915990458991693,8.054668043655511e-14
83,117,0.4184574785346192,0.418457478535757,1.1378120667870917e-12
84,50,0.4053089606820462,0.40530896884174217,8.159695974452319e-09
84,63,0.4292265376642358,0.42922660740074026,6.973650445996071e-08
84,71,0.43269185661332643,0.4326918659219425,9.30861604464539e-09
84,76,0.4269900903538284,0.4269903362684325,2.459146041244864e-07
84,92,0.4189992135919367,0.4189992217186308,8.126694095444975e-09
84,97,0.41289024528844886,0.4128905353375229,2.900490740365136e-07
84,105,0.4083443457727028,0.40834441424516343,6.84724606458964e-08
84,118,0.4201675010064019,0.42016774626085246,2.452544505815446e-07
85,51,0.3980513162831324,0.39806661104322705,1.5294760094652915e-05
85,64,0.4319003468898326,0.43192290321906207,2.2556329229483918e-05
85,72,0.43293452178363584,0.43307103469537467,0.00013651291173882862
85,77,0.4183030163211811,0.4183186960010983,1.5679679917168787e-05
85,93,0.426611461122489,0.42687936406587745,0.000267902943388465
85,98,0.42557052306242127,0.4257076778185408,0.00013715475611952854
85,106,0.42655958639577995,0.42695821879160806,0.0003986323958281024
85,119,0.4207161935026406,0.4209901160529389,0.00027392255029828894
86,52,0.4129030256953069,0.412903082513671,5.681836412474439e-08
86,65,0.4182026507302235,0.4182026812549004,3.05246768972367e-08
86,73,0.4045714707489534,0.404571910664061,4.3991510761953734e-07
86,78,0.4246187447183331,0.4246187557440746,1.1025741486481166e-08
86,94,0.43656791539607753,0.4365693023328841,1.3869368065688725e-06
86,99,0.4330447889375698,0.4330448273845004,3.8446930583635464e-08
86,107,0.4059734670259094,0.40597405264379527,5.856178858509864e-07
86,120,0.4357919679292717,0.43579205825329,9.032401826480907e-08
87,53,0.43403592117980383,0.43403592117980816,4.3298697960381105e-15
87,66,0.4137387363315919,0.41373873633161634,2.4424906541753444e-14
87,74,0.42155678114325895,0.42155678114329975,4.08006961549745e-14
87,79,0.4160844899946619,0.41608448999479664,1.3472556403826275e-13
87,95,0.43354857801428814,0.43354857801447894,1.9079182678183315e-13
87,100,0.4073572919047607,0.4073572919048609,1.0019762797242038e-13
87,108,0.4232340371674468,0.4232340371674632,1.6431300764452317e-14
87,121,0.41708337207346513,0.4170833720735256,6.045164369083977e-14
88,54,0.40980135725763306,0.40980136214327667,4.885643611896029e-09
88,67,0.4311618228623503,0.4311618799531924,5.7090842109364104e-08
88,75,0.4346907207765473,0.4346907261477357,5.371188382952141e-09
88,80,0.43165955916227244,0.4316598033431935,2.4418092103850597e-07
88,96,0.4525289563998147,0.45252896120142666,4.8016119413851754e-09
88,101,0.4246236028841281,0.42462388379015703,2.8090602893771077e-07
88,109,0.4147370361907337,0.4147370916891258,5.5498392104169625e-08
88,122,0.412740170612526,0.41274040749396923,2.3688144323852356e-07
89,55,0.4324970332086814,0.4325434973391308,4.6464130449397345e-05
89,68,0.40243414285202556,0.40271734480604277,0.00028320195401720927
89,76,0.39445814045625316,0.3945451948685996,8.70544123464656e-05
89,81,0.45459290371407807,0.45490758439194123,0.0003146806778631661
89,97,0.432145110840835,0.4322481698276089,0.00010305898677387404
89,102,0.41664834446235655,0.41748039042705476,0.0008320459646982137
89,110,0.40187490330401987,0.40266531945232703,0.0007904161483071603
89,123,0.4275853435874212,0.4286050134799956,0.001019669892574404
90,56,0.42194399107874253,0.4219440438204826,5.2741740086403865e-08
90,69,0.4209507836976681,0.42095081169498555,2.7997317464389937e-08
90,77,0.42457392743865935,0.42457434285966333,4.154210039852835e-07
90,82,0.42187855539313135,0.4218785650286785,9.635547137953893e-09
90,98,0.4182270530018179,0.4182284373660233,1.3843642053812388e-06
90,103,0.4076108072368905,0.407610843745793,3.6508902456766634e-08
90,111,0.40704237109004987,0.4070429573593185,5.862692686320337e-07
90,124,0.4100081606393553,0.4100082443637845,8.37244292228867e-08
91,57,0.42796043021518176,0.42796043022389274,8.710976384662672e-12
91,70,0.4333331514877715,0.43333315149051244,2.7409186031945865e-12
91,78,0.4240625237941419,0.4240625238280559,3.391403824437589e-11
91,83,0.4321520506168814,0.4321520506181569,1.2755352329918423e-12
91,99,0.4129074991849894,0.412907499277713,9.272355105949259e-11
91,104,0.4391992083948173,0.4391992083968182,2.0008994461306884e-12
91,112,0.41627783364687626,0.41627783367204646,2.517019925818431e-11
91,125,0.40605620025318195,0.4060562002566751,3.4931502135293613e-12
92,58,0.41528598880868717,0.4152859888784457,6.975853228397e-11
92,71,0.4155924306572071,0.41559243128188794,6.246808625931521e-10
92,79,0.41000093268643784,0.4100009327440994,5.766154220765429e-11
92,84,0.4149169960440078,0.4149169988106321,2.7666243185286987e-09
92,100,0.42181433333054996,0.4218143333725035,4.1953551743745265e-11
92,105,0.4177747370120555,0.4177747394087336,2.3966781337314558e-09
92,113,0.4292471922729663,0.4292471926504073,3.7744096736958e-10
92,126,0.40809435704741204,0.40809435864965565,1.6022436155616049e-09
93,59,0.40773429099251957,0.4077756387342834,4.134774176384193e-05
93,72,0.4313369929871195,0.4316004168966255,0.0002634239095059554
93,80,0.4273643742614848,0.4274480949822875,8.372072080264914e-05
93,85,0.40964394237146035,0.40994277333999124,0.0002988309685308943
93,101,0.4028061203725348,0.4029017334877552,9.561311522038318e-05
93,106,0.42418774144642857,0.42497927019146226,0.0007915287450336872
93,114,0.42659041689615107,0.42733515484324835,0.0007447379470972848
93,127,0.43082487555745225,0.4317900338263977,0.000965158268945443
94,60,0.4170748454044606,0.4170964177398462,2.15723353855779e-05
94,73,0.42174023029840213,0.42175548538468594,1.525508628380523e-05
94,81,0.41813983678351224,0.4182916370065728,0.00015180022306054974
94,86,0.4240230453365194,0.4240305321180012,7.486781481769178e-06
94,102,0.4185269554263667,0.4189284694984993,0.0004015140721326249
94,107,0.43144344525761447,0.4314647810177792,2.1335760164720163e-05
94,115,0.41144125759860467,0.411700015542349,0.0002587579437443033
94,128,0.4120428668516331,0.4120844318303127,4.156497867957576e-05
95,61,0.41520490639218766,0.41520490639377267,1.5850099011061047e-12
95,74,0.4134604896310721,0.41346048963148857,4.164446565368962e-13
95,82,0.42325323001703685,0.42325323002909276,1.2055911824404575e-11
95,87,0.4035842085397031,0.40358420853981164,1.0852430065710905e-13
95,103,0.4140891129165829,0.41408911295791884,4.133593467514629e-11
95,108,0.4138224167290465,0.4138224167291994,1.5287771049088406e-13
95,116,0.41277033319132284,0.41277033319690876,5.585920614947781e-12
95,129,0.42291360449910914,0.42291360449939147,2.823297151621773e-13
96,62,0.41450590804641685,0.4145059080531244,6.707523425575346e-12
96,75,0.4160815207853233,0.41608152095153883,1.6621554133067207e-10
96,83,0.4049501045140427,0.40495010452028896,6.2462812699948245e-12
96,88,0.4334674932789613,0.4334674947787804,1.4998191022463914e-09
96,104,0.41271018158780104,0.41271018159355466,5.753619802817411e-12
96,109,0.4223874001759466,0.42238740144471376,1.2687671469002737e-09
96,117,0.4372518314353905,0.43725183153178343,9.63929491781812e-11
96,130,0.4103231487045945,0.41032314951500976,8.104152349197591e-10
97,63,0.4242722207255194,0.4242731471315236,9.264060041869193e-07
97,76,0.43357899429387636,0.433586358057157,7.363763280643365e-06
97,84,0.4125634014925337,0.41256447477925734,1.073286723662914e-06
97,89,0.39871547051071865,0.398734480881171,1.9010370452376968e-05
97,105,0.4043095708880712,0.40431048043723605,9.095491648736242e-07
97,110,0.4156998051410284,0.4157237174934532,2.3912352424826366e-05
97,118,0.41092856299508257,0.41093590258487567,7.3395897930983445e-06
97,131,0.4042261643496087,0.4042449106847824,1.874633517373603e-05
98,64,0.4141819576378123,0.4142031926291301,2.1234991317786722e-05
98,77,0.4249740937404317,0.4249888014451167,1.4707704684979728e-05
98,85,0.4210900461990212,0.4212413411850802,0.00015129498605903624
98,90,0.41684697113835095,0.41685431480464374,7.343666292791706e-06
98,106,0.4027400721342917,0.4031405364687945,0.0004004643345028036
98,111,0.42362731279121935,0.4236491197968043,2.1807005584961736e-05
98,119,0.4168704069100614,0.41713836484016836,0.00026795793010697677
98,132,0.4077871970053564,0.40782893535778475,4.1738352428322134e-05
99,65,0.4313454700693765,0.431345473642827,3.573450479965601e-09
99,78,0.410226143592334,0.41022614498226706,1.3899330575384283e-09
99,86,0.4270592390220727,0.42705925171688286,1.2694810147539926e-08
99,91,0.42272880387198203,0.4227288041194215,2.474394578122485e-10
99,107,0.4272554062737003,0.42725543653399034,3.0260290051487004e-08
99,112,0.4272744913091304,0.42727449198390044,6.747700176390481e-10
99,120,0.4111837679407193,0.41118377762445596,9.683736645893504e-09
99,133,0.44197484250311203,0.4419748437274717,1.2243596692051995e-09
100,66,0.4453494976586475,0.44534949765897597,3.2845948183535256e-13
100,79,0.4068616735705716,0.4068616735736165,3.0448976673369543e-12
100,87,0.4145586787894315,0.4145586787896793,2.4780177909633494e-13
100,92,0.4211944745297565,0.42119447454639597,1.6639467581569534e-11
100,108,0.41951418063981366,0.4195141806400359,2.2226664952995634e-13
100,113,0.415829041267653,0.41582904127940723,1.1754208717462689e-11
100,121,0.42980833093268933,0.4298083309340045,1.3151701949709604e-12
100,134,0.42407528908118153,0.4240752890878454,6.663891660707577e-12
101,67,0.43606055383644665,0.43606141916676894,8.653303222860842e-07
101,80,0.4209892959160286,0.42099652590592107,7.229989892443278e-06
101,88,0.4323166313683638,0.43231763803079876,1.0066624349658326e-06
101,93,0.4390086544331801,0.439026649750374,1.799531719387515e-05
101,109,0.41514242187896017,0.41514326259023476,8.407112745967282e-07
101,114,0.41006791071712634,0.41009098420222573,2.3073485099389668e-05
101,122,0.40483899255941597,0.40484597604903744,6.98348962147044e-06
101,135,0.43946440175991963,0.43948227636479104,1.787460487140402e-05
102,68,0.42093443478326004,0.4276253561388819,0.006690921355621882
102,81,0.40923362719060785,0.4158162474389282,0.006582620248320348
102,89,0.4345691997463652,0.4481729520187117,0.013603752272346503
102,94,0.41759137688770864,0.4241541451272838,0.006562768239575134
102,110,0.4231010908487146,0.4430922806297018,0.019991189780987184
102,115,0.39600069735340243,0.40871401015065817,0.012713312797255738
102,123,0.41352803785074754,0.4938509846045314,0.08032294675378387
102,136,0.40489611032301587,0.42424934756871685,0.019353237245700983
103,69,0.4129426896395758,0.412942692437907,2.7983311778889686e-09
103,82,0.4337278788783889,0.4337278798785342,1.000145299911992e-09
103,90,0.41895847385864277,0.41895848653355133,1.2674908567156251e-08
103,95,0.4063056104732066,0.40630561059971537,1.2650874792186073e-10
103,111,0.4223488399890798,0.42234887175364666,3.176456686571072e-08
103,116,0.41178943334335993,0.4117894337170007,3.7364078497859055e-10
103,124,0.4408147546310668,0.4408147626150324,7.983965599756004e-09
103,137,0.4312429361070208,0.43124293682664533,7.196245266349877e-10
104,70,0.4286389755605962,0.42863897556081215,2.1593837828959295e-13
104,83,0.4388160903305087,0.43881609033068975,1.8102186416513177e-13
104,91,0.4116201979859649,0.41162019798662847,6.635803018184561e-13
104,96,0.4153794644885626,0.41537946449357893,5.016320692163845e-12
104,112,0.41721991977728756,0.4172199197788506,1.5630274852185266e-12
104,117,0.41845006622024583,0.4184500662234875,3.2416846984517633e-12
104,125,0.41792246150137463,0.4179224615017436,3.689826222341708e-13
104,138,0.43996385174416774,0.43996385174587527,1.7075230118734908e-12
105,71,0.4266029867316143,0.4266029946470176,7.915403332781068e-09
105,84,0.4342152445009298,0.43421531222178905,6.772085925366156e-08
105,92,0.3858138849144892,0.38581389182506287,6.910573668861275e-09
105,97,0.4242657454988311,0.4242659898306564,2.4433182527205943e-07
105,113,0.4176304489997792,0.4176304536932657,4.693486488349663e-09
105,118,0.4003434205418265,0.40034362714412947,2.066023029878572e-07
105,126,0.4358793962527646,0.43587943361032155,3.7357556936790104e-08
105,139,0.4355641120543162,0.43556423751957846,1.2546526223511378e-07
106,72,0.41850677579348494,0.42499259916614107,0.00648582337265613
106,85,0.4159456534447268,0.42257474602106354,0.006629092576336759
106,93,0.41667617904696674,0.4295231407163339,0.012846961669367163
106,98,0.4159239972052671,0.42242710714652887,0.006503109941261742
106,114,0.4202883608395809,0.44007298884343404,0.019784628003853166
106,119,0.4303392767932449,0.44357196121358156,0.013232684420336649
106,127,0.44089135108562777,0.5205682310045248,0.07967687991889699
106,140,0.43001017337960146,0.4492740933774477,0.01926391999784627
107,73,0.420001847577652,0.4200031073076931,1.2597300410588375e-06
107,86,0.4121551665047681,0.4121557940889458,6.275841777370061e-07
107,94,0.41598321825674034,0.41598726757445936,4.049317719023726e-06
107,99,0.41334280886342695,0.4133429151671966,1.0630376967579735e-07
107,115,0.4174716005193978,0.4174791828491738,7.582329775990271e-06
107,120,0.4165664582410776,0.41656670906313426,2.508220566799224e-07
107,128,0.4158801242108274,0.415883210749944,3.0865391166257083e-06
107,141,0.41508422598968714,0.4150846090621379,3.830724507603023e-07
108,74,0.4304394157386775,0.4304394157387036,2.609024107869118e-14
108,87,0.4188644789726966,0.4188644789727065,9.936496070395151e-15
108,95,0.4321003730660228,0.43210037306614174,1.1896039708858552e-13
108,100,0.4142584288378017,0.4142584288378628,6.111777750561487e-14
108,116,0.4206373821057135,0.4206373821060644,3.508859869327807e-13
108,121,0.4357702380332381,0.4357702380332754,3.730349362740526e-14
108,129,0.40439706820172855,0.40439706820174226,1.3711254354120683e-14
108,142,0.4257794966537994,0.42577949665381726,1.787459069646502e-14
109,75,0.41897281299553646,0.41897281746927845,4.473741987975899e-09
109,88,0.43026447693277836,0.4302645317966126,5.48638342534602e-08
109,96,0.41751905960357794,0.41751906360291613,3.9993381939495976e-09
109,101,0.4333304812702164,0.4333307142273881,2.3295717171967212e-07
109,117,0.4080024135753411,0.40800241615783733,2.5824962168741195e-09
109,122,0.42412507024415314,0.42412526669512113,1.9645096799303374e-07
109,130,0.40837755363948136,0.4083775828495453,2.92100639232018e-08
109,143,0.4356374879144861,0.4356376042496977,1.1633521163068039e-07
110,76,0.42918372548743494,0.4293090717664652,0.00012534627903026951
110,89,0.4133822632425076,0.4142180505187609,0.0008357872762533303
110,97,0.4098221163283877,0.40997050723854683,0.000148390910159113
110,102,0.4278338877753424,0.42907034077323997,0.0012364529978975414
110,118,0.39418170884112214,0.3943065850578839,0.00012487621676177119
110,123,0.4106480747867029,0.412163351563207,0.001515276776504093
110,131,0.4139855044010532,0.4148048362033867,0.0008193318023335117
110,144,0.4190775888112236,0.4203288608808966,0.001251272069673015
111,77,0.42219424476048795,0.42219548591017253,1.2411496845832204e-06
111,90,0.424065478005465,0.42406611171082886,6.337053638505452e-07
111,98,0.41075494841481974,0.41075918350337653,4.23508855679211e-06
111,103,0.43377612190455456,0.4337762282237624,1.0631920782655513e-07
111,119,0.41866392684152326,0.41867189106661074,7.96422508747563e-06
111,124,0.3895621576225954,0.3895624019198762,2.442972807936705e-07
111,132,0.4159872602295557,0.4159904309914505,3.170761894821794e-06
111,145,0.4112962973962644,0.41129668519769336,3.8780142896932546e-07
112,78,0.4024614263287368,0.402461426426213,9.747619378330796e-11
112,91,0.4086650729751778,0.408665073002713,2.753519634524082e-11
112,99,0.4253155695321107,0.42531556980094143,2.6883073545036495e-10
112,104,0.40019319162541417,0.40019319163069234,5.278166792521688e-12
112,120,0.4123422808517928,0.4123422813936108,5.418179793714728e-10
112,125,0.4537086190550867,0.45370861906441806,9.33136901082321e-12
112,133,0.4067456572420912,0.40674565736747365,1.253824266633785e-10
112,146,0.4295717959200886,0.4295717959352956,1.5207002324046925e-11
113,79,0.42006778929792127,0.4200677893372736,3.9352354708199755e-11
113,92,0.4208713906530113,0.4208713910221065,3.6909519884886777e-10
113,100,0.4072496764428558,0.4072496764714937,2.8637869853298525e-11
113,105,0.4187865518861675,0.41878655349044214,1.6042746575628541e-09
113,121,0.407146943759639,0.40714694377615984,1.6520840251388336e-11
113,126,0.42129221193039973,0.4212922130034424,1.0730426547311822e-09
113,134,0.42333453389709286,0.42333453403625765,1.3916479080222643e-10
113,147,0.40874478979248013,0.4087447903385566,5.460764618270275e-10
114,80,0.4357187317927539,0.4358445834331556,0.00012585164040168628
114,93,0.4297833902723076,0.4305792146783558,0.0007958244060481956
114,101,0.4334644597439554,0.4336081644932427,0.00014370474928726562
114,106,0.4113536028120957,0.41258903014058257,0.00123542732848686
114,122,0.39900911425392604,0.3991303233304505,0.00012120907652446444
114,127,0.4315721037041171,0.43307854106173754,0.0015064373576204604
114,135,0.4383921407376592,0.4391801185059407,0.0007879777682814892
114,148,0.40478421284128374,0.4059995802167859,0.0012153673755021521
115,81,0.4155859856287157,0.4158802300464961,0.00029424441778042043
115,94,0.40131333561143107,0.4015718581214096,0.00025852250997854265
115,102,0.41988726001342513,0.42066361185556034,0.0007763518421352034
115,107,0.41842255698580916,0.4184639107316668,4.135374585761964e-05
115,123,0.4190189632905623,0.41997038092259076,0.0009514176320284395
115,128,0.4209488653765427,0.4210294488300789,8.058345353623153e-05
115,136,0.41017769587778097,0.4108936168815488,0.0007159210037678276
115,149,0.4141190034085132,0.4142119827023831,9.297929386986592e-05
116,82,0.44849194288302646,0.4484919429202086,3.718214625081373e-11
116,95,0.4082168467228495,0.4082168467287721,5.92259574716536e-12
116,103,0.42196480723728536,0.42196480736474257,1.27457211451798e-10
116,108,0.404313983884843,0.40431398388531553,4.725109192804666e-13
116,124,0.4048687939803299,0.4048687942559542,2.7562430116034875e-10
116,129,0.42271717224830974,0.4227171722491819,8.72191208145523e-13
116,137,0.43004584125935325,0.4300458412923877,3.303446405311661e-11
116,150,0.4115262303306131,0.41152623033206254,1.4494516697993731e-12
117,83,0.4289352862097872,0.42893528621377275,3.985534124950618e-12
117,96,0.42933079477168384,0.42933079486660464,9.492079344752824e-11
117,104,0.42036831344904063,0.4203683134527163,3.675670878777737e-12
117,109,0.40451405714176386,0.4045140579539262,8.121623373824605e-10
117,125,0.4198060952520586,0.4198060952557817,3.7231329130804625e-12
117,130,0.4327143281761154,0.4327143286948404,5.187250073923622e-10
117,138,0.4118970208389128,0.4118970208712867,3.237393686461587e-11
117,151,0.42600637057511354,0.42600637081460624,2.394927034465866e-10
118,84,0.42930169719696604,0.42930260060707387,9.034101078331247e-07
118,97,0.4309858526075435,0.4309931880236207,7.335416077169921e-06
118,105,0.4067931587933036,0.40679392439128326,7.655979796794554e-07
118,110,0.42764615859710187,0.4276662910748805,2.013247777865601e-05
118,126,0.4029392910912002,0.40293977393513974,4.828439395532236e-07
118,131,0.43999394277074666,0.4400097246445928,1.5781873846154593e-05
118,139,0.4134629907919619,0.4134664776007102,3.486808748287551e-06
118,152,0.4256391966704671,0.42564758378557227,8.387115105146226e-06
119,85,0.4016977441525701,0.4020054058787906,0.00030766172622048726
119,98,0.42968472258998736,0.42995724835827054,0.00027252576828318276
119,106,0.4282337959930733,0.429050256692728,0.0008164606996546864
119,111,0.4226534383363214,0.42269751289118795,4.4074554866546656e-05
119,127,0.42434467980096746,0.4253402388964122,0.0009955590954447424
119,132,0.4214678072758613,0.42155223568186456,8.44284060032563e-05
119,140,0.42986317589504497,0.43061330704386463,0.000750131148819666
119,153,0.4158679681126931,0.4159659049680629,9.793685536979568e-05
120,86,0.42598034349185565,0.4259803746849289,3.119307323551368e-08
120,99,0.42404312392312205,0.42404313441558833,1.0492466284706126e-08
120,107,0.4143775211051545,0.4143775958437664,7.47386118549187e-08
120,112,0.42779291192737234,0.4277929134799747,1.552602379994994e-09
120,128,0.4175586939323194,0.41755882077268447,1.2684036504451157e-07
120,133,0.44254529147826804,0.4425452943009717,2.8227036819039597e-09
120,141,0.41558544078205956,0.4155854756942417,3.491218214524139e-08
120,154,0.41628321415951514,0.4162832184361003,4.276585141571587e-09
121,87,0.4173410706289637,0.41734107062910814,1.4444001550373287e-13
121,100,0.42541858191647586,0.42541858191775145,1.2755907441430736e-12
121,108,0.4068331701802669,0.40683317018039583,1.2895240431021193e-13
121,113,0.43612144921156326,0.4361214492181988,6.635525462428404e-12
121,129,0.4146499168821865,0.41464991688234726,1.6076029396572267e-13
121,134,0.4183417016427268,0.41834170164649187,3.765043832260062e-12
121,142,0.4050276984876142,0.4050276984879717,3.574918139293004e-13
121,155,0.4064598446811381,0.40645984468269164,1.5535350783579815e-12
122,88,0.4204495459881862,0.4204503942877194,8.482995332292909e-07
122,101,0.4239387745157371,0.4239457711066959,6.996590958818771e-06
122,109,0.40395893606116273,0.4039596445063197,7.084451569827621e-07
122,114,0.4168652094020803,0.4168847010281592,1.9491626078949054e-05
122,130,0.410567576230164,0.41056802048350816,4.442533441673113e-07
122,135,0.3967376812947512,0.3967527781602222,1.5096865471020404e-05
122,143,0.39880422029738405,0.39880744553940395,3.22524201989971e-06
122,156,0.4132507037080881,0.4132587189330211,8.015224932989007e-06
123,89,0.42367073186335624,0.4375456425074202,0.013874910644063931
123,102,0.42097930000715916,0.4952417826922558,0.07426248268509666
123,110,0.4387342046379181,0.45910458843869056,0.02037038380077244
123,115,0.39957288133090857,0.41254136514785494,0.012968483816946375
123,131,0.41229700384565854,0.4258520092774129,0.013555005431754363
123,136,0.4211983129632678,0.4409189664590141,0.019720653495746254
123,144,0.44895738526652845,0.5235678209423084,0.07461043567577991
123,157,0.40015315084517933,0.41327430392782727,0.01312115308264794
124,90,0.4247632862451547,0.42476331634757775,3.0102423054234606e-08
124,103,0.42087621900283384,0.42087622745869874,8.455864897172205e-09
124,111,0.42827753041968286,0.42827760604334775,7.56236648857822e-08
124,116,0.4259290153844794,0.4259290162565259,8.720464905742631e-10
124,132,0.4156369593167342,0.41563708565661345,1.2633987922505696e-07
124,137,0.4346924289752517,0.43469243065511615,1.679864469750214e-09
124,145,0.4147725684826888,0.41477259804031674,2.955762795631145e-08
124,158,0.41008087505614776,0.41008087757477846,2.5186306928937086e-09
125,91,0.4155766718280332,0.41557667182956226,1.5290546606649968e-12
125,104,0.38923756060564313,0.389237560606178,5.348499421131692e-13
125,112,0.4157414682217025,0.415741468225317,3.614497590120891e-12
125,117,0.41450288232853755,0.4145028823356358,7.09826641909217e-12
125,133,0.4379596919989026,0.4379596920051065,6.2038707504541435e-12
125,138,0.38943848273600107,0.38943848273974097,3.739897280752302e-12
125,146,0.4296026650630096,0.4296026650642883,1.278699368612024e-12
125,159,0.41908577030829025,0.4190857703097447,1.4544476734101863e-12
126,92,0.44623329862628497,0.4462333030217529,4.3954679340707514e-09
126,105,0.40739938703099626,0.40739942336845103,3.633745476738781e-08
126,113,0.42397726772412997,0.42397727071079105,2.9866610851136954e-09
126,118,0.42513124062866564,0.425131369095019,1.2846635333296774e-07
126,134,0.4410306102734035,0.4410306118618879,1.5884843995728204e-09
126,139,0.42445235813526,0.4244524361945921,7.80593321092482e-08
126,147,0.4124803468413836,0.41248035786548304,1.1024099411116595e-08
126,160,0.41216492335015614,0.41216495569596484,3.234580869815318e-08
127,93,0.40895663660374576,0.42205823886537325,0.013101602261627487
127,106,0.4468099777135544,0.5205699261345148,0.0737599484209604
127,114,0.4336862067672211,0.4538405532666384,0.02015434649941733
127,119,0.41860877531546625,0.4321021489364498,0.013493373620983573
127,135,0.39304688831309503,0.40599596450575753,0.012949076192662501
127,140,0.41524890952262894,0.43487415255539563,0.019625243032766693
127,148,0.4104275706999376,0.4837339413571113,0.07330637065717366
127,161,0.4175889136792442,0.43087556564123264,0.013286651961988416
128,94,0.41385577740042995,0.4138638672124229,8.08981199296177e-06
128,107,0.410638523571298,0.4106418149916759,3.2914203779155216e-06
128,115,0.4263227726856504,0.4263379386522952,1.5165966644803408e-05
128,120,0.4168215906543932,0.41682206751256173,4.768581685077322e-07
128,136,0.40493423473082285,0.40495365457613447,1.9419845311619e-05
128,141,0.4141699223849715,0.4141706513194275,7.289344559624489e-07
128,149,0.4353518624057804,0.4353588788218594,7.016416079030918e-06
128,162,0.42503096479053554,0.42503183588045096,8.71089915421841e-07
129,95,0.40974712732836266,0.40974712732842344,6.078471059822732e-14
129,108,0.4210073168485131,0.4210073168485172,4.107825191113079e-15
129,116,0.420918492849678,0.42091849284985733,1.7930101847696278e-13
129,121,0.4121302724230146,0.4121302724230325,1.7930101847696278e-14
129,137,0.41271695128866315,0.41271695128900865,3.455014052633487e-13
129,142,0.4316862521062713,0.43168625210628137,1.0047518372857667e-14
129,150,0.40491505119297583,0.4049150511929869,1.1046719095020308e-14
129,163,0.40242301420778115,0.40242301420778365,2.4980018054066022e-15
130,96,0.40305351523917426,0.40305351773660925,2.49743498104138e-09
130,109,0.43508379924230467,0.4350838279883608,2.8746056146555787e-08
130,117,0.4238981367170039,0.42389813832973733,1.6127334467874732e-09
130,122,0.426597691948083,0.4265978139877024,1.220396194101525e-07
130,138,0.4087253128422606,0.40872531368673565,8.444750454472683e-10
130,143,0.43088888853910057,0.4308889608423862,7.230328563645472e-08
130,151,0.4287537780114284,0.42875378617959403,8.16816564386258e-09
130,164,0.4314031355204914,0.43140316535795475,2.98374633334042e-08
131,97,0.4096833113182375,0.4097841191947021,0.00010080787646460365
131,110,0.4146692626251979,0.4154414110358486,0.0007721484106507082
131,118,0.41375771974698927,0.41384255461600145,8.483486901217363e-05
131,123,0.4152950866382299,0.4162904716128717,0.0009953849746417998
131,139,0.437262786921075,0.43730830697608014,4.5520055005132676e-05
131,144,0.4168846042584146,0.4177065690316372,0.0008219647732226054
131,152,0.4162715914410807,0.41654822299245403,0.0002766315513733075
131,165,0.40442118631366974,0.40472983433640336,0.00030864802273361525
132,98,0.3949102029379641,0.3949185167892631,8.313851299013297e-06
132,111,0.44872716146911257,0.4487305415372032,3.380068090641508e-06
132,119,0.40166991065305,0.40168557147678985,1.5660823739827023e-05
132,124,0.4219615079195971,0.4219619681594273,4.6023983024667814e-07
132,140,0.42129228754699033,0.42131186716559266,1.957961860232782e-05
132,145,0.40410170840759324,0.40410243937443563,7.309668423882698e-07
132,153,0.4258010212375331,0.4258081301393151,7.108901782015842e-06
132,166,0.40696243100120777,0.406963291121483,8.601202752256398e-07
133,99,0.41021474609207925,0.4102147465900073,4.979280321393276e-10
133,112,0.4192405558539932,0.419240555983491,1.2949780137105904e-10
133,120,0.4136364701407332,0.41363647114605423,1.005321048630492e-09
133,125,0.4108173944596642,0.41081739447647236,1.6808165970161326e-11
133,141,0.4126251444200305,0.4126251458885633,1.4685327953678495e-09
133,146,0.43570639158089786,0.435706391608344,2.7446156458665882e-11
133,154,0.40330086447923474,0.40330086482097377,3.4173902596634775e-10
133,167,0.41898621476955394,0.41898621480659237,3.7038427880276004e-11
134,100,0.4448563788370159,0.44485637885236357,1.5347667581266933e-11
134,113,0.43351883322274515,0.43351883335691266,1.341675104349349e-10
134,121,0.4344928797324111,0.43449287974127304,8.861966716011693e-12
134,126,0.42943237822573965,0.4294323787832925,5.575528372325778e-10
134,142,0.43267526283740476,0.43267526284148977,4.085010107957032e-12
134,147,0.40753812369974296,0.40753812398398254,2.8423957632028873e-10
134,155,0.42287319122882994,0.4228731912566773,2.7847391059765414e-11
134,168,0.4477191943290656,0.4477191944301679,1.0110229320403619e-10
135,101,0.3986568237366912,0.3987513852435817,9.456150689052256e-05
135,114,0.3965133381741677,0.39724938836415064,0.0007360501899829619
135,122,0.41347754780090507,0.4135573014935309,7.97536926258613e-05
135,127,0.42609763354287067,0.4270511601144357,0.0009535265715650554
135,143,0.4220379435942556,0.4220792760983287,4.13325040730661e-05
135,148,0.39482248800567826,0.39559177975360754,0.0007692917479292793
135,156,0.4115843686338537,0.4118432658451476,0.00025889721129385146
135,169,0.404692148134914,0.4049945561775798,0.0003024080426657916
136,102,0.4126349842225027,0.4138317765245043,0.0011967923020015925
136,115,0.4247835636361583,0.4255457195445563,0.0007621559083979546
136,123,0.44228869292033024,0.4437553661711617,0.0014666732508314406
136,128,0.42447256674252143,0.4245924594754268,0.00011989273290535785
136,144,0.4374138602656787,0.43862499625719187,0.0012111359915131792
136,149,0.43763528849816374,0.4377736078810903,0.0001383193829265772
136,157,0.4436411541210346,0.44441262427011835,0.0007714701490837417
136,170,0.42213472018386705,0.42225431677518943,0.00011959659132237954
137,103,0.42825473860786556,0.4282547388570042,2.491386541514373e-10
137,116,0.4001169875856205,0.4001169876193241,3.370365098120942e-11
137,124,0.4100484805621041,0.4100484811008514,5.387473245299645e-10
137,129,0.4323935604630419,0.4323935604647471,1.705191543521778e-12
137,145,0.4088535443128987,0.4088535451513941,8.384953842366372e-10
137,150,0.42808139342584123,0.42808139342867496,2.8337332480532496e-12
137,158,0.43166585270423957,0.4316658528007255,9.648593035649355e-11
137,171,0.4151391427106559,0.4151391427147306,4.0747405449792495e-12
138,104,0.42037870035205677,0.4203787003539644,1.9076407120621752e-12
138,117,0.43655435368453355,0.43655435371651535,3.1981806092318266e-11
138,125,0.4220331168735578,0.42203311687549766,1.9398371797763048e-12
138,130,0.4328524053624605,0.43285240563409494,2.716344371656021e-10
138,146,0.4117304546474041,0.4117304546497419,2.337796622953192e-12
138,151,0.4192081902659428,0.4192081903912464,1.2530360082863012e-10
138,159,0.4278742057340575,0.42787420574045393,6.396438934075377e-12
138,172,0.41192509331618843,0.4119250933543407,3.815225912973119e-11
139,105,0.42078468042460554,0.4207851000759249,4.196513193610585e-07
139,118,0.4155122164422919,0.415515508229752,3.291787460057982e-06
139,126,0.4193936270023637,0.4193938919419788,2.649396150800065e-07
139,131,0.4242286974148618,0.4242369701901698,8.272775308015845e-06
139,147,0.42303204926757965,0.42303216722910425,1.1796152460386011e-07
139,152,0.4248623732234308,0.42486677521846855,4.401995037761619e-06
139,160,0.445163150603804,0.445163832734089,6.821302849790989e-07
139,173,0.4272788231026059,0.42728015021459353,1.3271119876367976e-06
140,106,0.426474941791991,0.4276768779980919,0.0012019362061008732
140,119,0.4202805955825333,0.4210733333309593,0.0007927377484260312
140,127,0.4222866708909049,0.4237522708614774,0.0014655999705724954
140,132,0.41898018891402905,0.4191006385876494,0.00012044967362034864
140,148,0.4128353101752841,0.4140177302709682,0.0011824200956841446
140,153,0.4186151695496643,0.41875488461177146,0.00013971506210713747
140,161,0.40968281522880345,0.4104631471655533,0.0007803319367498673
140,174,0.4282992871392077,0.42841965087807515,0.00012036373886747942
141,107,0.4288903168714515,0.4288904322625601,1.1539110855718349e-07
141,120,0.42182180560718235,0.42182184126068223,3.565349987466604e-08
141,128,0.42539138019288913,0.42539157611204215,1.9591915301209184e-07
141,133,0.3855222877154824,0.38552229200094884,4.285466426168227e-09
141,149,0.43515389054793296,0.43515411759069744,2.2704276447793603e-07
141,154,0.4250674943553981,0.42506750085091016,6.495512072657306e-09
141,162,0.43097298809806794,0.4309730514370704,6.33390024318281e-08
141,175,0.4050104665415366,0.4050104737510001,7.209463470658761e-09
142,108,0.4243165237657277,0.42431652376578716,5.945244296867713e-14
142,121,0.39361068603953386,0.3936106860398754,3.415601135259294e-13
142,129,0.43358603276651914,0.4335860327665937,7.455147610357926e-14
142,134,0.4363036323735784,0.43630363237525877,1.6803780589214057e-12
142,150,0.4197064334869301,0.4197064334870395,1.0941247907680918e-13
142,155,0.4127091076359172,0.4127091076366133,6.960543252887419e-13
142,163,0.39905155814339627,0.3990515581434572,6.09512440519211e-14
142,176,0.4127343394441565,0.41273433944439514,2.386424391431774e-13
143,109,0.4202729005907447,0.4202732734508096,3.728600649344216e-07
143,122,0.4345456128974526,0.43454864309620755,3.0301987549719023e-06
143,130,0.4170876772419626,0.4170879111612496,2.339192869960094e-07
143,135,0.42156966841463606,0.42157729613376754,7.627719131486632e-06
143,151,0.4268911561240162,0.4268912577223942,1.0159837804391003e-07
143,156,0.4181123967630564,0.41811645142058196,4.0546575255651085e-06
143,164,0.43141881509400043,0.4314194406281835,6.255341830629924e-07
143,177,0.4318098114202018,0.4318110298882375,1.2184680356908117e-06
144,110,0.42016774832878745,0.44017902308383833,0.02001127475505088
144,123,0.41619547039778815,0.4965452128042095,0.08034974240642134
144,131,0.4444652037944678,0.4577685703836708,0.013303366589203003
144,136,0.4181952297157222,0.4375679279932319,0.019372698277509703
144,152,0.4247080833682685,0.4314031352332173,0.006695051864948842
144,157,0.4225246879708393,0.4354012251100749,0.012876537139235589
144,165,0.4156184552368317,0.4222819863083267,0.006663531071494977
144,178,0.4276270141331286,0.43426865135054693,0.006641637217418339
145,111,0.4175507047913708,0.41755082610273075,1.2131135995741005e-07
145,124,0.4163006980558919,0.41630072814234126,3.008644933188975e-08
145,132,0.42913937728096346,0.42913958005690406,2.0277594059425752e-07
145,137,0.40941149702710955,0.4094114997071454,2.6800358599032847e-09
145,153,0.42005878339193164,0.4200590186441375,2.3525220588238582e-07
145,158,0.4205170184799205,0.4205170224982588,4.018338273237276e-09
145,166,0.4250388762170094,0.42503893157650985,5.5359500428231456e-08
145,179,0.40885348117411363,0.40885348586985737,4.69574373829218e-09
146,112,0.41628615043199846,0.4162861504384399,6.441458477723927e-12
146,125,0.39452272416902473,0.39452272417048634,1.4616086119190186e-12
146,133,0.42750311669603863,0.42750311670710295,1.1064316129960616e-11
146,138,0.38784661789438357,0.3878466179008361,6.452505196818947e-12
146,154,0.4139250313717909,0.4139250313877938,1.60029212104007e-11
146,159,0.4179261991589376,0.4179261991614477,2.5101032363750164e-12
146,167,0.41144486151765386,0.41144486152065995,3.006095372626305e-12
146,180,0.4361118751971376,0.43611187519799843,8.608114221431151e-13
147,113,0.433077846350374,0.43307784770673563,1.3563616341194518e-09
147,126,0.4064918495908484,0.4064918598872519,1.0296403507581431e-08
147,134,0.41346477372385027,0.41346477444661117,7.227609066795537e-10
147,139,0.4050800301124547,0.4050800635536899,3.344123522541764e-08
147,155,0.3896155361168412,0.38961553637484964,2.580084479397726e-10
147,160,0.4124842450625547,0.4124842589841119,1.3921557184826128e-08
147,168,0.4160709427910483,0.4160709442844561,1.4934078418349372e-09
147,181,0.4185608250053433,0.4185608288326007,3.827257399890982e-09
148,114,0.410957778376482,0.4307162533076448,0.019758474931162784
148,127,0.4199092683206952,0.49955139515381625,0.07964212683312105
148,135,0.4191330505309443,0.43181221254034263,0.012679162009398337
148,140,0.3907912961070595,0.4100296556016701,0.019238359494610613
148,156,0.4133653112434171,0.41983759317293323,0.006472281929516155
148,161,0.4315072994012094,0.44451918718583716,0.013011887784627751
148,169,0.42398957043781704,0.43083993876976023,0.006850368331943191
148,182,0.42764342431282554,0.4342349707042961,0.006591546391470582
149,115,0.42577627502941595,0.4257937369881074,1.7461958691455948e-05
149,128,0.42192396857061115,0.4219309590422107,6.990471599521708e-06
149,136,0.44084916881318553,0.4408715232993713,2.2354486185760525e-05
149,141,0.39975633899780194,0.3997571811893814,8.421915794754042e-07
149,157,0.4200698791444239,0.42008754975634344,1.7670611919540224e-05
149,162,0.4080402340745079,0.4080412404875321,1.0064130241960179e-06
149,170,0.43296914042786755,0.43297612411216624,6.98368429868923e-06
149,183,0.4122484123744317,0.41224927603307476,8.636586430466053e-07
150,116,0.40878832735473464,0.40878832735480697,7.233103005432895e-14
150,129,0.40668563464669055,0.4066856346466937,3.164135620181696e-15
150,137,0.42599245199322905,0.42599245199336844,1.393885007416884e-13
150,142,0.4239622069026868,0.42396220690268893,2.1094237467877974e-15
150,158,0.43324661907384737,0.4332466190740564,2.0905499553691698e-13
150,163,0.41609304406264286,0.41609304406264286,0.0
150,171,0.42585564820797733,0.42585564820798366,6.328271240363392e-15
150,184,0.4160523038884319,0.4160523038884319,0.0
151,117,0.41660776285765844,0.41660776354705664,6.893982051892067e-10
151,130,0.42093270194011906,0.420932709648476,7.708356952740303e-09
151,138,0.43626061000596333,0.4362606103670086,3.610452492530669e-10
151,143,0.42520513099559987,0.42520516129792996,3.030233008960437e-08
151,159,0.43714685879511367,0.4371468589312867,1.361730173066178e-10
151,164,0.418507888453121,0.41850790098733104,1.2534210058756656e-08
151,172,0.4279120560189699,0.42791205702830587,1.009335948154444e-09
151,185,0.43941991122700036,0.43941991397942504,2.7524246770660454e-09
152,118,0.40190922243834765,0.40195202571117583,4.2803272828184635e-05
152,131,0.42829364776259987,0.42856809058638196,0.00027444282378208396
152,139,0.4173582720330824,0.41738125020646466,2.2978173382259826e-05
152,144,0.4206933258900525,0.42110696891997157,0.0004136430299190863
152,160,0.42795213174608643,0.4279599599638431,7.828217756689071e-06
152,165,0.4301212971861812,0.43027663291628127,0.00015533573010007018
152,173,0.4320782826258309,0.4320938420759474,1.5559450116497953e-05
152,186,0.4275125846385658,0.42753450959559636,2.19249570305724e-05
153,119,0.4342843522405149,0.4343024956759023,1.8143435387363294e-05
153,132,0.4271656849045004,0.4271727819770939,7.097072593498233e-06
153,140,0.4187588260759021,0.4187815063689776,2.2680293075505453e-05
153,145,0.4290272221743372,0.42902807075109056,8.485767533650268e-07
153,161,0.4128459774198327,0.412863839720001,1.786230016831425e-05
153,166,0.41234607373808474,0.41234707223995853,9.985018737945772e-07
153,174,0.41783012142785264,0.41783718857804775,7.067150195105842e-06
153,187,0.41615081994520947,0.4161516766869787,8.567417692506574e-07
154,120,0.4103970897129667,0.41039709126308943,1.550122752380645e-09
154,133,0.43244747492062274,0.43244747527165844,3.5103570050765143e-10
154,141,0.43503880359433733,0.4350388058597793,2.2654419451484387e-09
154,146,0.42474601637145554,0.4247460164127928,4.133726694277584e-11
154,162,0.42780019482293724,0.42780019746167075,2.6387335094746334e-09
154,167,0.4188581283829774,0.41885812843877707,5.5799642684206674e-11
154,175,0.4334288696783143,0.4334288702607084,5.823941329197169e-10
154,188,0.43317014892533706,0.4331701489961422,7.080513952928413e-11
155,121,0.4246790446270901,0.42467904463030703,3.2169267250026223e-12
155,134,0.4123695393,0.41236953932544357,2.5443591677998256e-11
155,142,0.42754806051950384,0.4275480605209919,1.4880874310563286e-12
155,147,0.428131931647565,0.42813193174299435,9.542933110395779e-11
155,163,0.439115647707629,0.43911564770814143,5.12423437015741e-13
155,168,0.39712902287896773,0.39712902291322266,3.425493222408704e-11
155,176,0.42499247477744956,0.42499247478029706,2.8475000135586015e-12
155,189,0.4115755062974956,0.41157550630634226,8.846645638271866e-12
156,122,0.42807926296009824,0.4281199786101566,4.071565005836497e-05
156,135,0.4132479050827499,0.41350640937469135,0.00025850429194146374
156,143,0.4188399358600714,0.4188610438064309,2.1107946359510965e-05
156,148,0.41480441554635133,0.41519766650050305,0.00039325095415171374
156,164,0.4293431175158764,0.4293505675203393,7.450004462894455e-06
156,169,0.4021077915465958,0.4022620940071962,0.00015430246060038622
156,177,0.407364922532411,0.40737970742400215,1.4784891591124172e-05
156,190,0.41225296996040944,0.4122745057769266,2.1535816517148643e-05
157,123,0.41225309589180653,0.41321557253882035,0.0009624766470138213
157,136,0.4377258294082844,0.4384501770241354,0.0007243476158509954
157,144,0.4154359968839087,0.4162307863739022,0.0007947894899935082
157,149,0.42442444794133394,0.42451853702110315,9.408907976921066e-05
157,165,0.42325903819901606,0.4235578820352428,0.0002988438362267476
157,170,0.39613748712712255,0.39621883513030387,8.134800318132518e-05
157,178,0.43804893487785757,0.4383152958373299,0.00026636095947235594
157,191,0.4097901377127704,0.4098315575581709,4.1419845400514355e-05
158,124,0.44238473569491743,0.4423847365105386,8.156211817045289e-10
158,137,0.4255178771954356,0.42551787729321044,9.777484377693213e-11
158,145,0.43858710153104274,0.4385871028004572,1.2694144624347814e-09
158,150,0.432850933369767,0.4328509333740575,4.290512389815149e-12
158,166,0.4121375326903543,0.4121375341703036,1.4799492742412212e-09
158,171,0.4303440096054805,0.43034400961165004,6.169509347841995e-12
158,179,0.41579318362243406,0.41579318379305336,1.7061929646899898e-10
158,192,0.398144499249696,0.3981444992651276,1.5431600441928595e-11
159,125,0.4253074810413908,0.4253074810421279,7.370770660486414e-13
159,138,0.4296310302828215,0.429631030289127,6.3055116683585766e-12
159,146,0.4186681741517709,0.41866817415266827,8.97393270804514e-13
159,151,0.42508155170611545,0.4250815517546588,4.8543336017559113e-11
159,167,0.4189202004361852,0.41892020043729383,1.10861320123945e-12
159,172,0.4222492230592722,0.4222492230739649,1.4692691507889322e-11
159,180,0.3956184093915036,0.3956184093921791,6.755151993331765e-13
159,193,0.41029600856865495,0.4102960085707106,2.0556334412447086e-12
160,126,0.4370129299969616,0.4370130230557636,9.305880199761418e-08
160,139,0.40287494420163966,0.4028755733944591,6.291928194568364e-07
160,147,0.3996260449296977,0.3996260865371711,4.160747335557602e-08
160,152,0.4329359745879708,0.43293743057196,1.4559839892069881e-06
160,168,0.4220432818422117,0.4220432933607052,1.1518493492346238e-08
160,173,0.4245109024535618,0.424511351950585,4.494970231583295e-07
160,181,0.40023302198487604,0.40023305369997486,3.171509882493595e-08
160,194,0.4292368047765391,0.42923686479318274,6.001664365484771e-08
161,127,0.4198202103266244,0.4208006157442709,0.0009804054176464905
161,140,0.41237128688693886,0.41310992876839225,0.0007386418814533946
161,148,0.42752924447309776,0.42832022212259163,0.0007909776494938736
161,153,0.4139072096962399,0.41400363411041136,9.642441417145875e-05
161,169,0.4135250305775565,0.4138351907896249,0.00031016021206836664
161,174,0.4279296055160354,0.42801266207921146,8.30565631760316e-05
161,182,0.40147651773152304,0.4017455582960952,0.00026904056457216496
161,195,0.3919897760720374,0.39203090563937376,4.1129567336373185e-05
162,128,0.41117752311318334,0.411177758918817,2.358056336859704e-07
162,141,0.4157519509700762,0.4157520151377096,6.416763337346865e-08
162,149,0.4207072484397378,0.42070752170654363,2.7326680585026963e-07
162,154,0.4095433640119429,0.40954337174298544,7.731042528380527e-09
162,170,0.41888188794506176,0.4188821239994881,2.3605442633911622e-07
162,175,0.4100117410120439,0.4100117495922558,8.580211874331667e-09
162,183,0.3932366042262322,0.39323667032298576,6.609675357038824e-08
162,196,0.41319708553405227,0.4131970939110177,8.376965454637286e-09
163,129,0.39327776385095453,0.3932777638509814,2.6867397195928788e-14
163,142,0.40334254966516697,0.40334254966522026,5.3290705182007514e-14
163,150,0.4074790150517612,0.4074790150517995,3.83026943495679e-14
163,155,0.41424681908144584,0.4142468190816635,2.1765922397776194e-13
163,171,0.41703612272603907,0.41703612272609325,5.417888360170764e-14
163,176,0.40795357268376475,0.4079535726838411,7.632783294297951e-14
163,184,0.41773121789661993,0.41773121789662676,6.827871601444713e-15
163,197,0.4270374101923696,0.42703741019242064,5.101474798152594e-14
164,130,0.42126666195781753,0.4212667458446495,8.388683198079505e-08
164,143,0.42205619035321806,0.4220567728343513,5.824811332155733e-07
164,151,0.41588444126311125,0.41588447776348425,3.65003730018465e-08
164,156,0.4124191768125516,0.41242057041776675,1.3936052151719558e-06
164,172,0.4264154926403526,0.42641550274810947,1.0107756853727778e-08
164,177,0.4280943099668183,0.4280947376760886,4.2770927027868666e-07
164,185,0.41984610970291414,0.41984613814991883,2.8447004696285916e-08
164,198,0.429753410750602,0.4297534796808868,6.893028475785101e-08
165,131,0.44510026415393467,0.4453742846355852,0.0002740204816505387
165,144,0.41435327011481027,0.41475421222340064,0.00040094210859037416
165,152,0.39954830785971185,0.3996874775072286,0.00013916964751675698
165,157,0.41422145022986856,0.41448805071759026,0.0002666004877217021
165,173,0.4444004020347062,0.4444166813739581,1.6279339251912273e-05
165,178,0.42230985018797096,0.42244828348686364,0.00013843329889268174
165,186,0.4279869769801261,0.42800982318335973,2.2846203233617413e-05
165,199,0.4119639155331528,0.41197975916529894,1.5843632146128606e-05
166,132,0.4239456123284172,0.4239458521254201,2.397970028655827e-07
166,145,0.423146522074429,0.4231465778917009,5.58172719156147e-08
166,153,0.44108648765456265,0.44108676586024753,2.7820568487824104e-07
166,158,0.4401393836210165,0.44013938835847416,4.7374576483960595e-09
166,174,0.42064933383545183,0.4206495715281822,2.376927303870957e-07
166,179,0.40761601719393187,0.4076160227300371,5.536105240899758e-09
166,187,0.3857259757853094,0.38572603217853013,5.6393220704276104e-08
166,200,0.40978418876687606,0.40978420206479094,1.3297914880361361e-08
167,133,0.42403709596957145,0.4240370959847539,1.518246639520271e-11
167,146,0.42476870228288566,0.4247687022859789,3.09324788005938e-12
167,154,0.41916175023535657,0.41916175025731567,2.195910120406097e-11
167,159,0.40503113001305235,0.4050311300164955,3.443134666269998e-12
167,175,0.4403469311394689,0.4403469311641489,2.4680035792812305e-11
167,180,0.4202416642891696,0.4202416642903511,1.1814993428060916e-12
167,188,0.4344297820597047,0.43442978206488264,5.177913653398036e-12
167,201,0.4356417030923461,0.4356417030946581,2.3119839376306572e-12
168,134,0.43541815864821365,0.43541815885542895,2.0721530047396186e-10
168,147,0.40511309611735047,0.40511309742063983,1.3032893653175393e-09
168,155,0.42407778513740185,0.42407778521213,7.472816809794836e-11
168,160,0.42237467589248434,0.4223746794587642,3.5662798825164543e-09
168,176,0.43157103441758193,0.4315710344372054,1.9623469516005798e-11
168,181,0.43711653122285427,0.43711653225410285,1.0312485865249243e-09
168,189,0.43261679452002527,0.4326167945861725,6.614725434062052e-11
168,202,0.42460763898543863,0.4246076391957628,2.1032414698751722e-10
169,135,0.43667149119048176,0.4369459788274684,0.00027448763698662004
169,148,0.4425562308369449,0.4429631179923882,0.0004068871554432918
169,156,0.4285839878886268,0.42872439430915266,0.0001404064205258737
169,161,0.4482721224093788,0.4485511127154124,0.00027899030603362185
169,177,0.4208158084477658,0.420832141020484,1.6332572718213978e-05
169,182,0.422214189858605,0.4223563770473735,0.00014218718876851666
169,190,0.4212127167025985,0.42123642977019754,2.3713067599018256e-05
169,203,0.4034640908445649,0.40347874723228777,1.4656387722855602e-05
170,136,0.4353546571537192,0.4353740157471965,1.9358593477292185e-05
170,149,0.41258727676002377,0.41259427483555705,6.998075533282133e-06
170,157,0.4348098749959304,0.4348251747489209,1.5299752990527438e-05
170,162,0.4356669778380676,0.4356678473304988,8.694924311658525e-07
170,178,0.416036067125925,0.41604434265818985,8.275532264845342e-06
170,183,0.4152700990091507,0.41527084516049423,7.461513435447209e-07
170,191,0.41714034415072165,0.41714360238186315,3.2582311415008114e-06
170,204,0.4139960350412596,0.41399653331512754,4.982738679437659e-07
171,137,0.408104904032031,0.4081049040320776,4.6629367034256575e-14
171,150,0.4334713235662358,0.43347132356623724,1.4432899320127035e-15
171,158,0.4023150841969517,0.40231508419702094,6.922240558537851e-14
171,163,0.42768156697947013,0.42768156697947013,0.0
171,179,0.4227525077512538,0.4227525077513352,8.143485885625523e-14
171,184,0.41352627755902893,0.41352627755902893,0.0
171,192,0.4241916907820278,0.42419169078203384,6.050715484207103e-15
171,205,0.4162573708375741,0.41625737083757747,3.3861802251067274e-15
172,138,0.41014889251784126,0.4101488926145821,9.674083756294749e-11
172,151,0.3919689034767711,0.39196890439191817,9.151470692358998e-10
172,159,0.4288081730289409,0.4288081730654457,3.650479918348992e-11
172,164,0.42268305174618026,0.42268305501178155,3.265601289381692e-09
172,180,0.4262881461293054,0.42628814613957666,1.0271283823470867e-11
172,185,0.4067393866889415,0.4067393874170242,7.280827052369432e-10
172,193,0.4235698733442001,0.4235698733748244,3.0624280888957855e-11
172,206,0.41505024198401197,0.41505024209246616,1.0845419007310397e-10
173,139,0.4159954465930739,0.4159966997229089,1.2531298350104692e-06
173,152,0.3953816992862559,0.39538460751710014,2.9082308442562876e-06
173,160,0.4027895994899837,0.40279006026434894,4.607743652185192e-07
173,165,0.4409606777657259,0.4409643775746951,3.6998089691930858e-06
173,181,0.42629415926876474,0.4262942216253473,6.235658256414922e-08
173,186,0.4137146459332541,0.41371582719973826,1.1812664841848175e-06
173,194,0.4117803020362927,0.4117804202207186,1.181844259123821e-07
173,207,0.41722350874062714,0.4172236429281449,1.3418751776406168e-07
174,140,0.41561451624909657,0.41563411392837213,1.9597679275562552e-05
174,153,0.431217003294447,0.43122410957135004,7.106276903035003e-06
174,161,0.4464014504369062,0.44641688076165476,1.5430324748544333e-05
174,166,0.4319242250621101,0.4319250836149058,8.585527956905814e-07
174,182,0.41956046425962695,0.41956865905336405,8.194793737092976e-06
174,187,0.4228666487008147,0.42286738534285273,7.366420380350291e-07
174,195,0.4050605178862113,0.4050637104001293,3.192513918004458e-06
174,208,0.42073331166477357,0.420733790499981,4.788352074291957e-07
175,141,0.4294787959306287,0.4294787984313048,2.5006761106283193e-09
175,154,0.4084008708013407,0.40840087137932035,5.779796641292023e-10
175,162,0.39237832834725334,0.3923783312597494,2.912496077644988e-09
175,167,0.415071595575322,0.4150715956373599,6.203787483727297e-11
175,183,0.4039937506659316,0.40399375325940245,2.5934708824948416e-09
175,188,0.4174072408564785,0.4174072409351918,7.871331364484035e-11
175,196,0.4079825275495218,0.4079825281769092,6.273874197937346e-10
175,209,0.42454080031061625,0.4245408005264097,2.1579343867372813e-10
176,142,0.42107759850557985,0.4210775985059786,3.9873659929412497e-13
176,155,0.4358962673239746,0.43589626732637354,2.3989699116100383e-12
176,163,0.4377409112730748,0.43774091127321374,1.3894441153183834e-13
176,168,0.4234440968416524,0.42344409684963374,7.981337812879019e-12
176,184,0.4121278971726413,0.4121278971726877,4.6407322429331543e-14
176,189,0.4209992536271562,0.420999253629352,2.1957990981036346e-12
176,197,0.4440238508285186,0.44402385082890067,3.820832539247476e-13
176,210,0.42013257803826143,0.42013257803892146,6.600275881396556e-13
177,143,0.4025574680633614,0.40255862641420315,1.1583508417456478e-06
177,156,0.4090152413452945,0.4090180209718711,2.7796265766322215e-06
177,164,0.418494062815146,0.41849449972571384,4.36910567835902e-07
177,169,0.4206900856279263,0.42069370607587586,3.6204479495483e-06
177,185,0.4257752086262375,0.42577526487631134,5.62500738210403e-08
177,190,0.4056454158086133,0.4056465804698942,1.1646612809168566e-06
177,198,0.4217221729047713,0.4217223092828224,1.3637805107435952e-07
177,211,0.42429172835881424,0.4242918517300837,1.2337126947814525e-07
178,144,0.41170093321497403,0.412111040663916,0.0004101074489419876
178,157,0.42218334648660344,0.42244819036997244,0.00026484388336900366
178,165,0.42658025472839606,0.4267343797222058,0.00015412499380973443
178,170,0.4133012520755654,0.413343282999386,4.2030923820601807e-05
178,186,0.4100255533764427,0.410047325481543,2.1772105100292816e-05
178,191,0.414743458141491,0.414764868986912,2.141084542101046e-05
178,199,0.4258552718395432,0.42587031009387305,1.5038254329857725e-05
178,212,0.4305893394873055,0.4305961803551204,6.840867814883467e-06
179,145,0.4163546615410483,0.41635466302638063,1.48533235710957e-09
179,158,0.41628405059977813,0.4162840507707025,1.7092438575616598e-10
179,166,0.4086681865704983,0.408668188302176,1.7316776901310504e-09
179,171,0.44144518987996023,0.44144518988717896,7.218725617263999e-12
179,187,0.4324703636643697,0.4324703651659803,1.5016106136300778e-09
179,192,0.4470917731327569,0.44709177315081455,1.805766647322571e-11
179,200,0.42012593944338933,0.42012593983682023,3.934308989705926e-10
179,213,0.41761209221831774,0.4176120922706541,5.233635747003973e-11
180,146,0.41737630918790486,0.4173763091882398,3.3495428652940973e-13
180,159,0.4240921760349931,0.424092176035787,7.939204849094494e-13
180,167,0.4206138941340368,0.4206138941344597,4.2288395007972213e-13
180,172,0.42004234340781826,0.42004234341334185,5.523581592115079e-12
180,188,0.40174560092477213,0.4017456009252932,5.210831766078172e-13
180,193,0.41696358583250503,0.4169635858331734,6.683542608243442e-13
180,201,0.4291998718666398,0.42919987186690384,2.6401103525586223e-13
180,214,0.41470617306064694,0.4147061730607996,1.5265566588595902e-13
181,147,0.41749811115217966,0.41749811481548094,3.6633012734377246e-09
181,160,0.4319059080913719,0.431905918422333,1.033096108660203e-08
181,168,0.40060587640232964,0.400605877534482,1.1321523718521576e-09
181,173,0.4292323859581862,0.4292324047431982,1.87850119903743e-08
181,189,0.4230228675623938,0.4230228677383983,1.7600448876109454e-10
181,194,0.40132312752419724,0.4013231327251769,5.2009796469576486e-09
181,202,0.4380802133057596,0.43808021387119067,5.654310908376203e-10
181,215,0.4183662232418569,0.4183662240268583,7.850013972188208e-10
182,148,0.4381292354215836,0.43853012884431436,0.00040089342273075257
182,161,0.4197100374478057,0.41997768662677787,0.00026764917897215135
182,169,0.4024623571361683,0.40261945400518645,0.00015709686901815845
182,174,0.4204623641457209,0.420504502308027,4.213816230608236e-05
182,190,0.4190910998518499,0.4191129864988672,2.1886647017299588e-05
182,195,0.4078568078642538,0.4078776840162726,2.087615201878945e-05
182,203,0.44016119790735886,0.44017468038542445,1.3482478065596215e-05
182,216,0.43309619049281933,0.43310345415772855,7.26366490921837e-06
183,149,0.45008574805136886,0.450085980165047,2.3211367811137862e-07
183,162,0.4486617457077245,0.4486618105920675,6.488434300955248e-08
183,170,0.42237591077882397,0.4223761112879544,2.0050913041025353e-07
183,175,0.4174573604343369,0.41745736784031756,7.405980662067435e-09
183,191,0.416929538915175,0.41692965635749235,1.17442317371097e-07
183,196,0.41827877015835035,0.4182787773884423,7.230091969567809e-09
183,204,0.4144457912175741,0.41444582964016324,3.842258916586516e-08
183,217,0.42222080276126245,0.4222208191704285,1.640916602596576e-08
184,150,0.4144840163627416,0.41448401636275234,1.071365218763276e-14
184,163,0.4184733394213043,0.41847333942130727,2.942091015256665e-15
184,171,0.4222113375365721,0.4222113375365881,1.6042722705833512e-14
184,176,0.4288848896295781,0.42888488962959603,1.7930101847696278e-14
184,192,0.4105860006395078,0.41058600063955686,4.907185768843192e-14
184,197,0.4069897754945406,0.40698977549455134,1.0769163338864018e-14
184,205,0.39880539078392574,0.3988053907839592,3.347322419244847e-14
184,218,0.3862161206883526,0.38621612068835576,3.164135620181696e-15
185,151,0.4240395293227468,0.424039531975258,2.652511210676778e-09
185,164,0.4219433359028282,0.42194334544588014,9.543051959770565e-09
185,172,0.4426873588950219,0.4426873596690216,7.73999697667449e-10
185,177,0.41331784058412285,0.41331785845444174,1.787031889133317e-08
185,193,0.44519960926820695,0.44519960935619085,8.798389794506534e-11
185,198,0.41656495108727676,0.41656495599838333,4.911106576965807e-09
185,206,0.4268839934992497,0.42688399381119213,3.1194241634224795e-10
185,219,0.420143118624526,0.42014311896202955,3.375035251274028e-10
186,152,0.42689812217256445,0.4269023473341366,4.225161572168901e-06
186,165,0.42244610829356616,0.422451468949175,5.360655608854792e-06
186,173,0.41634092841272635,0.41634219584545523,1.2674327288797471e-06
186,178,0.4057039263065815,0.4057081418278262,4.21552124474367e-06
186,194,0.4321272685795225,0.4321274302366482,1.6165712568572133e-07
186,199,0.406446012736108,0.4064472471530345,1.2344169265099403e-06
186,207,0.4354906383614667,0.43549082206075934,1.8369929266626173e-07
186,220,0.4310336558395643,0.43103379642221507,1.405826507427932e-07
187,153,0.4071803305174612,0.40718056787010465,2.3735264342850115e-07
187,166,0.41947105572264903,0.4194711115887591,5.5866110071356445e-08
187,174,0.45230514964914836,0.4523053524371533,2.027880049437769e-07
187,179,0.41983653291480183,0.41983653765434514,4.73954331337012e-09
187,195,0.4201314879517287,0.4201316033015676,1.1534983890282291e-07
187,200,0.42059403892001007,0.4205940502927705,1.1372760455596875e-08
187,208,0.41727012101969935,0.4172701527258019,3.170610257674511e-08
187,221,0.42852556158707217,0.42852556733561803,5.748545861550269e-09
188,154,0.4124058534902955,0.4124058535185233,2.8227808979153224e-11
188,167,0.41032278282437623,0.41032278282965506,5.278832926336463e-12
188,175,0.3920300073929621,0.3920300074246855,3.172340168333676e-11
188,180,0.4040741493725977,0.404074149374097,1.4993006836050427e-12
188,196,0.4271903928305318,0.4271903928612143,3.0682512086599445e-11
188,201,0.4055415656873709,0.4055415656903249,2.9540259127713853e-12
188,209,0.42849095489354055,0.42849095490567707,1.2136514015992361e-11
188,222,0.4261499311889192,0.42614993119303524,4.116040841495305e-12
189,155,0.41407997310930694,0.41407997311777067,8.46372971707865e-12
189,168,0.42146597782399314,0.42146597785334294,2.934980036783941e-11
189,176,0.41966874665618276,0.41966874665867976,2.4970026046844396e-12
189,181,0.40828576211249656,0.40828576217958473,6.708816835399034e-11
189,197,0.43505467989990265,0.4350546799011698,1.2671530491559224e-12
189,202,0.41330303172035077,0.4133030317428456,2.249483932459384e-11
189,210,0.4368634562632733,0.43686345626547196,2.19868567796766e-12
189,223,0.43200747404641465,0.43200747404920226,2.7876034813800743e-12
190,156,0.42124034021001,0.42124450625853055,4.166048520548582e-06
190,169,0.4047902519011417,0.4047956670784484,5.415177306677954e-06
190,177,0.3964892679974096,0.3964905125597865,1.2445623769341552e-06
190,182,0.42180928659885725,0.42181346348516874,4.176886311491046e-06
190,198,0.4125462344464286,0.41254642950088105,1.9505445247869346e-07
190,203,0.42689510701943517,0.4268962221894979,1.115170062737647e-06
190,211,0.4409590028690778,0.44095917929991996,1.764308421581262e-07
190,216,0.4188102608973095,0.41881090170347046,6.408061609675109e-07
191,157,0.43204416544958635,0.4320517488217509,7.583372164554625e-06
191,170,0.3926245534966034,0.3926276044567735,3.050960170114525e-06
191,178,0.4283642090062314,0.42836831630537886,4.107299147459997e-06
191,183,0.4011685755831292,0.4011689649437357,3.893606065341615e-07
191,199,0.4232888505783681,0.4232900627222886,1.2121439204593187e-06
191,204,0.4251096842271068,0.42510994448984035,2.6026273353130236e-07
191,212,0.4267507656674517,0.4267513275841944,5.619167426917926e-07
191,217,0.44799715381845606,0.4479972537294341,9.991097804640248e-08
192,158,0.4259657281067328,0.425965728115426,8.69321281626867e-12
192,171,0.4234461248910622,0.42344612489142913,3.6692870963861424e-13
192,179,0.43230855747239905,0.4323085574825528,1.0153766716314294e-11
192,184,0.41207947517717936,0.4120794751772058,2.6423307986078726e-14
192,200,0.4322054664145723,0.4322054664346002,2.0027923763876743e-11
192,205,0.4247858591497186,0.4247858591503018,5.832001548355947e-13
192,213,0.4231115110873816,0.4231115110900429,2.6613156123289627e-12
192,218,0.43055297433120143,0.4305529743312678,6.639133687258436e-14
193,159,0.41591554394674374,0.41591554394857116,1.8274270985330077e-12
193,172,0.43337726121748016,0.43337726122846165,1.098149349232358e-11
193,180,0.4056808901076313,0.40568089010814057,5.092593013955593e-13
193,185,0.43930253366947386,0.4393025336986281,2.9154234582051686e-11
193,201,0.4235014959937648,0.4235014959942866,5.218048215738236e-13
193,206,0.42213779024018033,0.4221377902455645,5.3841930913733904e-12
193,214,0.41987053716874617,0.4198705371690794,3.3323344084124074e-13
193,219,0.41755274074492127,0.41755274075075655,5.8352767062785915e-12
194,160,0.4460704389583446,0.44607045923562944,2.0277284851211164e-08
194,173,0.4131931228498328,0.41319315984312693,3.699329415018937e-08
194,181,0.4236364618843381,0.4236364674240845,5.53974638384247e-09
194,186,0.4301058339780228,0.4301058793970721,4.541904929933338e-08
194,202,0.42265198301352175,0.4226519840659673,1.0524455751337314e-09
194,207,0.4433877613731071,0.44338777254509926,1.117199216471576e-08
194,215,0.4290012555940272,0.4290012570562031,1.462175935884602e-09
194,220,0.41356999217857543,0.413570000877178,8.698602560475166e-09
195,161,0.4275618616656764,0.42756930625379924,7.4445881228513144e-06
195,174,0.42157619850628264,0.4215791921643957,2.9936581130707296e-06
195,182,0.4327095975687957,0.4327135565410282,3.958972232542823e-06
195,187,0.42011644272210796,0.4201168134491004,3.7072699243800855e-07
195,200,0.42994379274613975,0.4299438694720165,7.672587676310627e-08
195,203,0.4294397057773784,0.429440768447248,1.0626698696003523e-06
195,208,0.40790639434173903,0.4079066354607192,2.4111898017098454e-07
195,216,0.4235937381339766,0.4235943491229595,6.109889829075676e-07
196,162,0.43358340842161214,0.4335834112742969,2.852684755083601e-09
196,175,0.43438804325907526,0.434388043889584,6.30508756316317e-10
196,183,0.41558288864521387,0.4155828911852484,2.5400345160520033e-09
196,188,0.41034967993336685,0.41034968001012945,7.676259627942272e-11
196,201,0.44060025095822986,0.4406002509901561,3.1926239429935777e-11
196,204,0.4285745967755317,0.4285745985453943,1.7698625898177056e-09
196,209,0.4295501449197458,0.429550145130598,2.1085222456918018e-10
196,217,0.433692914656544,0.43369291553673905,8.801950279746507e-10
197,163,0.39721101079174387,0.39721101079180116,5.728750807065808e-14
197,176,0.40469966454022693,0.4046996645404512,2.2426505097428162e-13
197,184,0.4258805195547215,0.42588051955474215,2.0650148258027912e-14
197,189,0.41991160087041146,0.41991160087102813,6.166733790280432e-13
197,202,0.4048479457305005,0.40484794573211164,1.6111556533360272e-12
197,205,0.4265414409852097,0.4265414409855266,3.1691316237925093e-13
197,210,0.4413143309584119,0.441314330958664,2.5213164889237305e-13
197,218,0.4080336404524584,0.4080336404525008,4.241051954068098e-14
198,164,0.42058264443936944,0.4205826686287302,2.4189360792181702e-08
198,177,0.41620465054436906,0.41620469590337517,4.53590061066933e-08
198,185,0.4134820506619653,0.4134820559437537,5.2817883955391665e-09
198,190,0.4233530677495667,0.42335312575926404,5.800969732350225e-08
198,203,0.4141225623221416,0.4141226030376567,4.0715515070566255e-08
198,206,0.4242407165606278,0.42424071733354507,7.729172857295907e-10
198,211,0.4063741577534304,0.406374168914458,1.1161027602124562e-08
198,219,0.4182847907989451,0.4182847916351214,8.361762948716489e-10
199,165,0.41520589372376265,0.41520949466107293,3.600937310277441e-06
199,178,0.4238861849336431,0.42388900933200657,2.8243983634657077e-06
199,186,0.414108633195342,0.4141097827139086,1.149518566556651e-06
199,191,0.42649328025809524,0.42649443307227236,1.1528141771188771e-06
199,204,0.4325850904137538,0.43258527682830095,1.8641454713197447e-07
199,207,0.43732890703316485,0.4373290376717695,1.3063860465623023e-07
199,212,0.42611748326308124,0.4261178770910671,3.9382798583398326e-07
199,220,0.4475933601745214,0.4475934602387602,1.0006423878383686e-07
200,166,0.43741290038927144,0.43741291074706307,1.0357791624393542e-08
200,179,0.41108095652676996,0.4110809574448363,9.180663451680005e-10
200,187,0.41527801732994485,0.4152780262730676,8.943122742355314e-09
200,192,0.435094722092706,0.43509472216750333,7.47973349923825e-11
200,195,0.43909108119342694,0.4390911015658241,2.037239715813044e-08
200,205,0.42208998802273195,0.42208998807307235,5.034039851636862e-11
200,208,0.4386299826751718,0.43862998856492763,5.889755849697309e-09
200,213,0.43222456648356766,0.43222456671835074,2.3478308186497543e-10
200,221,0.4182681111189368,0.41826811221118776,1.0922509563471294e-09
201,167,0.4106351561160821,0.4106351561181692,2.0871082639928318e-12
201,180,0.4185548628151623,0.41855486281578524,6.229461391171753e-13
201,188,0.4092987081016327,0.4092987081042487,2.615963001773025e-12
201,193,0.44292900811876046,0.44292900812024316,1.4827028493868966e-12
201,196,0.4313932820698504,0.43139328208158717,1.1736778215976074e-11
201,206,0.4231305838053046,0.42313058381054053,5.235922806434701e-12
201,209,0.4282725585649842,0.4282725585696638,4.679590048795035e-12
201,214,0.4331577649747802,0.43315776497527453,4.94326801714351e-13
201,222,0.4317035890443993,0.4317035890459994,1.6001089342410069e-12
202,168,0.41809689383016346,0.4180968939322119,1.0204842526562174e-10
202,181,0.41979734083484216,0.4197973410704534,2.3561125273019456e-10
202,189,0.41687324493532557,0.4168732449609141,2.558853129386307e-11
202,194,0.4440787107193332,0.4440787111162583,3.9692510389599533e-10
202,197,0.4176335566539334,0.4176335566578979,3.9644953986339715e-12
202,207,0.4344740795660661,0.4344740799985624,4.3249631653807796e-10
202,210,0.4236310747606942,0.42363107476760115,6.906919480798024e-12
202,215,0.42520547715595647,0.4252054772598486,1.0389211713146551e-10
202,223,0.41921862553877337,0.4192186255475471,8.773703985553993e-12
203,169,0.4267906736778227,0.42679392759874457,3.253920921875153e-06
203,182,0.42600347755625223,0.4260059821211477,2.504564895478012e-06
203,190,0.4161407771329203,0.41614182261824983,1.0454853295316369e-06
203,195,0.42769533155317435,0.42769634199981466,1.0104466403038082e-06
203,198,0.4273205971103123,0.4273207193809985,1.2227068624248716e-07
203,208,0.4132085693149674,0.41320872703981865,1.5772485123521918e-07
203,211,0.42773017073526964,0.42773028134410435,1.1060883470248584e-07
203,216,0.4043134721760605,0.40431386610275183,3.939266913222106e-07
203,224,0.4043575103323632,0.40435755490098624,4.456862301438491e-08
204,170,0.4067490508612612,0.4067491832441304,1.323828692223472e-07
204,183,0.4263535878344214,0.4263536254354794,3.76010579894448e-08
204,191,0.4261360719093353,0.4261361494877849,7.75784496087617e-08
204,196,0.41483366911361524,0.4148336739743972,4.860781943616388e-09
204,199,0.41821497437915056,0.4182150346143341,6.023518356323976e-08
204,209,0.4334865227240988,0.4334865242291378,1.5050389823301202e-09
204,212,0.4018029879192369,0.4018030176010521,2.9681815172377668e-08
204,217,0.4088904175041536,0.4088904284448344,1.094068080575994e-08
204,225,0.4092982426689506,0.40929824716959046,4.5006398607938536e-09
205,171,0.42316419142170086,0.42316419142203127,3.304023721284466e-13
205,184,0.4063768055031974,0.40637680550322103,2.3647750424515834e-14
205,192,0.41773253563498025,0.41773253563581303,8.327782907713299e-13
205,197,0.433695227554148,0.43369522755424494,9.692247004977617e-14
205,200,0.4334197545214566,0.43341975453997295,1.8516355115849592e-11
205,210,0.431420130634822,0.4314201306349826,1.605937605120289e-13
205,213,0.428089697413896,0.42808969741631814,2.4221180616734728e-12
205,218,0.42453346129108616,0.42453346129114616,6.000755448098971e-14
205,226,0.41587345992549224,0.41587345992594044,4.481970350411757e-13
206,172,0.4211692769083344,0.421169276950773,4.2438608183203996e-11
206,185,0.42409764376983083,0.42409764388230914,1.1247830444816032e-10
206,193,0.4393972480335426,0.4393972480396791,6.136535724010628e-12
206,198,0.4251569439475362,0.4251569442011022,2.535660015290375e-10
206,201,0.41784182030190536,0.4178418203039309,2.025546397277367e-12
206,211,0.4303576929256367,0.43035769315587574,2.3023905004748713e-10
206,214,0.4125328536278346,0.4125328536291373,1.3026801859439274e-12
206,219,0.41930614328345145,0.41930614330628424,2.2832791213289738e-11
206,227,0.4212354392972654,0.4212354393013107,4.045264123675452e-12
207,173,0.44468621661504043,0.44468625906845544,4.245341500563882e-08
207,186,0.4223845046530927,0.4223845567963764,5.214328369085308e-08
207,194,0.42591350821225094,0.42591351960310203,1.1390851095693932e-08
207,199,0.42315633231660377,0.4231563737955915,4.147898774453651e-08
207,202,0.41019186236672533,0.41019186355517656,1.188451226319387e-09
207,212,0.4455757621685201,0.4455757826396884,2.047116831604967e-08
207,215,0.419124391301463,0.4191243929529751,1.651512093747698e-09
207,220,0.4255240595744242,0.42552406948896054,9.914536358568427e-09
207,228,0.44509459875230306,0.4450945997555181,1.0032150665750805e-09
208,174,0.430722939858152,0.43072307012994265,1.3027179063263006e-07
208,187,0.4167039473378588,0.41670397842788853,3.1090029717351086e-08
208,195,0.4121523797965035,0.4121524539452839,7.414878039346817e-08
208,200,0.42679959197848416,0.42679959932017186,7.3416877022225435e-09
208,203,0.4189342412272166,0.4189342943276834,5.3100466801403456e-08
208,213,0.428102274044924,0.42810227482546176,7.805377455483153e-10
208,216,0.43100558614232964,0.4310056190894137,3.294708406098579e-08
208,221,0.4261448647497527,0.42614486846335564,3.713602925170534e-09
208,229,0.43615009590458,0.436150098783669,2.8790890227448074e-09
209,175,0.42314377453980273,0.4231437747261688,1.8636608922761866e-10
209,188,0.4271955452244901,0.4271955452489803,2.4490187655601403e-11
209,196,0.42741033017028646,0.42741033035145504,1.81168580137836e-10
209,201,0.4286015240172632,0.42860152402757007,1.0306866471410103e-11
209,204,0.427838856205217,0.42783885669815486,4.929378571993936e-10
209,214,0.4137842164485996,0.4137842164523948,3.795241898529866e-12
209,217,0.43851586494325734,0.4385158651924643,2.49206988378603e-10
209,222,0.41675038778152185,0.41675038780120444,1.9682588892067088e-11
209,230,0.4106611989755674,0.41066119900598286,3.0415447938025864e-11
210,176,0.41526557159764327,0.4152655715980427,3.994582442601313e-13
210,189,0.4142837702695838,0.41428377027068475,1.1009526623695365e-12
210,197,0.4258353092280369,0.42583530922829993,2.630118345336996e-13
210,202,0.40724604725335567,0.4072460472562377,2.882027949624444e-12
210,205,0.4171066349570092,0.41710663495755623,5.470068842328146e-13
210,215,0.41771890759307534,0.4177189075969776,3.9022673981037315e-12
210,218,0.438785295674901,0.4387852956749764,7.543965452327939e-14
210,223,0.4418363504266836,0.44183635042724245,5.588307594450725e-13
210,231,0.4074087279311991,0.40740872793141103,2.1194157540094238e-13
211,177,0.42542090529560106,0.4254209462315275,4.093592642639976e-08
211,190,0.42762691943209785,0.42762697177908005,5.234698219336309e-08
211,198,0.43504464490616457,0.43504465602549525,1.111933067843296e-08
211,203,0.4284276088159942,0.42842764556145574,3.67454615624041e-08
211,206,0.3989075369243531,0.3989075376228486,6.984954836752877e-10
211,216,0.4095480951822442,0.40954811799672164,2.281447741836473e-08
211,219,0.39813277618800275,0.39813277694367055,7.556678061071409e-10
211,224,0.4373554603639785,0.4373554645635625,4.199584013875324e-09
211,232,0.4199979037900749,0.4199979042468937,4.5681880500580974e-10
212,178,0.4360124747755943,0.4360137553078863,1.2805322919806628e-06
212,191,0.4278012216626164,0.42780174521340236,5.235507859469024e-07
212,199,0.4187950622760906,0.4187954476059039,3.8532981333494476e-07
212,204,0.40929799834703273,0.40929808373045673,8.538342399777576e-08
212,207,0.4094163365586064,0.40941639642821104,5.986960466275448e-08
212,217,0.4154907579765772,0.4154907910117239,3.303514672925445e-08
212,220,0.41173309638516825,0.41173314226649615,4.588132790361854e-08
212,225,0.4372252334624239,0.4372252450012554,1.1538831501400892e-08
212,233,0.4140416484693823,0.4140416561510189,7.681636604583986e-09
213,179,0.4197697439474216,0.4197697439941132,4.6691595034786815e-11
213,192,0.4286341484543673,0.42863414845858944,4.222122651498239e-12
213,200,0.41005957350320826,0.41005957359524753,9.203926509826488e-11
213,205,0.41158921252185454,0.4115892125245382,2.6836310951239284e-12
213,208,0.4167416873296592,0.41674168756315494,2.3349572275677133e-10
213,218,0.42793426479115376,0.4279342647914587,3.0492275371329924e-13
213,221,0.4066754037112446,0.40667540376121813,4.997352531788124e-11
213,226,0.4210293430237661,0.4210293430260379,2.2717938641392266e-12
213,234,0.4139731220189984,0.413973122021496,2.4976132273479834e-12
214,180,0.41913888002149996,0.419138880021699,1.9906298831529057e-13
214,193,0.4397789871688306,0.4397789871693076,4.769518113789672e-13
214,201,0.4257482144687922,0.42574821446914357,3.5138558729386205e-13
214,206,0.42593515372439117,0.425935153726076,1.6848189510199063e-12
214,209,0.4157306673610875,0.41573066736242476,1.337263633161001e-12
214,219,0.41889051930311944,0.4188905193049358,1.8163803794379874e-12
214,222,0.4046318201194919,0.40463182011995474,4.628519789662278e-13
214,227,0.42240611920463095,0.4224061192049708,3.398392678377604e-13
215,181,0.4126191928359473,0.41261919316613865,3.301913742426166e-10
215,194,0.42625175784296016,0.42625175839955054,5.565903848925302e-10
215,202,0.40616071735055764,0.4061607174559851,1.0542744455221964e-10
215,207,0.4254654866714403,0.4254654872780738,6.066335211940554e-10
215,210,0.4133525061971105,0.41335250620667463,9.564127267935874e-12
215,220,0.4358622534772378,0.43586225396305345,4.858156654741208e-10
215,223,0.4169517587497743,0.4169517587619265,1.2152223671790807e-11
215,228,0.43668462887092524,0.4366846289611222,9.019696101120189e-11
216,182,0.4250468111413858,0.4250481190690147,1.3079276288685548e-06
216,190,0.41373914191816813,0.41373970074673655,5.588285684199334e-07
216,195,0.42965796600135897,0.4296585063477267,5.403463677056131e-07
216,203,0.43847188028548195,0.43847224671990326,3.664344213061277e-07
216,208,0.4301491676740743,0.43014925424467204,8.657059774597187e-08
216,211,0.43538745445118027,0.43538751520504093,6.075386066450861e-08
216,221,0.3896504619923864,0.3896504748029357,1.2810549288033712e-08
216,224,0.414507656933473,0.4145076814639157,2.4530442677139774e-08
216,229,0.42514550087827163,0.425145511545096,1.0666824368232852e-08
217,183,0.41501755492969916,0.41501756890600894,1.397630977617581e-08
217,191,0.40476449320300856,0.4047645206232877,2.7420279158363314e-08
217,196,0.4069989672021326,0.4069989691395802,1.937447646760404e-09
217,204,0.4450213740385399,0.44502138356051146,9.521971544579344e-09
217,209,0.4306598738473089,0.4306598744568671,6.095581817078255e-10
217,212,0.42413905004868874,0.4241390606492751,1.0600586353159969e-08
217,222,0.3999368286325579,0.3999368288104087,1.7785078965104617e-10
217,225,0.40259493702906507,0.4025949387632013,1.7341362235079316e-09
217,230,0.4221546908319357,0.4221546911121412,2.80205525449162e-10
218,184,0.4384728841970243,0.4384728841970252,8.881784197001252e-16
218,192,0.4321347693684359,0.43213476936850226,6.63358257213531e-14
218,197,0.4193986102607044,0.4193986102607177,1.326716514427062e-14
218,205,0.42781479917493476,0.4278147991749803,4.551914400963142e-14
218,210,0.4166164805677957,0.416616480567816,2.0317081350640365e-14
218,213,0.4201999030922154,0.420199903092428,2.1260770921571748e-13
218,223,0.421297855488159,0.4212978554881844,2.5368596112684827e-14
218,226,0.4096733111399771,0.40967331114001476,3.7636560534792807e-14
218,231,0.4042587826477299,0.4042587826477416,1.1712852909795402e-14
219,185,0.4353362905544325,0.43533629067492075,1.2048823050392343e-10
219,193,0.4036776013394381,0.4036776013460309,6.592837387131567e-12
219,198,0.41874299188025244,0.4187429921517567,2.715042635159648e-10
219,206,0.4073119075064535,0.40731190752908364,2.2630120000144416e-11
219,211,0.41390157054397875,0.41390157079051243,2.465336823576081e-10
219,214,0.42622662735508976,0.4262266273564872,1.3974377210956845e-12
219,224,0.41788390846059215,0.4178839085663453,1.0575312847649343e-10
219,227,0.42354907962172655,0.4235490796260709,4.344358206509469e-12
219,232,0.4239425318161576,0.4239425318310647,1.490707557394444e-11
220,186,0.43801836505471387,0.43801840455805946,3.950334559466029e-08
220,194,0.39424929240063306,0.3942493010907936,8.690160535618219e-09
220,199,0.4285175325079042,0.42851756394392576,3.1436021563635563e-08
220,207,0.44119762298429577,0.4411976326991274,9.714831605833751e-09
220,212,0.4150310352389076,0.41503105076796515,1.552905753987588e-08
220,215,0.4388027678143874,0.4388027690862434,1.2718560093993858e-09
220,225,0.42864147411695425,0.4286414765319803,2.4150260680144697e-09
220,228,0.4155499433489569,0.41554994412198687,7.730299733665902e-10
220,233,0.4312763065185891,0.4312763079470747,1.4284856075796881e-09
221,187,0.4026767303692885,0.4026767339883156,3.6190270780167566e-09
221,200,0.4214267912858377,0.4214267921649733,8.791355976534021e-10
221,208,0.41892177705297645,0.4189217794399568,2.386980335611355e-09
221,213,0.41209266510101045,0.4120926652011135,1.0010303697072231e-10
221,216,0.4142230798819881,0.4142230834503533,3.5683652144236078e-09
221,226,0.4317082493284842,0.4317082493463962,1.7912005212394888e-11
221,229,0.4194193566233401,0.4194193569703349,3.46994766253772e-10
221,234,0.42092129935062406,0.42092129937030703,1.9682977470125707e-11
222,188,0.41176416526860216,0.41176416527579607,7.193912132663627e-12
222,201,0.4169765846412477,0.4169765846443009,3.0531688288704117e-12
222,209,0.4032487511448836,0.40324875116289577,1.8012147329216077e-11
222,214,0.4025739047047942,0.4025739047059401,1.1459166948668553e-12
222,217,0.40980028422018855,0.40980028428918014,6.899159021855894e-11
222,227,0.44117190468637296,0.44117190468855166,2.178701663524407e-12
222,230,0.41174094960687985,0.41174094961556473,8.684886143583981e-12
222,235,0.4313217255784644,0.43132172558029974,1.8353651931590775e-12
223,189,0.40973474559181755,0.4097347455932343,1.4167556017241623e-12
223,202,0.4305845868327129,0.43058458683642714,3.714251128883461e-12
223,210,0.4303214566384271,0.430321456638998,5.709321904134868e-13
223,215,0.4185794658891281,0.4185794658941566,5.0285331454347215e-12
223,218,0.41624987880114034,0.41624987880123687,9.653389199115736e-14
223,226,0.4321448866984336,0.43214488669901113,5.775380174100064e-13
223,228,0.4152659744704898,0.4152659744737258,3.236022561026175e-12
223,231,0.39761461679509663,0.3976146167953679,2.71282996067157e-13
223,236,0.41152236072409304,0.4115223607245593,4.662381591913345e-13
224,203,0.4151154288063488,0.415115443055193,1.4248844215636325e-08
224,211,0.4367068515722123,0.4367068555206331,3.948420812527331e-09
224,216,0.41925722129780846,0.4192572301610833,8.863274836290458e-09
224,219,0.4268343914857553,0.42683439178465576,2.9890045993852254e-10
224,227,0.41633029033916547,0.41633029039071756,5.155209592544452e-11
224,229,0.43450125150740393,0.4345012522941654,7.867614892909103e-10
224,232,0.4343897688032808,0.4343897689840106,1.8072981999850413e-10
224,237,0.4252862770521704,0.42528627711227407,6.010364428377102e-11
225,204,0.4129740519169073,0.4129740550078635,3.0909562132031e-09
225,212,0.4252756211524636,0.4252756242985601,3.1460964944329817e-09
225,217,0.41532831989174335,0.4153283212699246,1.3781812358004686e-09
225,220,0.42781418972396795,0.4278141914712413,1.7472733260248674e-09
225,228,0.4295232389053015,0.4295232391184819,2.1318041776297036e-10
225,230,0.42806308621573425,0.42806308632291973,1.0718548271171358e-10
225,233,0.43177309135851,0.4317730917033925,3.448825114382714e-10
225,238,0.4294541154095471,0.42945411545612033,4.657324526036177e-11
226,205,0.4266674657376102,0.4266674657380085,3.982925100842749e-13
226,213,0.42827128188600827,0.42827128188782876,1.8204882046291004e-12
226,218,0.3877771018272709,0.38777710182731534,4.446443213623752e-14
226,221,0.41471215868064826,0.4147121586882851,7.636835608337833e-12
226,223,0.40047616935469826,0.40047616935485303,1.5476508963274682e-13
226,229,0.43363154698728884,0.43363154699298784,5.6989968300058536e-12
226,231,0.410762687513216,0.41076268751328165,6.566969190657801e-14
226,234,0.42352214703726837,0.4235221470376375,3.6914915568786455e-13
226,236,0.42474892608611087,0.42474892608621706,1.0619283230539622e-13
227,206,0.40488613327281736,0.40488613327668627,3.8689051962137455e-12
227,214,0.4229017906616072,0.4229017906618722,2.6501023597802487e-13
227,219,0.42734694511203253,0.4273469451162198,4.187261648525009e-12
227,222,0.41438322695239266,0.41438322695299695,6.042943923034727e-13
227,224,0.42150672839165676,0.42150672841245657,2.0799806321747383e-11
227,230,0.40080230699324737,0.40080230699413627,8.889000646661316e-13
227,232,0.4296942842653895,0.42969428426793405,2.5445201501383963e-12
227,235,0.43359416379946486,0.4335941637997155,2.506328478091291e-13
227,237,0.42847045662882677,0.4284704566296852,8.58424442640171e-13
228,207,0.40644883000000404,0.4064488303604158,3.604117559952158e-10
228,215,0.4131326633082434,0.413132663395466,8.722261801707987e-11
228,220,0.42374244012338275,0.4237424404122284,2.888456696048536e-10
228,223,0.39730783349532417,0.39730783350276117,7.436995463905305e-12
228,225,0.422121679249767,0.4221216793727041,1.2293710494049037e-10
228,231,0.42366649427429054,0.4236664942768951,2.6045832157706172e-12
228,233,0.4299819858251046,0.429981985890276,6.517136830197501e-11
228,236,0.4301623923412091,0.4301623923469722,5.763056698526725e-12
228,238,0.42766326037111446,0.42766326038465186,1.3537393428464384e-11
229,208,0.4208944452008501,0.42089444738545606,2.1846059405916662e-09
229,216,0.4068520395892847,0.40685204296868344,3.379398760827712e-09
229,221,0.4052434609201196,0.4052434613271864,4.0706682469249245e-10
229,224,0.4130005441536813,0.4130005448033016,6.496203019956681e-10
229,226,0.423615638824079,0.4236156388396906,1.5611623105371564e-11
229,232,0.4038435269931997,0.4038435270668452,7.36454786043339e-11
229,234,0.423426700117147,0.42342670013430045,1.715344533081975e-11
229,237,0.4198696248884212,0.4198696249129474,2.4526158881599258e-11
230,209,0.43089387001963386,0.43089387004815494,2.852107439110796e-11
230,217,0.41795783309371687,0.41795783320315677,1.0943990158551742e-10
230,222,0.4294905647321777,0.4294905647410952,8.917477867242951e-12
230,225,0.41871044367534044,0.418710443731161,5.582057038822086e-11
230,227,0.40953237360647454,0.4095323736098132,3.3386626796527707e-12
230,233,0.4393902412028824,0.43939024123223147,2.93490787228734e-11
230,235,0.40830111645135,0.40830111645424,2.890021555401745e-12
230,238,0.4136347609703044,0.4136347609768261,6.521727602404326e-12
231,210,0.42395579495434027,0.4239557949545298,1.8951507030351422e-13
231,218,0.4203372550201494,0.42033725502018127,3.186340080674199e-14
231,223,0.4175935208646385,0.417593520864876,2.37476704967321e-13
231,226,0.4119262630994926,0.41192626309969893,2.0633494912658534e-13
231,228,0.4165204269921261,0.41652042699315656,1.030453500305839e-12
231,234,0.44432105040889314,0.4443210504091189,2.2576385205752558e-13
231,236,0.41738406808453055,0.4173840680846836,1.5304424394457783e-13
231,239,0.4033883485209405,0.40338834852106176,1.212363542890671e-13
232,211,0.41766215524876255,0.41766215539742113,1.486585854415523e-10
232,219,0.41082054625506575,0.41082054626972087,1.465511045850576e-11
232,224,0.4197543810445966,0.4197543811082985,6.370187710658115e-11
232,227,0.41230807276164244,0.41230807276424114,2.598699033740104e-12
232,229,0.4364164490319292,0.43641644906456556,3.2636338076486027e-11
232,235,0.40370906106946813,0.40370906107019056,7.224221221235894e-13
232,237,0.42192512437932767,0.42192512438231927,2.991606962154947e-12
232,239,0.43755072838072245,0.43755072838130243,5.799805080641818e-13
233,212,0.45062988728577646,0.45062988966480455,2.379028085641721e-09
233,220,0.417814955484833,0.417814956704087,1.2192540310707045e-09
233,225,0.4159306575267259,0.41593065792898964,4.0226372233220786e-10
233,228,0.40915324683146304,0.40915324696666394,1.35200906026256e-10
233,230,0.4241603203518938,0.4241603204188037,6.690986653623554e-11
233,235,0.40371949261678164,0.40371949262895795,1.2176315511425173e-11
233,236,0.4082998385854882,0.4082998385972057,1.1717515846498827e-11
233,238,0.4102943982021117,0.4102943982306102,2.8498481352556837e-11
233,239,0.43589058318036394,0.43589058319100854,1.0644596315501076e-11
234,213,0.430375035505184,0.43037503550717804,1.9940160633780124e-12
234,221,0.42188437154012864,0.42188437154850184,8.373191029420468e-12
234,226,0.4162048915691278,0.41620489156949586,3.680389326632394e-13
234,229,0.43131490373796705,0.4313149037442187,6.2516658516642565e-12
234,231,0.4242131200009351,0.42421312000100747,7.238654120556021e-14
234,236,0.41607461261491224,0.416074612615036,1.237343560944737e-13
234,237,0.42138223164883715,0.42138223164939353,5.563882687908972e-13
234,239,0.41843442160389455,0.4184344216040067,1.1213252548714081e-13
235,222,0.4105263806797635,0.4105263806812698,1.5062950886601811e-12
235,227,0.43022023295005923,0.4302202329507255,6.662448370775564e-13
235,230,0.42213958310544397,0.4221395831077447,2.300715173930712e-12
235,232,0.4064014148411595,0.4064014148432484,2.088884620832232e-12
235,233,0.4280673303135343,0.42806733031811106,4.576783396714745e-12
235,237,0.4287024725940751,0.42870247259480254,7.274181257344026e-13
235,238,0.4138236591896595,0.41382365919077685,1.1173284519827575e-12
235,239,0.42197935830269173,0.42197935830309485,4.0312198024139434e-13
236,223,0.42469128919846905,0.4246912891991242,6.551426068313049e-13
236,226,0.4040968972835837,0.4040968972840193,4.3559600371168017e-13
236,228,0.42405878501699357,0.42405878502100014,4.006572851267265e-12
236,231,0.4194143532608831,0.4194143532611223,2.3919755065549e-13
236,233,0.4144916589250438,0.4144916589293573,4.3134940064248894e-12
236,234,0.4246217857138908,0.4246217857143685,4.776734563449736e-13
236,237,0.4452842289377915,0.445284228938511,7.194800311083327e-13
236,238,0.41283881307720277,0.41283881307828596,1.083189093975534e-12
236,239,0.44083106844848036,0.4408310684488714,3.9102054927298013e-13
237,224,0.4157412474126566,0.4157412474349744,2.231781426331736e-11
237,227,0.42893643332752207,0.4289364333283859,8.63809024309603e-13
237,229,0.38603541815585063,0.38603541816708903,1.1238399100221841e-11
237,232,0.4441234654747727,0.4441234654777241,2.951361377512285e-12
237,234,0.4038444275693635,0.4038444275700857,7.222000775186643e-13
237,235,0.434028394074832,0.43402839407508814,2.561284517810236e-13
237,236,0.4180394709308309,0.41803947093105365,2.2276624989103766e-13
237,238,0.4019707866087087,0.4019707866091738,4.650724250154781e-13
237,239,0.41196140615519444,0.411961406155398,2.0355939156502245e-13
238,225,0.42442835514348504,0.42442835516453253,2.1047497078541255e-11
238,228,0.40922686380073275,0.40922686381075934,1.0026590668843482e-11
238,230,0.41034067179386413,0.4103406717993868,5.522693413695379e-12
238,233,0.4260053284886902,0.4260053284996148,1.092459456231154e-11
238,235,0.39654058753049315,0.39654058753169796,1.2048140263232199e-12
238,236,0.4168959015154507,0.416895901516617,1.166289287368727e-12
238,237,0.42479483163086645,0.42479483163254894,1.6824874826681935e-12
238,239,0.40632870618041866,0.40632870618138306,9.643952303406422e-13
239,231,0.4470222470664114,0.4470222470666168,2.0539125955565396e-13
239,232,0.4185846269377087,0.4185846269393927,1.6839862837514374e-12
239,233,0.4149358110764947,0.4149358110809179,4.423239552409086e-12
239,234,0.4190848621296545,0.41908486213004204,3.875233467454109e-13
239,235,0.43497420619409416,0.4349742061945398,4.4564352208453784e-13
239,236,0.42512470700579313,0.42512470700622423,4.310996004619483e-13
239,237,0.4251750530784783,0.4251750530790668,5.884737142025642e-13
239,238,0.42230113624464644,0.42230113624564597,9.995337890700284e-13
