source,target,before,after,delta
0,1,0.42442093071000714,0.4244209307100275,2.0372592501871623e-14
0,2,0.3962834176272704,0.3962834176273193,4.8905324234738146e-14
0,3,0.4470382271968951,0.44703822719705955,1.6442402994698568e-13
0,4,0.4471059584423989,0.447105958442644,2.450817326860033e-13
0,5,0.4283315081233049,0.42833150812381865,5.137557046452912e-13
0,6,0.42982664748778143,0.4298266474877991,1.765254609153999e-14
0,7,0.42315591348621234,0.4231559134862446,3.22519788653608e-14
0,8,0.4076337358757336,0.40763373587636537,6.317724121629453e-13
1,0,0.3973304543688877,0.39733045436889614,8.43769498715119e-15
1,2,0.4114297904571792,0.41142979045718414,4.9404924595819466e-15
1,3,0.41125347292669884,0.4112534729267132,1.4377388168895777e-14
1,4,0.425105874902714,0.4251058749027494,3.5416114485542494e-14
1,6,0.4264947652026131,0.4264947652026144,1.3322676295501878e-15
1,9,0.4176869096610736,0.4176869096611699,9.631184738623233e-14
1,11,0.4269211150751006,0.42692111507510944,8.826273045769994e-15
1,14,0.427674923974743,0.42767492397474893,5.9396931817445875e-15
2,0,0.4053006114011841,0.40530061140122303,3.8913317013111737e-14
2,1,0.41673220874290434,0.4167322087429158,1.1435297153639112e-14
2,3,0.39219842732716875,0.39219842732725807,8.931744233109384e-14
2,4,0.42190894674885376,0.4219089467489971,1.433297924791077e-13
2,5,0.4129209772444568,0.4129209772447281,2.71282996067157e-13
2,7,0.40781738682582674,0.40781738682584645,1.970645868709653e-14
2,10,0.4335727387621386,0.43357273876228203,1.4344081478157023e-13
2,12,0.4246516081246128,0.4246516081249676,3.5482727867020003e-13
2,15,0.4135929918819139,0.41359299188193704,2.3148150063434514e-14
3,0,0.4307887949851849,0.4307887949854277,2.4280577548552174e-13
3,1,0.4166092791396447,0.4166092791397046,5.98965321785272e-14
3,2,0.4209142614267311,0.42091426142689087,1.5976109324356003e-13
3,5,0.4075349929454066,0.4075349929477213,2.3146484728897576e-12
3,6,0.40809026105908525,0.4080902610591358,5.057065877167588e-14
3,8,0.4235192592354492,0.4235192592382701,2.820910172118829e-12
3,11,0.42324060134046754,0.42324060134072095,2.53408405370692e-13
3,13,0.4017131081036554,0.4017131081093656,5.710210082554568e-12
3,16,0.4081944594856742,0.4081944594887594,3.0851987631308475e-12
4,0,0.4247750194252842,0.4247750194253788,9.46465128492946e-14
4,1,0.4196172541217686,0.41961725412181744,4.884981308350689e-14
4,2,0.41574068167203787,0.4157406816721172,7.932543510946743e-14
4,6,0.4321570036910207,0.4321570036910622,4.1466829969749597e-14
4,7,0.4175110169819733,0.4175110169820645,9.120482147295661e-14
4,9,0.411279391414656,0.4112793914164719,1.815880779076906e-12
4,12,0.4234348047782718,0.4234348047799321,1.6603385333269216e-12
4,17,0.41007499743797393,0.41007499745640186,1.8427925851938198e-11
5,0,0.4151135756948763,0.4151135756960551,1.1788348075469912e-12
5,2,0.43020883975099233,0.4302088397517306,7.382428002244978e-13
5,3,0.42692214210144114,0.4269221421047631,3.321953823132162e-12
5,8,0.4122062158774575,0.4122062158941445,1.668704063817472e-11
5,10,0.425117386812716,0.4251173868179326,5.216604925806223e-12
5,13,0.42259418935612797,0.4225941893945436,3.841560403117228e-11
5,18,0.4220304339675332,0.4220304340043111,3.677791404754771e-11
5,26,0.4206699420613441,0.42066994219742826,1.3608414395349655e-10
6,0,0.4101010021798295,0.4101010021798364,6.938893903907228e-15
6,1,0.3985142333218117,0.3985142333218128,1.1102230246251565e-15
6,3,0.4184399082484031,0.4184399082484148,1.1712852909795402e-14
6,4,0.3897062441906908,0.38970624419071953,2.8754776337791554e-14
6,9,0.4148617560268448,0.414861756026924,7.921441280700492e-14
6,11,0.4264342829790153,0.4264342829790227,7.382983113757291e-15
6,14,0.4338558381162436,0.4338558381162484,4.773959005888173e-15
6,19,0.4023657841682189,0.4023657841682189,0.0
6,27,0.4041404732665771,0.4041404732665819,4.829470157119431e-15
7,0,0.41388290512570003,0.413882905125709,8.992806499463768e-15
7,2,0.41181942018533235,0.41181942018533785,5.495603971894525e-15
7,4,0.43672819741680324,0.4367281974168427,3.9468428525424315e-14
7,10,0.4072776941568132,0.4072776941568426,2.942091015256665e-14
7,12,0.4185095306820314,0.4185095306821287,9.731104810839497e-14
7,15,0.41909815637345615,0.4190981563734618,5.662137425588298e-15
7,20,0.4265454891442664,0.42654548914444956,1.8318679906315083e-13
7,28,0.4163909468796187,0.4163909468796334,1.4710455076283324e-14
8,0,0.41989769202495447,0.41989769202637095,1.416478045968006e-12
8,3,0.41528250781504356,0.4152825078190131,3.969546913396016e-12
8,5,0.4110528667374559,0.41105286675379676,1.6340873099096598e-11
8,11,0.4306233176352279,0.43062331763668305,1.4551693183761927e-12
8,13,0.40496300629577087,0.4049630063410638,4.529293606836404e-11
8,16,0.40951179329273163,0.40951179331387366,2.1142032569088087e-11
8,21,0.41002815905267936,0.4100281592228545,1.701751517479977e-10
8,29,0.4378429247616342,0.4378429248436378,8.200357060061947e-11
9,1,0.431584780493293,0.43158478049343113,1.3811174426336947e-13
9,4,0.4330103098436047,0.43301030984547556,1.8708368187958513e-12
9,6,0.416138621697901,0.4161386216980185,1.1751710715657282e-13
9,12,0.42377996205890034,0.4237799620635687,4.668376796246321e-12
9,14,0.4236541316397736,0.42365413164018756,4.139466547314896e-13
9,17,0.39762451662951537,0.3976245166809945,5.1479154272726646e-11
9,22,0.4090957197568398,0.40909571976905573,1.2215950473404291e-11
9,30,0.4088019071641258,0.4088019072498728,8.574702059505057e-11
10,2,0.4221249866149334,0.42212498661517783,2.444155988712282e-13
10,5,0.4290387813139174,0.4290387813172328,3.3154035072868737e-12
10,7,0.3990505406849194,0.39905054068506673,1.4732659536775827e-13
10,13,0.4113180791141442,0.4113180791218721,7.727929407508327e-12
10,15,0.4305917657166425,0.4305917657168232,1.8074430840897548e-13
10,18,0.41080598834819965,0.41080598835668475,8.485101510302684e-12
10,23,0.42919674385585055,0.4291967438570269,1.1763368057415846e-12
10,31,0.4194755233739553,0.41947552338254096,8.585687716333723e-12
11,1,0.41960874537303766,0.41960874537305926,2.1593837828959295e-14
11,3,0.40147275794324694,0.40147275794341214,1.652011860642233e-13
11,6,0.41265618614954525,0.41265618614956384,1.8596235662471372e-14
11,8,0.41186218125404567,0.4118621812546695,6.238343175368755e-13
11,14,0.4166686036037912,0.416668603603834,4.2799097599299785e-14
11,16,0.41851591618758255,0.418515916188302,7.194245199571014e-13
11,19,0.40379456742200387,0.40379456742201786,1.3988810110276972e-14
11,24,0.4048166035098552,0.40481660351011767,2.62456723021387e-13
11,32,0.40990234762876043,0.40990234762881583,5.540012892879531e-14
12,2,0.4112234245412854,0.41122342454148114,1.957323192414151e-13
12,4,0.41847003658606546,0.41847003658770315,1.6376899836245684e-12
12,7,0.4398443313494658,0.43984433134969086,2.2504220709151923e-13
12,9,0.4054142558740322,0.40541425587850005,4.4678705179990175e-12
12,15,0.41806815301592526,0.4180681530161563,2.310374114244951e-13
12,17,0.40797716046313093,0.40797716050822913,4.509820294984479e-11
12,20,0.41997582565918296,0.4199758256668261,7.643163879578196e-12
12,25,0.41648860428802637,0.4164886043497851,6.175870925773097e-11
12,33,0.41600694708420044,0.41600694710972413,2.552369426922496e-11
13,3,0.425348545167321,0.4253485451820765,1.4755474619931874e-11
13,5,0.42271825782473094,0.422718257898326,7.359507447901592e-11
13,8,0.4255209888983051,0.42552098898659607,8.829098563367666e-11
13,10,0.3912862363189117,0.39128623634124193,2.233024876119316e-11
13,16,0.43588767912384146,0.4358876792134421,8.960066022467572e-11
13,18,0.4355512952244254,0.43555129543160764,2.0718221582782803e-10
13,21,0.41487091588690417,0.41487091718077795,1.2938737858902982e-09
13,26,0.41776117253891254,0.41776117376549926,1.2265867210814463e-09
13,34,0.42825868387987753,0.42825868620505103,2.3251734981855066e-09
14,1,0.41619779841967774,0.41619779841967774,0.0
14,6,0.4294863612359493,0.4294863612359493,0.0
14,9,0.42880224391195254,0.428802243911974,2.148281552649678e-14
14,11,0.4296729022532761,0.4296729022532761,0.0
14,19,0.42837327369556594,0.42837327369556594,0.0
14,22,0.4007498425560252,0.4007498425560761,5.090372567906343e-14
14,27,0.41413231720519444,0.4141323172051954,9.43689570931383e-16
14,35,0.4312798096488902,0.43127980964894136,5.1181281435219717e-14
15,2,0.41397444045265186,0.4139744404526638,1.1934897514720433e-14
15,7,0.386574219361095,0.3865742193611039,8.93729534823251e-15
15,10,0.41260602615590486,0.4126060261559532,4.835021272242557e-14
15,12,0.4301791581840426,0.43017915818421115,1.6853185513809876e-13
15,20,0.4094679022852698,0.40946790228558855,3.1874503036988244e-13
15,23,0.43624763924847404,0.43624763924851545,4.141131881851834e-14
15,28,0.4460049845854046,0.44600498458543125,2.6645352591003757e-14
15,36,0.4340079591728745,0.43400795917290347,2.8976820942716586e-14
16,3,0.4212920995172531,0.42129209952121166,3.958555705452227e-12
16,8,0.4192871105481894,0.4192871105674643,1.927491499742473e-11
16,11,0.4208036356369107,0.4208036356384035,1.4928058789109855e-12
16,13,0.42850736672428524,0.42850736676695783,4.267258768564375e-11
16,21,0.42621996213468083,0.4262199622918905,1.5720968971066895e-10
16,24,0.42419385717780245,0.42419385718379893,5.996481089454164e-12
16,29,0.42570248719916126,0.4257024872770298,7.786854494540307e-11
16,37,0.4241190630813012,0.42411906310908526,2.778405283621055e-11
16,50,0.39743228106757567,0.397432281159562,9.198630745999026e-11
17,4,0.40379510437524174,0.40379510443034367,5.5101923024380994e-11
17,9,0.42050026201947605,0.42050026217097985,1.5150380949791042e-10
17,12,0.41300034796615215,0.41300034810327363,1.3712148083655507e-10
17,22,0.4131875489372005,0.4131875493032011,3.6600061870117884e-10
17,25,0.4132626143366994,0.4132626170560826,2.7193831630967225e-09
17,30,0.4147397428423115,0.4147397462006859,3.358374356388083e-09
17,38,0.4349379066965419,0.4349379153230422,8.626500291875061e-09
17,51,0.4092767932360907,0.40927681118615,1.7950059327809242e-08
18,5,0.4200782326645282,0.4200782327049269,4.0398684397757734e-11
18,10,0.41834225795384994,0.41834225796875557,1.4905632284012427e-11
18,13,0.43534346651004796,0.43534346662571916,1.156711948446798e-10
18,23,0.4003424916311609,0.40034249164220753,1.1046608072717845e-11
18,26,0.41303530426078194,0.41303530467689153,4.1610959122806435e-10
18,31,0.41049065259513867,0.4104906527049064,1.0976775044468923e-10
18,39,0.4262787962481594,0.42627879678364655,5.354871546181528e-10
18,52,0.42663439028828676,0.42663439075603593,4.677491727278493e-10
19,6,0.4105731372631022,0.4105731372631045,2.3314683517128287e-15
19,11,0.4247243121783684,0.42472431217837814,9.71445146547012e-15
19,14,0.40099325852233564,0.4009932585223427,7.049916206369744e-15
19,24,0.4145739274051123,0.4145739274051418,2.9531932455029164e-14
19,27,0.4297395868845164,0.42973958688452346,7.049916206369744e-15
19,32,0.40311388442449536,0.4031138844245021,6.716849298982197e-15
19,40,0.41527246475245266,0.41527246475245794,5.2735593669694936e-15
19,45,0.42115115327841124,0.42115115327842484,1.3600232051658168e-14
19,53,0.4188975006100027,0.4188975006100029,2.220446049250313e-16
20,7,0.4212149569642007,0.42121495696464323,4.425348976155874e-13
20,12,0.42400104597427973,0.4240010459823079,8.0281892245182e-12
20,15,0.41382721172187026,0.41382721172232395,4.536926390130702e-13
20,25,0.42319947507769046,0.4231994751989277,1.212372424674868e-10
20,28,0.42281670874443644,0.4228167087457595,1.323052778445799e-12
20,33,0.4225972512765371,0.42259725132666204,5.012495973844011e-11
20,41,0.42484484855792426,0.42484484856080884,2.8845814625810817e-12
20,46,0.4193352670167186,0.4193352672780014,2.612828287062996e-10
20,54,0.45361661206225756,0.4536166121098927,4.7635118072264504e-11
21,8,0.42715326451067653,0.42715326498550843,4.748318960245967e-10
21,13,0.43811703875005414,0.4381170404102535,1.6601993668707848e-09
21,16,0.4172798513679398,0.4172798518410878,4.731479652519965e-10
21,26,0.4298325408341041,0.4298325484731382,7.639034071971196e-09
21,29,0.4182700400193777,0.41827004268455537,2.665177689653575e-09
21,34,0.41913756962654813,0.4191375853699848,1.5743436665438537e-08
21,42,0.44119495320989705,0.44119496673369124,1.3523794195613448e-08
21,47,0.3941350525271388,0.39413508530662905,3.2779490233281194e-08
21,55,0.4341582692407097,0.43415831305223634,4.3811526628800834e-08
22,9,0.42081538016046804,0.42081538017315884,1.269079286103647e-11
22,14,0.410481300233158,0.4104813002341866,1.0286216323152075e-12
22,17,0.4278696230139302,0.4278696231418961,1.2796586013053002e-10
22,27,0.4247509010360058,0.4247509010370435,1.0376699499659026e-12
22,30,0.41819438488635796,0.418194385099503,2.1314505715963605e-10
22,35,0.3997790570404997,0.3997790570712318,3.073208354464896e-11
22,43,0.42055703698561814,0.42055703729907595,3.1345781525971006e-10
22,48,0.41457262468573985,0.4145726247024319,1.6692036641785535e-11
22,56,0.4234344361492563,0.42343443639907175,2.498154461072488e-10
23,10,0.4099832074147734,0.4099832074157078,9.34419208675763e-13
23,15,0.431412593632697,0.43141259363283274,1.3572476476042539e-13
23,18,0.42356417214576236,0.4235641721503432,4.580835710754627e-12
23,28,0.4457776753335876,0.4457776753339154,3.2779334802057747e-13
23,31,0.3920112398002087,0.3920112398048519,4.643230244738561e-12
23,36,0.4192717371761734,0.41927173717672134,5.47950573803746e-13
23,44,0.4086238275115251,0.408623827515745,4.219902205448989e-12
23,49,0.43376804168288596,0.43376804168302924,1.4327428132787645e-13
23,57,0.43803386079705775,0.4380338607984913,1.4335754805472334e-12
24,11,0.4301474382306373,0.4301474382310062,3.689271110829395e-13
24,16,0.42141376790007756,0.42141376790434787,4.270306330766971e-12
24,19,0.4333404341936917,0.43334043419375406,6.233902283270254e-14
24,29,0.41774985584287333,0.41774985585700086,1.4127532477203886e-11
24,32,0.4358273315554646,0.4358273315557242,2.595701431573616e-13
24,37,0.407523274487534,0.4075232744931766,5.642597500354896e-12
24,45,0.41881644033729454,0.4188164403377303,4.3576253716537394e-13
24,58,0.42737880485304136,0.4273788048560376,2.9962143877071412e-12
25,12,0.4395450887756848,0.4395450889643501,1.886652500893149e-10
25,17,0.4151676485329288,0.41516765126137645,2.7284476344924258e-09
25,20,0.41271539848205646,0.4127153988391087,3.570522211227001e-10
25,30,0.40953838277236004,0.4095383873949695,4.622609461879534e-09
25,33,0.4298576221899692,0.4298576235670745,1.3771053186673043e-09
25,38,0.4240031541357763,0.4240031660139688,1.1878192540670796e-08
25,46,0.42632856052382984,0.4263285688851373,8.361307479720637e-09
25,59,0.4375726933941612,0.4375727252819155,3.188775427043211e-08
26,5,0.42017444462638326,0.4201744450062516,3.7986835899062044e-10
26,13,0.41124845014139794,0.4112484517369643,1.5955663457134506e-09
26,18,0.4303727361394096,0.43037273722989566,1.090486090316034e-09
26,21,0.41549199885461635,0.4154920066041219,7.749505537280044e-09
26,31,0.40414584786311203,0.40414584896089406,1.0977820319446607e-09
26,34,0.4355689504803942,0.43556896573528897,1.5254894791816298e-08
26,39,0.42349251126052423,0.42349252095468526,9.69416102947207e-09
26,47,0.4176552978032569,0.4176553296087874,3.180553048709456e-08
26,60,0.40419835153010586,0.40419839184084455,4.0310738691484715e-08
27,6,0.4081245416928281,0.4081245416928281,0.0
27,14,0.41519400605717705,0.41519400605717705,0.0
27,19,0.43006325672596235,0.43006325672596235,0.0
27,22,0.42384454234104624,0.42384454234107705,3.0808688933348094e-14
27,32,0.4137953036688707,0.4137953036688707,0.0
27,35,0.4466617776436477,0.44666177764367876,3.108624468950438e-14
27,40,0.40717254397747077,0.40717254397747077,0.0
27,48,0.41560839248183257,0.41560839248184867,1.609823385706477e-14
27,61,0.40229041150247313,0.40229041150247935,6.217248937900877e-15
28,7,0.4431922016569957,0.44319220165702283,2.7144952952085077e-14
28,15,0.4468238469638114,0.44682384696383987,2.8477220581635265e-14
28,20,0.40569797657855866,0.40569797657950757,9.489076191471213e-13
28,23,0.4200529993001772,0.42005299930026707,8.987255384340642e-14
28,33,0.42580578887091314,0.42580578887420073,3.2875924205200135e-12
28,36,0.4497327648011746,0.4497327648012374,6.283862319378386e-14
28,41,0.4180198251863608,0.4180198251865377,1.7685852782278744e-13
28,49,0.4132363138432024,0.4132363138432207,1.8263168755083825e-14
28,62,0.42520468999496286,0.4252046899950904,1.2756462552943049e-13
29,8,0.4233619864931038,0.4233619866249282,1.3182438474146352e-10
29,16,0.43299701260319745,0.4329970127387643,1.3556683553517246e-10
29,21,0.42475806187747894,0.4247580635676221,1.6901431365567987e-09
29,24,0.4342251061298805,0.4342251061636614,3.37808669925721e-11
29,34,0.4254827693308441,0.4254827720419485,2.7111043965355464e-09
29,37,0.3924091530353473,0.3924091532221833,1.8683599112279126e-10
29,42,0.41724552303972734,0.4172455258191136,2.7793862766856137e-09
29,50,0.40952199732061817,0.40952199800118405,6.805658814279525e-10
29,63,0.42536536333540037,0.4253653675849385,4.249538110290274e-09
30,9,0.397499431737429,0.3974994320023473,2.6491825400043467e-10
30,17,0.4162868386958212,0.4162868421822938,3.4864725551031484e-09
30,22,0.41450571108033873,0.4145057117204767,6.401379426534959e-10
30,25,0.41041036604911657,0.41041037083217063,4.783054063928205e-09
30,35,0.4327384739441145,0.43273847459270254,6.485880166273716e-10
30,38,0.4035191931038072,0.4035192083702455,1.5266438335714838e-08
30,43,0.4390029773968033,0.43900298615335104,8.756547764665612e-09
30,51,0.4099436564024908,0.40994368819149873,3.178900792599748e-08
30,64,0.4037970374050896,0.4037970778117042,4.040661460980033e-08
31,10,0.4092346220721345,0.40923462208714323,1.5008716491848872e-11
31,18,0.4196958469846771,0.4196958470939223,1.092452239781494e-10
31,23,0.4162931869681176,0.4162931869792472,1.1129597243808576e-11
31,26,0.42034825670931053,0.4203482571266825,4.173719703182144e-10
31,36,0.42158791555606084,0.421587915563806,7.745137864390017e-12
31,39,0.42025361300386516,0.42025361354091756,5.370524025494205e-10
31,44,0.415621587291847,0.41562158739207705,1.0023004648473943e-10
31,52,0.4308610707144691,0.43086107118359696,4.691278476798288e-10
31,65,0.43428099883811294,0.43428099912070545,2.825925049521061e-10
32,11,0.42145256724775704,0.42145256724781005,5.3013149425851225e-14
32,19,0.4120714375966221,0.41207143759663273,1.0602629885170245e-14
32,24,0.4027999291745714,0.4027999291747504,1.7896795156957523e-13
32,27,0.39420211135032107,0.3942021113503508,2.9753977059954195e-14
32,37,0.41590028676788776,0.41590028676851554,6.277756092742948e-13
32,40,0.420105168573767,0.42010516857378916,2.2148949341271873e-14
32,45,0.42775706009420317,0.42775706009427006,6.689093723366568e-14
32,53,0.4213858545989222,0.4213858545989294,7.216449660063518e-15
32,66,0.4300506320757509,0.4300506320757885,3.758104938356155e-14
33,12,0.40589783207814584,0.40589783213128816,5.314232387476636e-11
33,20,0.41815732936526917,0.4181573294655318,1.0026263153051218e-10
33,25,0.4184132951584119,0.41841329614679906,9.883871499027919e-10
33,28,0.4121459638043423,0.4121459638126809,8.338607582203394e-12
33,38,0.41777431304487783,0.4177743159707993,2.925921449570268e-09
33,41,0.41594425971894633,0.4159442597359208,1.6974477379250175e-11
33,46,0.4255142238778153,0.42551422606918377,2.1913684755681118e-09
33,54,0.42237781955398984,0.4223778198760763,3.220864686070968e-10
33,67,0.40472976918379,0.4047297725941159,3.4103259105577877e-09
34,13,0.40997994143998817,0.409979949136188,7.696199844087204e-09
34,21,0.41132615648319193,0.4113262012001821,4.47169901662825e-08
34,26,0.4164783819738108,0.4164784249003667,4.2926555865463456e-08
34,29,0.4041924972543819,0.40419250801178097,1.0757399082628183e-08
34,39,0.4181840875934581,0.4181841448160865,5.722262841345582e-08
34,42,0.41805391510779377,0.41805399382362307,7.871582929919185e-08
34,47,0.40505608715687713,0.40505645561645803,3.684595809017033e-07
34,55,0.42197112379029755,0.42197164723681957,5.2344652201608e-07
34,68,0.4176776240509108,0.41767882898134556,1.204930434761664e-06
35,14,0.4262055456697534,0.4262055456707997,1.0463296895579788e-12
35,22,0.42581974092616115,0.4258197409570556,3.089445366200039e-11
35,27,0.4100974875732294,0.4100974875742851,1.0557110741160614e-12
35,30,0.4435866113941473,0.44358661161095825,2.168109580757971e-10
35,40,0.4325502839683884,0.43255028396917095,7.825406989070416e-13
35,43,0.43114665893520226,0.4311466592540513,3.188490582672898e-10
35,48,0.4184652369630225,0.41846523698000176,1.6979251338256063e-11
35,56,0.3964400817327146,0.3964400819868261,2.541115096121871e-10
35,69,0.38759556385668875,0.3875955639947949,1.3810613763709512e-10
36,15,0.42486415058796534,0.42486415058806093,9.559020242022598e-14
36,23,0.4141390558346644,0.4141390558352044,5.399569680264449e-13
36,28,0.43896646469340705,0.4389664646936335,2.2642998587230068e-13
36,31,0.4078697695988251,0.40786976960202453,3.199440712364776e-12
36,41,0.4226388674499687,0.4226388674503887,4.199973702156967e-13
36,44,0.43881032812695797,0.4388103281298656,2.9076185903420537e-12
36,49,0.43345254346364953,0.4334525434637488,9.9253938401489e-14
36,57,0.4021177443333691,0.40211774433435793,9.888201368823957e-13
36,70,0.42518160462637866,0.42518160462672755,3.4888758548845544e-13
37,16,0.41621027040663644,0.41621027043604936,2.941291654678935e-11
37,24,0.4381153441323435,0.43811534414073966,8.396172646030209e-12
37,29,0.41963846284286543,0.4196384629556894,1.1282397238687736e-10
37,32,0.3967652368859397,0.3967652368873732,1.4335199693960021e-12
37,42,0.42307920339993316,0.4230792037641439,3.6421071714087816e-10
37,45,0.4114771747603665,0.41147717476267065,2.30415686530705e-12
37,50,0.4511727122456829,0.45117271237799034,1.3230744277947792e-10
37,58,0.4214795927895554,0.42147959280753067,1.7975287924798522e-11
37,71,0.4252908065048033,0.4252908066526851,1.4788181790237331e-10
38,17,0.4082615150655882,0.40826154058020026,2.5514612034260864e-08
38,25,0.42366556200752714,0.4236655970716869,3.506415974241506e-08
38,30,0.4315924875694474,0.43159253169102907,4.412158166600122e-08
38,33,0.4270564334527129,0.4270564443740533,1.0921340443115213e-08
38,43,0.4164844714830484,0.41648453739308716,6.591003876010859e-08
38,46,0.421935792989432,0.42193587472268035,8.173324833604667e-08
38,51,0.4168051207784663,0.4168055259989627,4.052204963800321e-07
38,59,0.4274532344308485,0.42745379039776404,5.559669155608127e-07
38,72,0.4252673910961077,0.42526872903714275,1.3379410350178311e-06
39,18,0.3978056666753956,0.39780566812419027,1.4487946953245512e-09
39,26,0.4206193626605866,0.4206193725131083,9.85252174290352e-09
39,31,0.4147948247098168,0.41479482616822083,1.4584040086695893e-09
39,34,0.3896503962626343,0.38965041676094303,2.0498308717087355e-08
39,44,0.4154758401320573,0.41547584145719474,1.3251374442191377e-09
39,47,0.43419941717377963,0.4341994599540425,4.2780262887731624e-08
39,52,0.42565514737863747,0.4256551586821995,1.1303562030828829e-08
39,60,0.3905398496087099,0.3905399038442015,5.4235491597776075e-08
39,73,0.396405934093941,0.3964059769610121,4.286707111500476e-08
40,19,0.41827351953848363,0.41827351953848363,0.0
40,27,0.40931382448846343,0.40931382448846343,0.0
40,32,0.41013395838019445,0.41013395838019445,0.0
40,35,0.4250506090339263,0.4250506090339597,3.341771304121721e-14
40,48,0.42775307383219524,0.4277530738322127,1.7486012637846216e-14
40,53,0.4258285462592361,0.4258285462592361,0.0
40,61,0.44260358678501416,0.44260358678502065,6.494804694057166e-15
40,74,0.43678561134768545,0.43678561134768695,1.4988010832439613e-15
41,20,0.4097907875840722,0.4097907875850687,9.964806757523093e-13
41,28,0.4358981635480003,0.43589816354808764,8.731904088676856e-14
41,33,0.4101568052011253,0.4101568052045104,3.3851255132333335e-12
41,36,0.4352872520926018,0.43528725209266655,6.478151348687788e-14
41,49,0.4163925888355914,0.41639258883560865,1.7263968032921184e-14
41,54,0.4238968644215094,0.4238968644246739,3.1644686870890837e-12
41,62,0.41065827511094916,0.4106582751110862,1.3705703238997557e-13
41,75,0.413459357003421,0.41345935700686803,3.447020446856186e-12
42,21,0.4113400832311191,0.411340097611829,1.4380709900674304e-08
42,29,0.419056714933677,0.41905671962015256,4.6864755409714576e-09
42,34,0.42385323089664867,0.42385325961519404,2.8718545375117088e-08
42,37,0.3995966450852192,0.39959664623244545,1.147226258435552e-09
42,50,0.41106014958786247,0.4110601540891523,4.50128984086362e-09
42,55,0.40795970026667405,0.4079597806762149,8.040954085908325e-08
42,63,0.4459396550898202,0.44593969262114624,3.753132604700227e-08
42,76,0.42455964180000594,0.42455977706435366,1.3526434772259677e-07
43,22,0.41869947290860765,0.41869947386946105,9.60853396847483e-10
43,30,0.42291369489607117,0.42291370378251314,8.886441971167613e-09
43,35,0.42560598771313307,0.42560598868668137,9.735482975337106e-10
43,38,0.4114887877824741,0.41148881078675276,2.3004278648652843e-08
43,51,0.41954071067092785,0.4195407585834087,4.791248087165911e-08
43,56,0.4253011167203909,0.4253011272033382,1.048294728800414e-08
43,64,0.4201647039749418,0.42016476489843313,6.092349130737418e-08
43,77,0.41918669603684744,0.41918674453074284,4.849389539929305e-08
44,23,0.41696521925097835,0.41696521926109137,1.0113021531310551e-11
44,31,0.43073711232743056,0.4307371124276973,1.002667393557033e-10
44,36,0.4114604251094168,0.4114604251164545,7.037648241947636e-12
44,39,0.4085465111571044,0.40854651164541117,4.883067838967747e-10
44,52,0.4114581860438954,0.4114581864704403,4.265449105034236e-10
44,57,0.40692484539955265,0.4069248454266629,2.711025848256554e-11
44,65,0.43001021621533386,0.43001021647225446,2.5692059590909366e-10
44,78,0.41981950805710927,0.41981950817122193,1.1411266376271101e-10
45,19,0.42891947923043855,0.4289194792304544,1.587618925213974e-14
45,24,0.41841449320353713,0.4184144932038016,2.644551244657123e-13
45,32,0.41911323857491956,0.41911323857497845,5.889733145636455e-14
45,37,0.42695626108521667,0.42695626108609275,8.76076988731711e-13
45,53,0.4273730054333734,0.42737300543338425,1.0824674490095276e-14
45,58,0.4219158138532271,0.42191581385382765,6.005751451709784e-13
45,66,0.4130314523036998,0.41303145230376265,6.283862319378386e-14
45,79,0.4238381114021791,0.4238381114026798,5.007105841059456e-13
46,20,0.4335337736869998,0.43353377453820346,8.512036631103115e-10
46,25,0.41725911468471794,0.4172591237151229,9.030404979348816e-09
46,33,0.39797036319190504,0.3979703664979579,3.3060528759065733e-09
46,38,0.42892844190928325,0.4289284709268515,2.9017568237144076e-08
46,54,0.4019964102462001,0.4019964129950073,2.7488072373849093e-09
46,59,0.41646589715894766,0.41646597532396384,7.816501618185256e-08
46,67,0.41404983236469683,0.41404986386789944,3.1503202602145564e-08
46,80,0.40157506369889545,0.4015751977722445,1.3407334903403623e-07
47,21,0.4393544091941142,0.43935451430228334,1.0510816911279974e-07
47,26,0.40511667708341653,0.4051167780352941,1.0095187757963586e-07
47,34,0.4055025182315881,0.4055029039629697,3.857313815580632e-07
47,39,0.4164000957898373,0.416400230458275,1.3466843773457526e-07
47,55,0.4257393420932451,0.42574060000400515,1.2579107600552142e-06
47,60,0.3967670655206828,0.396768275512112,1.2099914292185154e-06
47,68,0.41681634580094695,0.41681926606488384,2.920263936889711e-06
47,81,0.42551229974429344,0.4255160263620352,3.726617741783844e-06
48,22,0.4322737539564403,0.43227375397235557,1.5915269102606544e-11
48,27,0.4413414864514055,0.4413414864519492,5.437317263101704e-13
48,35,0.41267594767328686,0.4126759476893907,1.6103840483339127e-11
48,40,0.4272541780108135,0.4272541780112165,4.030109579389318e-13
48,56,0.3914113449026364,0.39141134503354263,1.3090623030009851e-10
48,61,0.3988773374683917,0.39887733747188253,3.4908187451776485e-12
48,69,0.4150603376382542,0.41506033770939865,7.114447919676081e-11
48,82,0.41415041968990446,0.41415041971799327,2.8088809056470154e-11
49,23,0.4267249372839468,0.4267249372840515,1.0469403122215226e-13
49,28,0.4174146357857346,0.4174146357857864,5.179190409876355e-14
49,36,0.43039816219171173,0.43039816219178556,7.382983113757291e-14
49,41,0.4253934148250307,0.4253934148251283,9.764411501578252e-14
49,57,0.4188038860405073,0.4188038860406819,1.7463808177353712e-13
49,62,0.41738526937157894,0.41738526937164355,6.461498003318411e-14
49,70,0.4191334624864275,0.4191334624864912,6.367129046225273e-14
49,83,0.4278857605199271,0.42788576051999383,6.672440377997191e-14
50,16,0.4218177287721896,0.42181772889069236,1.1850276315783503e-10
50,29,0.42415143264086985,0.4241514331217269,4.808570208680862e-10
50,37,0.41305141478625124,0.41305141494694664,1.6069540142993333e-10
50,42,0.4402495879825263,0.4402495896228942,1.6403678970711155e-09
50,58,0.44160023248198765,0.44160023255009573,6.810807473556224e-11
50,63,0.41795794958686716,0.41795795204592,2.4590528502344e-09
50,71,0.4240612495848109,0.4240612502029089,6.180980172132422e-10
50,84,0.42523737675142304,0.42523737954842683,2.7970037952407267e-09
51,17,0.409635040637725,0.40963509638154033,5.5743815341458e-08
51,30,0.3935963929769167,0.39359648938876646,9.641184978148587e-08
51,38,0.4133978441991607,0.4133982556184693,4.1141930862131915e-07
51,43,0.41944013715039463,0.41944028118309384,1.4403269921192674e-07
51,59,0.4111346983455071,0.4111359158925594,1.2175470522901577e-06
51,64,0.43575397334236154,0.43575518711730993,1.2137749483831506e-06
51,72,0.42576474385742236,0.4257676735852262,2.9297278038575847e-06
51,85,0.4124847588579495,0.41248849169049134,3.7328325418473085e-06
52,18,0.4164275770798729,0.41642757834230976,1.262436877258466e-09
52,31,0.39929174890328695,0.3992917501740944,1.2708074592637786e-09
52,39,0.40940548918578734,0.4094055005047492,1.1318961878892253e-08
52,44,0.4183642938608493,0.4183642950155345,1.1546852363153448e-09
52,60,0.4184599049803925,0.4184599523666883,4.7386295831675085e-08
52,65,0.40751504374263087,0.4075150491972466,5.454615759070691e-09
52,73,0.40581135367043386,0.405811391118709,3.744827514751137e-08
52,86,0.43594142216449155,0.43594144232642096,2.0161929403794687e-08
53,19,0.40854825080443474,0.40854825080443474,0.0
53,32,0.40851160129813585,0.40851160129813596,1.1102230246251565e-16
53,40,0.4460945020912424,0.4460945020912441,1.7208456881689926e-15
53,45,0.4226816320296565,0.42268163202966047,3.9968028886505635e-15
53,61,0.4096038967700669,0.4096038967700883,2.1371793224034263e-14
53,66,0.42204719178078987,0.42204719178079153,1.6653345369377348e-15
53,74,0.4339133382275971,0.4339133382276026,5.495603971894525e-15
53,87,0.40177542527337545,0.4017754252733766,1.1657341758564144e-15
54,20,0.38638117351169565,0.3863811735626799,5.098427235949998e-11
54,33,0.4144638918646603,0.4144638920348351,1.7017476316993907e-10
54,41,0.40073224964507587,0.400732249654871,9.795109168209137e-12
54,46,0.40248040674804275,0.40248040763498816,8.869454060089765e-10
54,62,0.4253383416409103,0.4253383416480513,7.141010005540238e-12
54,67,0.4214344276491665,0.42143442902014144,1.3709749446810804e-09
54,75,0.42708577771796485,0.42708577789410757,1.7614271152766037e-10
54,88,0.43201447291175654,0.43201447447771635,1.5659598062711666e-09
55,21,0.4197948026759094,0.4197949564656227,1.5378971329749191e-07
55,34,0.4348368872217896,0.4348374665693296,5.793475399973325e-07
55,42,0.3929218090823404,0.39292208108480214,2.7200246172087716e-07
55,47,0.4220322970588042,0.42203362939072764,1.3323319234537223e-06
55,63,0.4105551240732437,0.41055555360223617,4.295289924849399e-07
55,68,0.41560833638076017,0.4156128237721641,4.487391403906749e-06
55,76,0.41782208174005575,0.4178255237915603,3.44205150454302e-06
55,89,0.43572772573091445,0.43573643988665056,8.71415573611145e-06
56,22,0.41723058199571345,0.4172305827593778,7.636643539754573e-10
56,35,0.44142777619734025,0.441427776971095,7.737547269570655e-10
56,43,0.41329140318509283,0.4132914136531884,1.0468095557047974e-08
56,48,0.4148505900433944,0.41485059045807576,4.146813448180353e-10
56,64,0.3942426008423929,0.3942426492711743,4.842878142952145e-08
56,69,0.42335807218325594,0.42335807658168323,4.398427289054041e-09
56,77,0.4203010851674519,0.42030112371523365,3.854778174439133e-08
56,90,0.4148421365000861,0.41484215765452925,2.1154443141657708e-08
57,23,0.42447846547914164,0.42447846548194546,2.8038127375396016e-12
57,36,0.4333533660381471,0.43335336604010094,1.9538259898865817e-12
57,44,0.4199451388031832,0.41994513882671397,2.3530788428871574e-11
57,49,0.4300451373722772,0.43004513737271666,4.394817842978682e-13
57,65,0.429964323454292,0.4299643235175758,6.328382262665855e-11
57,70,0.41480327295645575,0.414803272958732,2.276234756237727e-12
57,78,0.43467795138630094,0.43467795141471427,2.8413327246568088e-11
57,91,0.4400794243427835,0.44007942435076025,7.976730387326825e-12
58,24,0.43446707823314235,0.43446707823569475,2.552402733613235e-12
58,37,0.416667252722165,0.41666725273169974,9.534761868934538e-12
58,45,0.41527864510905393,0.4152786451099474,8.934519790670947e-13
58,50,0.43420274948826154,0.4342027495157215,2.7459978735322466e-11
58,66,0.41246397607394175,0.41246397607443425,4.924949337237194e-13
58,71,0.42053511315763126,0.4205351131880518,3.042055496393914e-11
58,79,0.4352446941202524,0.43524469412503564,4.783229368143793e-12
58,92,0.415138018334285,0.4151380183605653,2.6280311260507005e-11
59,25,0.4293362083662016,0.4293363174072985,1.0904109687404073e-07
59,38,0.4162633299332699,0.4162639276029894,5.976697194931546e-07
59,46,0.43409655394351165,0.4340968087263295,2.5478281784341306e-07
59,51,0.43391393681704576,0.43391522706047564,1.2902434298744936e-06
59,67,0.43170846692603343,0.43170886795455365,4.010285202249442e-07
59,72,0.4099314412675644,0.40993579132182384,4.350054259416591e-06
59,80,0.42461798491756597,0.4246212651328033,3.280215237322359e-06
59,93,0.4087502259244195,0.40875831949761654,8.093573197032189e-06
60,26,0.42543091871943517,0.4254310620734187,1.4335398351716933e-07
60,39,0.4202503573855831,0.4202505487545648,1.913689817167885e-07
60,47,0.39900814575297683,0.3990094483113763,1.3025583994741297e-06
60,52,0.4287884200930341,0.4287885869411841,1.668481500183283e-07
60,68,0.42722674554971457,0.4272311601851716,4.414635457028471e-06
60,73,0.4196714235304032,0.41967272999916627,1.3064687630626182e-06
60,81,0.42553001632559956,0.4255356356438719,5.61931827236517e-06
60,94,0.4220811528508092,0.422085488677125,4.335826315760016e-06
61,27,0.43768564316274744,0.4376856431629584,2.1094237467877974e-13
61,40,0.4132687287795168,0.41326872877967297,1.5615286841352827e-13
61,48,0.42052335819003833,0.4205233581934283,3.389954983390453e-12
61,53,0.39963949740095683,0.39963949740099053,3.36952687973735e-14
61,69,0.42081606729726573,0.42081606732484245,2.75767186863618e-11
61,74,0.4249801719746871,0.4249801719750673,3.8019587478288486e-13
61,82,0.42391818742977105,0.42391818744065796,1.0886902490625516e-11
61,95,0.4325021012954243,0.4325021012970785,1.654176795540252e-12
62,28,0.4162731729129209,0.4162731729129313,1.0436096431476471e-14
62,41,0.39669271416690394,0.39669271416692525,2.1316282072803006e-14
62,49,0.4333920283110475,0.43339202831105,2.4980018054066022e-15
62,54,0.4105316595324255,0.410531659532853,4.2749137563191653e-13
62,70,0.42142987294669015,0.421429872946703,1.2823075934420558e-14
62,75,0.41414893400587305,0.414148934006339,4.659606034351782e-13
62,83,0.43024405703446195,0.4302440570344755,1.354472090042691e-14
62,96,0.40261223545264246,0.40261223545304986,4.073963388862012e-13
63,29,0.4206121419372964,0.4206121493213513,7.384054923065264e-09
63,42,0.39764637562822114,0.3976464141013457,3.8473124575055806e-08
63,50,0.4108686480954374,0.41086865515840415,7.06296676700191e-09
63,55,0.4024801719326691,0.40248030055760703,1.286249379228721e-07
63,71,0.43419007585553965,0.43419008381585505,7.960315406840834e-09
63,76,0.4105916469373441,0.4105918634194378,2.1648209369562466e-07
63,84,0.4230690422340464,0.4230691110594073,6.882536091046276e-08
63,97,0.42419272861004265,0.4241929787579319,2.5014788923583e-07
64,30,0.4121299797922612,0.41213011789500936,1.381027481817121e-07
64,43,0.41470804571374836,0.41470825213137075,2.0641762238371442e-07
64,51,0.4239802382484926,0.42398154244288067,1.304194388040969e-06
64,56,0.4336285466990623,0.4336287108736985,1.641746361635832e-07
64,72,0.4113722492530554,0.41137667001695377,4.4207638983939646e-06
64,77,0.41257866659535214,0.41257998033661913,1.3137412669950166e-06
64,85,0.41652816306628104,0.41653377878427816,5.615717997120573e-06
64,98,0.423781490380443,0.42378592210529226,4.43172484926313e-06
65,31,0.40964018016991993,0.40964018084555315,6.756332160406942e-10
65,44,0.4218786185979197,0.4218786192118065,6.138868302585365e-10
65,52,0.39492086991259556,0.39492087495138317,5.038787609379369e-09
65,57,0.4094620860459375,0.4094620862127866,1.6684914561082564e-10
65,73,0.4325908266607641,0.4325908452327506,1.8571986504234417e-08
65,78,0.43290215030832596,0.43290215143654365,1.1282176859417348e-09
65,86,0.41255848171281506,0.41255849175238374,1.003956867640099e-08
65,99,0.395433650724007,0.39543365421306587,3.489058875150164e-09
66,32,0.43415939120245717,0.4341593912024812,2.403632848313464e-14
66,45,0.42907480680702986,0.42907480680707405,4.418687638008123e-14
66,53,0.4054129032718073,0.4054129032718131,5.828670879282072e-15
66,58,0.4257851123920631,0.42578511239227496,2.1183055309847987e-13
66,74,0.4202948181487948,0.42029481814885195,5.71209746169643e-14
66,79,0.3988227076524838,0.39882270765266126,1.7746915048633127e-13
66,87,0.4238462844114309,0.42384628441145444,2.353672812205332e-14
66,100,0.4405408231584711,0.44054082315860216,1.3106182805699973e-13
67,33,0.41801741396690034,0.4180174192003935,5.23349313885646e-09
67,46,0.4112272191904833,0.4112272512050838,3.201460052615346e-08
67,54,0.44447572050518724,0.4444757248517119,4.346524640208571e-09
67,59,0.40827274715010875,0.4082728713483827,1.2419827394305472e-07
67,75,0.41852681552720467,0.4185268202666162,4.739411529897097e-09
67,80,0.4274052400964282,0.42740545322661766,2.1313018944146833e-07
67,88,0.42061790019963546,0.4206179575431397,5.734350422281764e-08
67,101,0.40249651364176653,0.40249676025850745,2.4661674091763786e-07
68,34,0.387380939408805,0.3873873798642903,6.440455485257068e-06
68,47,0.42240226632207195,0.4224176797180417,1.5413395969776644e-05
68,55,0.4069983775902719,0.4070214918019209,2.3114211648966876e-05
68,60,0.41962845954255834,0.41965103113902,2.2571596461684607e-05
68,76,0.4191400217413101,0.4191843035943805,4.428185307042698e-05
68,81,0.43021871405681195,0.43037547339084103,0.00015675933402908848
68,89,0.39946679306433014,0.3997531700577582,0.00028637699342803913
68,102,0.44941586452627547,0.44982861797052376,0.00041275344424829274
69,35,0.41325257349341005,0.4132525738808143,3.8740427532601984e-10
69,48,0.43338786699973697,0.4333878672074779,2.0774093556497064e-10
69,56,0.42093096740614666,0.4209309715349305,4.128783814838499e-09
69,61,0.41105420507010154,0.41105420515244245,8.234091186665182e-11
69,77,0.419080493184638,0.41908051207729086,1.8892652831059564e-08
69,82,0.4106347637344206,0.41063476457468207,8.402614715130596e-10
69,90,0.4195710317373075,0.41957104211474533,1.0377437853481553e-08
69,103,0.4073725156002321,0.4073725183672882,2.7670561397741267e-09
70,36,0.4244430849137061,0.4244430849142906,5.845324224651449e-13
70,49,0.4281343970107202,0.4281343970108552,1.3500311979441904e-13
70,57,0.44327355228638754,0.44327355228842147,2.0339285811132868e-12
70,62,0.42597942173245346,0.4259794217327828,3.293476602550527e-13
70,78,0.3983937606782633,0.39839376068607335,7.810030400179357e-12
70,83,0.41680386227640237,0.4168038622767809,3.785305402459471e-13
70,91,0.4250565959629993,0.42505659596527096,2.271682841836764e-12
70,104,0.4100911936922228,0.4100911936927592,5.364042543476444e-13
71,37,0.4094750030306648,0.40947500321202196,1.8135715151856857e-10
71,50,0.41958529674212397,0.4195852973660538,6.239298522281445e-10
71,58,0.4151414890650465,0.4151414891416663,7.661982159845593e-11
71,63,0.4129908516353173,0.4129908544229997,2.787682418237125e-09
71,79,0.4168860009399143,0.4168860010034804,6.35660968306695e-11
71,84,0.41430589099941795,0.41430589417045766,3.1710397085937814e-09
71,92,0.41819972169218356,0.4181997222931617,6.009781561289174e-10
71,105,0.4125714263292063,0.41257142913250855,2.803302256992879e-09
72,38,0.4217011016168378,0.4217083308060224,7.2291891845543965e-06
72,51,0.4296035318290334,0.4296193419818551,1.5810152821704726e-05
72,59,0.4210009139058337,0.421023810748505,2.2896842671260575e-05
72,64,0.431261073747301,0.43128419668801415,2.3122940713160567e-05
72,80,0.4215793357454186,0.42162406110341977,4.472535800115196e-05
72,85,0.4459108855619426,0.4460712472933509,0.00016036173140832055
72,93,0.4192228278041496,0.4195046356259318,0.00028180782178222064
72,106,0.4296936017202169,0.4301145631480683,0.0004209614278513629
73,39,0.41963553956348765,0.41963567466470225,1.3510121460447166e-07
73,52,0.42611597661428613,0.42611609439137527,1.1777708913696117e-07
73,60,0.41754321345908213,0.41754442762197164,1.2141628895068202e-06
73,65,0.41215166871859055,0.4121517300409004,6.132230984112752e-08
73,81,0.41273380496173556,0.4127375445759892,3.7396142536505472e-06
73,86,0.4254542470917268,0.4254547004281468,4.533364200143275e-07
73,94,0.40457263038406394,0.4045755076614955,2.877277431589942e-06
73,107,0.41403931057695126,0.414040530418271,1.2198413197328506e-06
74,40,0.43534223938715405,0.4353422393871951,4.1022740759899534e-14
74,53,0.42080157627338755,0.4208015762733962,8.659739592076221e-15
74,61,0.44754550574329455,0.44754550574364804,3.5349501104064984e-13
74,66,0.4167121096911851,0.41671210969121175,2.6645352591003757e-14
74,82,0.4175908981205126,0.4175908981233741,2.8614888236688785e-12
74,87,0.41443216138861766,0.41443216138864203,2.4369395390522186e-14
74,95,0.417848598574187,0.41784859857461987,4.3287595730134854e-13
74,108,0.4091823023547206,0.4091823023547546,3.402833570476105e-14
75,41,0.4298873812363597,0.4298873812470755,1.0715761611379548e-11
75,54,0.40490299964197807,0.4049029998189232,1.769451252187082e-10
75,62,0.42205526232456353,0.42205526233237567,7.812139823926145e-12
75,67,0.41557386695440235,0.41557386845444716,1.5000448105872977e-09
75,83,0.4169904675619398,0.4169904675692401,7.300271498422717e-12
75,88,0.4225651836063483,0.42256518531973886,1.7133905405586347e-09
75,96,0.4291800602867501,0.4291800604551207,1.6837059524377196e-10
75,109,0.4209876985429204,0.4209877000206047,1.4776843082486835e-09
76,42,0.42631070978351876,0.42631121909287806,5.093093592978271e-07
76,55,0.4214055716642638,0.42140922918683343,3.657522569644467e-06
76,63,0.39176560513564895,0.39176641019259434,8.050569453854628e-07
76,68,0.42783904027641473,0.4278478447007853,8.80442437056761e-06
76,84,0.40456768312425995,0.40456862309498537,9.399707254220679e-07
76,89,0.42759311467764877,0.427610240231542,1.7125553893215795e-05
76,97,0.43649110664066293,0.436498777822871,7.671182208068839e-06
76,110,0.4100828119064122,0.41010396843984065,2.115653342843471e-05
77,43,0.41114111156182365,0.4111412562741348,1.4471231113422078e-07
77,56,0.41359588463814345,0.4135959997406132,1.1510246972212812e-07
77,64,0.42383118642909207,0.4238324040862003,1.2176571082544996e-06
77,69,0.4073181149381622,0.40731817366285905,5.8724696827550105e-08
77,85,0.41469722060524583,0.41470096125261435,3.7406473685219765e-06
77,90,0.41809370898554005,0.41809418877331855,4.797877785067683e-07
77,98,0.4237698490335116,0.4237727922715121,2.9432380004856817e-06
77,111,0.41047797991512425,0.41047924901174926,1.2690966250117341e-06
78,44,0.40348382052347687,0.4034838207584342,2.3495733136869035e-10
78,57,0.42766711871502266,0.4276671187795799,6.45572484359036e-11
78,65,0.4105356766073186,0.41053567763760296,1.0302843578280374e-09
78,70,0.4236999253519816,0.4236999253711261,1.9144519303182506e-11
78,86,0.4162198464686495,0.4162198500500125,3.581362983950953e-09
78,91,0.4147189300642188,0.4147189301391037,7.488493158902543e-11
78,99,0.4291222400835795,0.42912224136493626,1.2813567429326156e-09
78,112,0.43679814566194236,0.4367981458609675,1.9902512971015085e-10
79,45,0.41420651417156734,0.41420651417230814,7.407963131811357e-13
79,58,0.42157490602729925,0.4215749060320565,4.7572501493675645e-12
79,66,0.42932108126689184,0.42932108126730073,4.0889513996944515e-13
79,71,0.4284793095889639,0.42847930961410347,2.5139557102704657e-11
79,87,0.43266337304549835,0.4326633730458187,3.203548537555889e-13
79,92,0.43517003648743796,0.4351700365091556,2.1717627696205e-11
79,100,0.4226386018472005,0.42263860185010316,2.9026780978824718e-12
79,113,0.41394687894432614,0.4139468789599307,1.5604573189165194e-11
80,46,0.4175683141892676,0.4175688044134348,4.90224167204456e-07
80,59,0.4005561383414368,0.4005596223499469,3.4840085101350837e-06
80,67,0.41925518098159603,0.4192559529327719,7.719511758708109e-07
80,72,0.4001255774971205,0.40013427713957067,8.699642450149536e-06
80,88,0.40853839685216387,0.40853928913200493,8.922798410693211e-07
80,93,0.42914627445947956,0.4291624811609129,1.6206701433318926e-05
80,101,0.39333390808322033,0.3933413785581177,7.4704748973530855e-06
80,114,0.4406845673301177,0.4407047504580902,2.0183127972528414e-05
81,47,0.4120437155323658,0.4120601167532033,1.6401220837514163e-05
81,60,0.4183657095484488,0.41838963150852354,2.3921960074724247e-05
81,68,0.41089070078515905,0.41103199928135675,0.00014129849619770596
81,73,0.4276457196092921,0.4276621762369746,1.64566276825151e-05
81,89,0.4209210243428195,0.4212124946549365,0.0002914703121169593
81,94,0.42562202072857797,0.4257624447233652,0.0001404239947872532
81,102,0.42321386647130743,0.42362228611868,0.0004084196473725932
81,115,0.42552556181440143,0.4258001395419423,0.00027457772754085896
82,48,0.4132734974964881,0.4132734975729144,7.642625421411253e-11
82,61,0.42566794775230066,0.4256679477825993,3.02986524758353e-11
82,69,0.44094926915437077,0.44094926995166933,7.972985605064764e-10
82,74,0.4065777627008248,0.40657776270920243,8.377631921518969e-12
82,90,0.3973380163713851,0.3973380201360043,3.764619171953143e-09
82,95,0.39872903349010985,0.3987290335273338,3.722394614769087e-11
82,103,0.4240104202265757,0.42401042123754185,1.0109661441326523e-09
82,116,0.4029382759534583,0.40293827606118954,1.0773121283946807e-10
83,49,0.4347341162918667,0.43473411629188485,1.815214645262131e-14
83,62,0.4199002591592433,0.41990025915930007,5.678790770957676e-14
83,70,0.442354287895367,0.44235428789543213,6.511458039426543e-14
83,75,0.4386226015551474,0.43862260155709004,1.942668248489099e-12
83,91,0.4129216410701194,0.41292164107031465,1.9523271888033378e-13
83,96,0.4219850855477638,0.42198508554945974,1.6959211812661579e-12
83,104,0.42937567775496577,0.4293756777550431,7.732703366514215e-14
83,117,0.4307360469496137,0.430736046950716,1.1022849299990867e-12
84,50,0.4121435307837457,0.41214353899717143,8.213425717329415e-09
84,63,0.41101148048386976,0.41101155023224883,6.97483790723652e-08
84,71,0.41285111963164006,0.4128511288893728,9.25773274706998e-09
84,76,0.4233655550581308,0.4233658096902837,2.5463215291843255e-07
84,92,0.4131275209388902,0.4131275288852625,7.94637228240802e-09
84,97,0.41726810636210315,0.41726840059414705,2.942320438958923e-07
84,105,0.39872034718817023,0.39872041751278325,7.032461302181048e-08
84,118,0.4131681066480632,0.41316835770688703,2.510588238413547e-07
85,51,0.40913214316917546,0.409148486607914,1.6343438738519733e-05
85,64,0.4197031581614819,0.4197269556181312,2.3797456649321536e-05
85,72,0.4234202153449738,0.4235629277457433,0.00014271240076946246
85,77,0.41978133908031723,0.41979774620429144,1.6407123974215843e-05
85,93,0.43028659086537546,0.43056377822071995,0.00027718735534448813
85,98,0.41577815116591227,0.41592037556998684,0.0001422244040745757
85,106,0.43892957526769055,0.4393308951676202,0.0004013198999296419
85,119,0.40804735819687515,0.40832627755127426,0.00027891935439910975
86,52,0.40859074470977097,0.4085908040196666,5.930989560587463e-08
86,65,0.42385556950361913,0.4238556004321969,3.092857775444102e-08
86,73,0.434035666338815,0.43403611142401494,4.4508519991826034e-07
86,78,0.44276005056678097,0.4427600621544066,1.1587625636799714e-08
86,94,0.39465736623790704,0.39465880369082057,1.4374529135330327e-06
86,99,0.4186454897644119,0.4186455294721084,3.970769651973072e-08
86,107,0.42121842444359686,0.4212190341652154,6.09721618527459e-07
86,120,0.41833668796957657,0.4183367781314912,9.01619146564947e-08
87,53,0.4212015734975861,0.42120157349758974,3.6637359812630166e-15
87,66,0.41581257021492674,0.4158125702149479,2.1149748619109232e-14
87,74,0.41697345158164356,0.41697345158168386,4.030109579389318e-14
87,79,0.42757065086024143,0.4275706508603665,1.2506662372402388e-13
87,95,0.424672977903485,0.4246729779036626,1.775801727887938e-13
87,100,0.40638545351349326,0.40638545351358546,9.220402219511925e-14
87,108,0.42183456882635634,0.42183456882637116,1.482147737874584e-14
87,121,0.4316290483742943,0.43162904837434973,5.545564008002657e-14
88,54,0.43989035202365895,0.43989035705986923,5.036210282138853e-09
88,67,0.4183316157019995,0.4183316736566375,5.7954637977530865e-08
88,75,0.42400585573188176,0.42400586122336587,5.491484100783595e-09
88,80,0.42328437094398863,0.42328461888959446,2.4794560582463987e-07
88,96,0.4302490920394024,0.4302490968341032,4.794700747545733e-09
88,101,0.42481071209370425,0.42481099899873825,2.869050340081891e-07
88,109,0.42145621790439575,0.4214562750174493,5.711305356426166e-08
88,122,0.4381927779414453,0.43819302312872005,2.451872747610828e-07
89,55,0.4263191520119498,0.4263673393380878,4.818732613798282e-05
89,68,0.4266290659933621,0.4269196531439148,0.00029058715055269024
89,76,0.4389623381254182,0.4390547235955241,9.238547010592679e-05
89,81,0.4220581219131209,0.42238666200178465,0.0003285400886637313
89,97,0.42851703625491017,0.42862332763083033,0.00010629137592016447
89,102,0.3958825173059472,0.3967490599181727,0.0008665426122255182
89,110,0.4061723194702748,0.406990030496081,0.0008177110258061893
89,123,0.40158268942510644,0.4026590212972176,0.001076331872111147
90,56,0.42297546626566984,0.42297552726888116,6.10032113157466e-08
90,69,0.40742477060453447,0.40742480173332596,3.112879148892134e-08
90,77,0.42538023860948593,0.4253807134972903,4.7488780435811506e-07
90,82,0.424926292261779,0.42492630392333247,1.166155344511921e-08
90,98,0.41387106886527325,0.41387262807146113,1.55920618788441e-06
90,103,0.420595261726698,0.42059530190178185,4.017508387077484e-08
90,111,0.42324141216770744,0.4232420840607198,6.71893012338387e-07
90,124,0.4288354153083225,0.4288355120387147,9.673039219615376e-08
91,57,0.4163355164785289,0.416335516486922,8.39311953271249e-12
91,70,0.43416960449554926,0.4341696044982216,2.672362331423983e-12
91,78,0.4207947038513705,0.4207947038856039,3.4233393897409314e-11
91,83,0.4368891938417162,0.43688919384307295,1.3567480472431726e-12
91,99,0.42366226037631394,0.4236622604684301,9.211614804272017e-11
91,104,0.4394809782496635,0.4394809782516584,1.9949042417977125e-12
91,112,0.44777763465864123,0.4477776346824456,2.3804347382139213e-11
91,125,0.40036200004024014,0.40036200004364664,3.406497306457368e-12
92,58,0.43056254807380107,0.4305625481396126,6.581152289797387e-11
92,71,0.42376700365974695,0.4237670042587831,5.99036154014243e-10
92,79,0.42648090936049843,0.4264809094150983,5.45998801726455e-11
92,84,0.4221639239258862,0.4221639266429467,2.7170605210180554e-09
92,100,0.4354566473616717,0.4354566474014069,3.973515960709051e-11
92,105,0.42323569699977637,0.42323569940178335,2.4020069822050516e-09
92,113,0.4167960029861455,0.41679600334856565,3.624201494467627e-10
92,126,0.4223897984999105,0.42238980009313176,1.593221277129686e-09
93,59,0.4084613558185004,0.408506032781079,4.467696257859366e-05
93,72,0.4107474124189797,0.4110308085377508,0.0002833961187710954
93,80,0.42421330141654445,0.4243006086264807,8.73072099362715e-05
93,85,0.4158167734400884,0.41613037033126427,0.0003135968911758824
93,101,0.4117785122781933,0.41187931073959255,0.00010079846139926518
93,106,0.41888742848632743,0.41971021533731473,0.0008227868509873004
93,114,0.41352308582638697,0.4142777648888673,0.0007546790624803346
93,127,0.43918995323255994,0.4402055061681901,0.0010155529356301596
94,60,0.4283298259888826,0.4283523861452788,2.25601563962341e-05
94,73,0.4236903209313702,0.4237057737833508,1.545285198056856e-05
94,81,0.4281859459506066,0.4283430629361448,0.0001571169855382193
94,86,0.42674380227322856,0.42675153637654434,7.734103315781837e-06
94,102,0.40879124237835435,0.4092059405505665,0.0004146981722121801
94,107,0.40235099195030566,0.40237324479714187,2.2252846836212647e-05
94,115,0.4447870900339502,0.44505750661836785,0.00027041658441762095
94,128,0.38646551750264474,0.3865076108684517,4.20933658069611e-05
95,61,0.4380630379704349,0.43806303797212387,1.6889822873622506e-12
95,74,0.42542703522549563,0.4254270352259701,4.744538095735606e-13
95,82,0.416071551121575,0.4160715511351755,1.3600509607414324e-11
95,87,0.4145434531971037,0.41454345319722175,1.180722186688854e-13
95,103,0.4305971183288116,0.43059711837192377,4.311218049224408e-11
95,108,0.4035711548975866,0.40357115489774953,1.6292522886374172e-13
95,116,0.4196444332760682,0.4196444332819678,5.899614130555619e-12
95,129,0.40394244216769926,0.40394244216799796,2.9870550477539837e-13
96,62,0.390108857054541,0.3901088570613493,6.808276165060079e-12
96,75,0.4040234167067998,0.4040234168747782,1.6797840896032312e-10
96,83,0.41945258111666595,0.4194525811230283,6.3623550872193846e-12
96,88,0.4358580374700421,0.43585803896421177,1.494169676874435e-09
96,104,0.41482937140131937,0.41482937140719983,5.880462783380835e-12
96,109,0.42723499322572,0.42723499451433117,1.2886111622201213e-09
96,117,0.43448558804622456,0.43448558814188254,9.565798153587934e-11
96,130,0.4300602001584102,0.43006020097182907,8.134188878017312e-10
97,63,0.42773246589102315,0.4277333933583336,9.274673104520126e-07
97,76,0.41840795495422684,0.4184155982356703,7.643281443481253e-06
97,84,0.40455330040022897,0.40455438327194065,1.0828717116884157e-06
97,89,0.39845633976288425,0.3984760019252608,1.966216237653251e-05
97,105,0.42098849697422963,0.4209894335179569,9.365437272923494e-07
97,110,0.40966018629278367,0.409684471472232,2.428517944835784e-05
97,118,0.41904117428756604,0.41904869643339676,7.522145830718419e-06
97,131,0.4045629717343696,0.4045819171232722,1.894538890256925e-05
98,64,0.42019963283316386,0.4202226306159631,2.299778279923892e-05
98,77,0.4337772150163265,0.43379299896005885,1.5783943732361472e-05
98,85,0.39804147528089245,0.3982008147135677,0.00015933943267526507
98,90,0.4387180616250419,0.4387264257098628,8.364084820911e-06
98,106,0.41748981855870443,0.4179078014687872,0.00041798291008277033
98,111,0.44396683436301065,0.4439904795198285,2.3645156817853064e-05
98,119,0.41876466808588547,0.4190463701515871,0.0002817020657016056
98,132,0.40495438157200625,0.4049990489269229,4.466735491664986e-05
99,65,0.4082846839274511,0.40828468755026043,3.6228093303058984e-09
99,78,0.4328510607285768,0.43285106218423186,1.4556550409494662e-09
99,86,0.4421990450543476,0.44219905824621075,1.3191863157402395e-08
99,91,0.41674028837125215,0.41674028861776813,2.465159743003653e-10
99,107,0.41460233344535824,0.4146023651018055,3.1656447241346086e-08
99,112,0.4257342213324093,0.42573422199320154,6.607922542478661e-10
99,120,0.4289810887899588,0.42898109851639316,9.726434380130655e-09
99,133,0.42750385418208114,0.4275038554652578,1.2831766760257324e-09
100,66,0.4110162896506418,0.4110162896509403,2.9848346017047334e-13
100,79,0.41957054217515627,0.41957054217803125,2.874978033418074e-12
100,87,0.4210321583873032,0.42103215838753694,2.337574578348267e-13
100,92,0.43204846332353936,0.4320484633392441,1.5704770817137614e-11
100,108,0.4271875009348224,0.4271875009350403,2.1793677973391823e-13
100,113,0.43006640059348783,0.4300664006047738,1.1285972156827029e-11
100,121,0.41049876082259645,0.4104987608238231,1.2266299087571042e-12
100,134,0.4125393363945133,0.4125393364010878,6.574518707225252e-12
101,67,0.40796222634866125,0.40796311849159483,8.921429335839726e-07
101,80,0.41311226563452424,0.41311971652491747,7.450890393223553e-06
101,88,0.4190126179261077,0.41901364911636396,1.0311902562398778e-06
101,93,0.4335600983146605,0.43357877865988564,1.868034522511941e-05
101,109,0.40722491593385884,0.4072257955422245,8.796083656448239e-07
101,114,0.4240392929364064,0.42406255276911464,2.3259832708233397e-05
101,122,0.4248568318082151,0.42486418731117587,7.35550296077081e-06
101,135,0.41139868585330586,0.411417259212813,1.8573359507167986e-05
102,68,0.4151297971099417,0.42191326309020016,0.006783465980258474
102,81,0.4097981790396386,0.4166808933598919,0.00688271432025328
102,89,0.4337853021364391,0.4480087120966689,0.014223409960229805
102,94,0.4087042768432751,0.4155073413546801,0.006803064511404999
102,110,0.41255708122980106,0.4330872392076024,0.020530157977801333
102,115,0.4017583673278495,0.4150741880226498,0.013315820694800307
102,123,0.42188197761912555,0.505831215145635,0.08394923752650946
102,136,0.39850127405547897,0.41849632322671254,0.01999504917123357
103,69,0.4292756374992028,0.42927564035537796,2.85617518525072e-09
103,82,0.430032163210244,0.430032164309843,1.099598967435611e-09
103,90,0.42003596983276,0.42003598349832016,1.366556018345122e-08
103,95,0.414336462920615,0.4143364630523797,1.3176471025388992e-10
103,111,0.402299874059658,0.4022999070678176,3.3008159594505315e-08
103,116,0.4163899881587135,0.4163899885403312,3.816177374105223e-10
103,124,0.4347534714427758,0.4347534798823538,8.439577980912105e-09
103,137,0.39780199823651613,0.39780199899865804,7.621419051417888e-10
104,70,0.4250226998924109,0.42502269989261743,2.0650148258027912e-13
104,83,0.43230211276516745,0.4323021127653522,1.8474111129762605e-13
104,91,0.42465920972440596,0.42465920972503424,6.282752096353761e-13
104,96,0.4278886773037018,0.4278886773087135,5.01171326661165e-12
104,112,0.4113846874674265,0.4113846874688981,1.471600619140645e-12
104,117,0.4228589376104831,0.4228589376137397,3.2566171981329717e-12
104,125,0.4118057466834881,0.41180574668384307,3.5493830097266255e-13
104,138,0.42168314395392403,0.4216831439556294,1.7053580769754717e-12
105,71,0.4234243759590882,0.4234243839929959,8.033907705762289e-09
105,84,0.4235238647742076,0.4235239342969067,6.952269909765718e-08
105,92,0.3862363903765712,0.3862363972726472,6.896075988027661e-09
105,97,0.4313425326823419,0.43134278552459665,2.528422547443121e-07
105,113,0.40620692961818555,0.40620693439522493,4.777039375181147e-09
105,118,0.41535862203086843,0.41535883777571236,2.1574484393438453e-07
105,126,0.4347683973540584,0.43476843624343703,3.8889378606299374e-08
105,139,0.41588222535325037,0.41588235343856506,1.2808531468788686e-07
106,72,0.42656136949432993,0.4334962401137518,0.0069348706194218845
106,85,0.4039112964902809,0.41070869804226173,0.006797401551980831
106,93,0.4153096143577541,0.4288696647802694,0.01356005042251529
106,98,0.4311131975771357,0.4380026095368174,0.006889411959681735
106,114,0.4015123847940181,0.42114841587637813,0.01963603108236006
106,119,0.41652651577501343,0.43014369838770034,0.013617182612686907
106,127,0.424601757007526,0.5072769256484795,0.08267516864095348
106,140,0.42321930952603065,0.4437257137714125,0.02050640424538186
107,73,0.4295513273462567,0.4295526143047788,1.2869585221397806e-06
107,86,0.42106581716176417,0.4210664714990366,6.54337272421035e-07
107,94,0.41563027546992104,0.4156345149906867,4.239520765669802e-06
107,99,0.4149132224513161,0.4149133332727761,1.1082145995322534e-07
107,115,0.4181279033596038,0.4181358854300522,7.982070448386835e-06
107,120,0.3873067396089398,0.3873069921944308,2.525854910229164e-07
107,128,0.408061838223959,0.4080650021627015,3.1639387425008714e-06
107,141,0.43028780067565203,0.43028820770742165,4.070317696225345e-07
108,74,0.435903858771846,0.4359038587718716,2.5590640717609858e-14
108,87,0.429238870345508,0.42923887034551683,8.826273045769994e-15
108,95,0.40840583311348894,0.4084058331135995,1.1057821325266559e-13
108,100,0.42643970556948596,0.426439705569543,5.706546346573305e-14
108,116,0.43049899033434075,0.430498990334661,3.202438314531264e-13
108,121,0.41696956462386475,0.4169695646238989,3.4139358007223564e-14
108,129,0.40373006207922446,0.4037300620792376,1.3156142841808105e-14
108,142,0.4301263719684652,0.43012637196848164,1.6431300764452317e-14
109,75,0.4249690303757983,0.424969035049433,4.673634701468643e-09
109,88,0.4116248950642652,0.41162495162000307,5.6555737870667144e-08
109,96,0.4220375809305646,0.4220375850112063,4.08064171342204e-09
109,101,0.42841073592401724,0.4284109791967272,2.432727099765941e-07
109,117,0.396495560778513,0.3964955634273259,2.6488128912482978e-09
109,122,0.4187864663655677,0.4187866742682454,2.079026776846682e-07
109,130,0.43530197031611245,0.43530200061271274,3.029660028408543e-08
109,143,0.4198263406481122,0.41982646331969375,1.2267158155943036e-07
110,76,0.4052848920418575,0.4054154907320276,0.00013059869017006953
110,89,0.45365386327539814,0.4545194578381407,0.0008655945627425443
110,97,0.40986944975893463,0.41001969071968325,0.00015024096074861548
110,102,0.4434167067577355,0.4446819378308952,0.0012652310731597338
110,118,0.4120633908522239,0.41219179423826385,0.00012840338603997692
110,123,0.41236595958428485,0.41393751154714714,0.0015715519628622943
110,131,0.4236826570579177,0.4245073981820212,0.000824741124103523
110,144,0.4375227056029177,0.43879237438991264,0.0012696687869949153
111,77,0.44333013516398667,0.4433314845784427,1.3494144560088905e-06
111,90,0.43092510938207934,0.43092583066486984,7.212827904945485e-07
111,98,0.4207781463444118,0.4207826730284201,4.526684008299142e-06
111,103,0.3929623225198877,0.3929624340715849,1.1155169715726387e-07
111,119,0.419214065337269,0.41922254252515956,8.477187890543192e-06
111,124,0.41166319085263325,0.4116634599426903,2.6909005707009825e-07
111,132,0.42066755476758033,0.4206709797507801,3.424983199773468e-06
111,145,0.4193568532645962,0.4193572836328781,4.3036828190068377e-07
112,78,0.43142041483639243,0.4314204149326221,9.622969088241007e-11
112,91,0.4264082810530718,0.4264082810788967,2.5824897775805766e-11
112,99,0.41327713846598635,0.4132771387268946,2.6090823945779107e-10
112,104,0.42803306514852435,0.4280330651537144,5.190070595517682e-12
112,120,0.42258622756027686,0.42258622808053375,5.2025689312174e-10
112,125,0.4187624362991939,0.4187624363081623,8.968381592922015e-12
112,133,0.414307305350782,0.41430730547447325,1.2369127944111824e-10
112,146,0.438443469027087,0.43844346904141596,1.432898244502212e-11
113,79,0.4088392842216861,0.40883928425966803,3.798195091775369e-11
113,92,0.41925211475446933,0.4192521151093764,3.5490704819451935e-10
113,100,0.4184220637642753,0.418422063791921,2.7645663536191023e-11
113,105,0.4082247147101353,0.40822471635144164,1.6413063685938312e-09
113,121,0.3920327705145557,0.3920327705303343,1.5778600648275187e-11
113,126,0.41507208801572637,0.41507208910488635,1.0891599844242705e-09
113,134,0.4170428724118898,0.41704287255199696,1.4010714810552827e-10
113,147,0.41418174672704916,0.41418174726414914,5.370999756060257e-10
114,80,0.4305095452314787,0.430633471902824,0.0001239266713453091
114,93,0.42265804095174275,0.4234551118626672,0.0007970709109244578
114,101,0.416663307883432,0.41680637429655804,0.0001430664131260584
114,106,0.4106589452969888,0.41186353369034095,0.001204588393352135
114,122,0.4266322218003016,0.426754414986834,0.0001221931865323933
114,127,0.4375863340116924,0.4390731473717877,0.0014868133600953182
114,135,0.4155024949532499,0.4162986282835366,0.0007961333302866636
114,148,0.39628988633525736,0.3974990767057092,0.0012091903704518625
115,81,0.3962658079897354,0.39657350186408463,0.00030769387434925743
115,94,0.3942900111366466,0.39456052396950825,0.00027051283286166905
115,102,0.4093119934543467,0.4101223261435862,0.000810332689239468
115,107,0.4352138126599501,0.4352573703271262,4.355766717611953e-05
115,123,0.4218159342384622,0.42282244861980267,0.001006514381340473
115,128,0.4121943955143245,0.41227681289612667,8.241738180214675e-05
115,136,0.42408624839182857,0.42483355693117025,0.0007473085393416845
115,149,0.4177816104761513,0.4178812118568573,9.960138070597147e-05
116,82,0.4353071154743243,0.4353071155154154,4.109107498706521e-11
116,95,0.418993364186789,0.4189933641930332,6.244171846248037e-12
116,103,0.4028801999374439,0.4028802000676845,1.302405960856845e-10
116,108,0.404902372461023,0.4049023724615159,4.928835117823382e-13
116,124,0.4263373176496857,0.42633731794433904,2.9465335726897024e-10
116,129,0.40150816248032173,0.4015081624812249,9.031664305325648e-13
116,137,0.4248405100374521,0.4248405100728567,3.5404623677237623e-11
116,150,0.4264338045516391,0.42643380455313024,1.4911405443740477e-12
117,83,0.42736007643611834,0.4273600764402036,4.085232152561957e-12
117,96,0.4309503526390524,0.43095035273335625,9.430384251274404e-11
117,104,0.420861857240303,0.42086185724408237,3.779365709277727e-12
117,109,0.42266121588800787,0.4226612167173996,8.293917219681646e-10
117,125,0.39618719063277075,0.39618719063678615,4.015399124313035e-12
117,130,0.414973317998945,0.4149733185224513,5.235062938702129e-10
117,138,0.43394134960722847,0.43394134963941877,3.219030597634287e-11
117,151,0.4219919671734746,0.4219919674099642,2.3648960567612676e-10
118,84,0.42318634119717147,0.42318726574729376,9.245501222943098e-07
118,97,0.4164471990643002,0.41645474065838933,7.541594089111037e-06
118,105,0.4212207255257602,0.4212215251341723,7.99608412149766e-07
118,110,0.42276067231673764,0.42278146624799184,2.0793931254203812e-05
118,126,0.4224663735319265,0.42246687478992206,5.012579955554486e-07
118,131,0.44206090518435476,0.442077123619223,1.6218434868264797e-05
118,139,0.4499145119676432,0.4499180225223842,3.5105547410152482e-06
118,152,0.42897763985751497,0.4289863345104788,8.694652963825433e-06
119,85,0.4039997765376845,0.4043147379431099,0.00031496140542541795
119,98,0.4316732050044893,0.43195678943137183,0.0002835844268825327
119,106,0.41187952402593875,0.41270544440169493,0.0008259203757561839
119,111,0.4344763124372047,0.4345229302394304,4.661780222570133e-05
119,127,0.44980771952395837,0.450827140339555,0.0010194208155966389
119,132,0.4216935091196652,0.4217816149655908,8.810584592561232e-05
119,140,0.4113650013102484,0.4121527099803176,0.0007877086700692204
119,153,0.4432644409818117,0.44336988401831956,0.00010544303650783515
120,86,0.4237115567756416,0.423711587902931,3.112728941268017e-08
120,99,0.40612063709929874,0.40612064751621363,1.0416914886235418e-08
120,107,0.42498672766339024,0.42498680269387645,7.503048621293473e-08
120,112,0.41823919448829056,0.41823919596344705,1.4751564969550657e-09
120,128,0.4309064536779079,0.43090657856732995,1.2488942202626419e-07
120,133,0.4067679755604657,0.4067679784309406,2.8704749133190433e-09
120,141,0.40822362154177494,0.4082236570178817,3.5476106774456895e-08
120,154,0.4100522555190065,0.4100522597715728,4.25256629910109e-09
121,87,0.43451949444732413,0.4345194944474581,1.3394840792102514e-13
121,100,0.4347848535867821,0.434784853587973,1.1908807273641742e-12
121,108,0.4260084560523983,0.42600845605252335,1.2506662372402388e-13
121,113,0.4241529326604394,0.42415293266674453,6.305123090299958e-12
121,129,0.4221394181509488,0.4221394181511126,1.6381340728344185e-13
121,134,0.42650481948830254,0.4265048194919786,3.676059456836356e-12
121,142,0.41606315881571354,0.4160631588160437,3.3018032752352156e-13
121,155,0.4153884818907313,0.41538848189222777,1.4964696148922485e-12
122,88,0.41412541548572573,0.414126295603412,8.801176862860416e-07
122,101,0.43284648904023726,0.43285385415744543,7.365117208169014e-06
122,109,0.4287774857072767,0.4287782364436646,7.507363878889173e-07
122,114,0.4111183270178884,0.4111382171894067,1.9890171518266442e-05
122,130,0.4040522745949949,0.4040527375922839,4.6299728900800474e-07
122,135,0.43214596826524637,0.43216184899828425,1.5880733037876293e-05
122,143,0.4203039708802578,0.42030739919009336,3.4283098355736286e-06
122,156,0.4042150928941959,0.4042233543177493,8.261423553423963e-06
123,89,0.4496031878699188,0.4641333253403151,0.014530137470396276
123,102,0.41775310542004684,0.49489934598439567,0.07714624056434882
123,110,0.41408980850814614,0.4350408110298927,0.020951002521746587
123,115,0.4166256952213673,0.4302301086268349,0.013604413405467641
123,131,0.4073416271474245,0.4211035556960257,0.013761928548601199
123,136,0.40955890316332794,0.42996463993685874,0.020405736773530803
123,144,0.42245919950882604,0.499733667843589,0.07727446833476298
123,157,0.42352531014096784,0.4376967705961069,0.014171460455139062
124,90,0.4145939187875458,0.41459395291832263,3.413077681591048e-08
124,103,0.43128513200544233,0.4312851409702194,8.964777087339115e-09
124,111,0.4314198470652754,0.43141992970372184,8.263844641920315e-08
124,116,0.40758755147119374,0.40758755240685923,9.35665489532056e-10
124,132,0.4279870041697907,0.42798714156413653,1.3739434584492116e-07
124,137,0.41095243175288265,0.4109524336219627,1.8690800573928357e-09
124,145,0.4058715167461243,0.4058715498268779,3.3080753580883027e-08
124,158,0.41181047615324856,0.4118104789017095,2.7484609588235287e-09
125,91,0.4250339076973819,0.42503390769884897,1.4670487047396819e-12
125,104,0.4353766320839634,0.43537663208449406,5.306866057708248e-13
125,112,0.42095960808153104,0.4209596080849784,3.4473535137635736e-12
125,117,0.4163985606447343,0.4163985606520072,7.272904500865707e-12
125,133,0.40678699255604345,0.4067869925622896,6.246170247692362e-12
125,138,0.42429928975089265,0.4242992897547038,3.811173598933237e-12
125,146,0.4291764487419207,0.42917644874314703,1.226352353000948e-12
125,159,0.4391125675829905,0.4391125675843984,1.4079293286783923e-12
126,92,0.4129886519845295,0.41298865634167387,4.3571443675283206e-09
126,105,0.43230264283632813,0.43230268069382866,3.785750052331949e-08
126,113,0.4035783606880288,0.4035783637075455,3.019516692237545e-09
126,118,0.4024572704010634,0.40245740380866174,1.3340759835722693e-07
126,134,0.4544661506507446,0.45446615230272047,1.651975889416235e-09
126,139,0.4078068130949814,0.4078068923464341,7.925145267817513e-08
126,147,0.41213960089612306,0.41213961184947207,1.0953349005582425e-08
126,160,0.41101660781926896,0.4110166408053845,3.298611556123987e-08
127,93,0.42772353603940644,0.44156301479505145,0.013839478755645007
127,106,0.4066750273200992,0.48291090718404867,0.07623587986394947
127,114,0.4133246473033711,0.43334608785621453,0.02002144055284344
127,119,0.4201457799050688,0.4340440481287094,0.013898268223640597
127,135,0.40092078829129446,0.4147846220431135,0.013863833751819044
127,140,0.4320913860916428,0.4529986381173339,0.020907252025691048
127,148,0.4109712457213116,0.4873271398095365,0.07635589408822491
127,161,0.42942837861538885,0.4435061393093965,0.014077760694007624
128,94,0.42520589035810286,0.4252141007402866,8.210382183737597e-06
128,107,0.43127076209365933,0.4312741210571096,3.358963450272867e-06
128,115,0.44022565122256313,0.4402411279026072,1.5476680044090863e-05
128,120,0.4199728610147149,0.41997332797255604,4.6695784111649985e-07
128,136,0.41275300554098554,0.4127726946165596,1.968907557403643e-05
128,141,0.39899122102593493,0.3989919743087837,7.532828487644139e-07
128,149,0.4321913886359296,0.43219866482325114,7.276187321547667e-06
128,162,0.42335870146852406,0.42335959665848094,8.951899568843125e-07
129,95,0.4277476627168149,0.42774766271687004,5.512257317263902e-14
129,108,0.4201904081800772,0.420190408180081,3.83026943495679e-15
129,116,0.4120682649285844,0.41206826492874365,1.592614928824787e-13
129,121,0.4100735901222308,0.41007359012224703,1.6209256159527285e-14
129,137,0.42875588577527796,0.42875588577559504,3.170796958329447e-13
129,142,0.39420714845185945,0.39420714845186866,9.2148511043888e-15
129,150,0.40982648892850954,0.4098264889285198,1.0269562977782698e-14
129,163,0.41612464604201727,0.4161246460420196,2.3314683517128287e-15
130,96,0.41137515756392706,0.41137516006763886,2.503711793444552e-09
130,109,0.41032395916845227,0.4103239888524913,2.9684039004607143e-08
130,117,0.41540156442277465,0.4154015660480542,1.625279577588401e-09
130,122,0.4184115751918112,0.41841170186264554,1.2667083432171822e-07
130,138,0.4178978750534706,0.4178978759004293,8.469587253756572e-10
130,143,0.40847031837854897,0.40847039316598216,7.478743319078163e-08
130,151,0.41006843017833783,0.41006843832518497,8.146847141343727e-09
130,164,0.41352428951158476,0.41352431886396335,2.9352378583258343e-08
131,97,0.41687920142017754,0.41698009110317796,0.00010088968300042689
131,110,0.4289542939265527,0.4297286956587582,0.0007744017322054986
131,118,0.40785515285575763,0.40794137117422363,8.621831846600259e-05
131,123,0.41169009265961004,0.4127081759508869,0.001018083291276839
131,139,0.42222333616077634,0.4222676850885965,4.4348927820181405e-05
131,144,0.41876872371766966,0.4195912452131124,0.0008225214954427629
131,152,0.39967167525917585,0.39995223207810254,0.0002805568189266916
131,165,0.4116087900689845,0.41192752865106097,0.0003187385820764832
132,98,0.4316248122951249,0.43163356416210386,8.75186697896213e-06
132,111,0.4191265696141334,0.4191302039861561,3.6343720226650333e-06
132,119,0.4288836106540711,0.4289000218715605,1.6411217489409324e-05
132,124,0.42496287989470116,0.42496338076572115,5.008710199927435e-07
132,140,0.42198565090172896,0.4220065138863955,2.0862984666525364e-05
132,145,0.43297154122426795,0.4329723426737313,8.014494633501457e-07
132,153,0.4184660831644017,0.418473884672602,7.801508200289131e-06
132,166,0.44478564059622766,0.44478657301167074,9.324154430778719e-07
133,99,0.43416793895336114,0.4341679394733185,5.199573549496961e-10
133,112,0.4186041795191766,0.4186041796479569,1.287802642302438e-10
133,120,0.41945250948242785,0.4194525105211729,1.0387450344317983e-09
133,125,0.42091084249313115,0.4209108425103946,1.7263468432560103e-11
133,141,0.4190966530482804,0.419096654630753,1.5824725974056264e-09
133,146,0.4110326370526706,0.4110326370803239,2.7653268563909705e-11
133,154,0.4397122501057748,0.43971225046102363,3.552488303526502e-10
133,167,0.4144168738847378,0.4144168739219517,3.721389862931801e-11
134,100,0.42125032859030975,0.4212503286055392,1.5229428829144354e-11
134,113,0.39663017139915374,0.39663017153432056,1.3516682217940001e-10
134,121,0.42463680445891894,0.4246368044676189,8.699985176718883e-12
134,126,0.4270004307119814,0.4270004312943575,5.823760917955667e-10
134,142,0.4219855321554433,0.4219855321594585,4.01517707970811e-12
134,147,0.40827612392325036,0.40827612421098064,2.877302840431639e-10
134,155,0.4236039663016329,0.4236039663298862,2.825328859756837e-11
134,168,0.42863812748952557,0.42863812759446646,1.0494088931167767e-10
135,101,0.4284679983182705,0.4285688673360532,0.00010086901778272317
135,114,0.42457288254665204,0.4253289206642668,0.0007560381176147657
135,122,0.4358549479150778,0.435941097385989,8.614947091123426e-05
135,127,0.42214228035065265,0.4231603126585055,0.0010180323078528564
135,143,0.4168768021469817,0.41692130453756854,4.4502390586842466e-05
135,148,0.43067836358769823,0.4315063100462525,0.000827946458554274
135,156,0.4139531872967378,0.4142221800358759,0.0002689927391381075
135,169,0.42486848952842193,0.425183313873319,0.0003148243448970467
136,102,0.4526899178526622,0.4539216480118799,0.001231730159217681
136,115,0.43002039410959547,0.43081425405082235,0.0007938599412268821
136,123,0.4385318525960751,0.44006179408924595,0.0015299414931708721
136,128,0.4011510977664309,0.4012721244132839,0.00012102664685303965
136,144,0.40879324778596443,0.41002929816719824,0.0012360503812338108
136,149,0.41845651971040637,0.4186027871166727,0.0001462674062663316
136,157,0.4110924521289288,0.41191399169304027,0.000821539564111462
136,170,0.4238645311894928,0.4239903309848658,0.0001257997953730272
137,103,0.4302125909396934,0.4302125912042969,2.6460350577295344e-10
137,116,0.4063462340212836,0.40634623405751613,3.62325169867006e-11
137,124,0.41801535442240073,0.41801535502102594,5.98625204961678e-10
137,129,0.42653125162848904,0.4265312516303245,1.83547621546154e-12
137,145,0.4127233509960811,0.4127233519345459,9.384648058663458e-10
137,150,0.4238222642820455,0.4238222642850752,3.0296876118995897e-12
137,158,0.41740094807742006,0.4174009481828884,1.0546835627067708e-10
137,171,0.41769042353733266,0.41769042354174224,4.409583809206197e-12
138,104,0.434564102596886,0.43456410259883294,1.9469426071339058e-12
138,117,0.42244152774157956,0.42244152777326605,3.1686486767767974e-11
138,125,0.42070022845738636,0.42070022845946103,2.07467376611703e-12
138,130,0.4455035629133781,0.4455035631849555,2.7157737170213636e-10
138,146,0.3982295847645516,0.39822958476713893,2.587319247737696e-12
138,151,0.4263749730011244,0.4263749731237271,1.2260265025432204e-10
138,159,0.4137036080448635,0.41370360805088324,6.019740261820061e-12
138,172,0.4262168831130753,0.42621688314918826,3.611294596694847e-11
139,105,0.4091333484683631,0.4091337701809438,4.217125807448596e-07
139,118,0.4284937302662091,0.4284970110858883,3.2808196791522803e-06
139,126,0.41145380268461706,0.41145406736131557,2.6467669850260833e-07
139,131,0.42288902992802163,0.4228971433648115,8.11343678985832e-06
139,147,0.4044868557967948,0.4044869680718907,1.1227509594258223e-07
139,152,0.3978635289149546,0.3978678840958087,4.355180854120899e-06
139,160,0.4181609174205923,0.41816158761969224,6.701990999391505e-07
139,173,0.41448420076878284,0.4144855132015366,1.3124327537528124e-06
140,106,0.4290607153718291,0.43031980711827905,0.0012590917464499474
140,119,0.422069930865569,0.42290733747671916,0.000837406611150171
140,127,0.4186254997884498,0.42017958436615177,0.001554084577701953
140,132,0.419553392555964,0.4196831339949479,0.0001297414389838658
140,148,0.4238935232641562,0.42515742519519306,0.0012639019310368704
140,153,0.4222118793718087,0.4223671505168581,0.00015527114504937378
140,161,0.4195624271062396,0.42040981662446353,0.0008473895182239399
140,174,0.44334776767478107,0.44348063554923944,0.00013286787445837556
141,107,0.4210907495689492,0.4210908722151302,1.2264618098889457e-07
141,120,0.43465504424579304,0.4346550806944169,3.644862384133418e-08
141,128,0.41018319545990517,0.4101833997194207,2.0425951552383026e-07
141,133,0.41940473958160784,0.4194047441740058,4.592397961911132e-09
141,149,0.42165752593128936,0.42165777100456664,2.450732772829589e-07
141,154,0.4283966059872727,0.4283966127937683,6.806495589373185e-09
141,162,0.4319589780681473,0.43195904571762894,6.764948162762963e-08
141,175,0.40043618895228245,0.40043619671376024,7.761477793799543e-09
142,108,0.43449291969486226,0.4344929196949196,5.734301922188934e-14
142,121,0.3982658927657274,0.3982658927660427,3.1530333899354446e-13
142,129,0.42128274853836517,0.4212827485384409,7.571721027943568e-14
142,134,0.41933307687874427,0.4193330768803877,1.643407632201388e-12
142,150,0.39498474788633037,0.3949847478864425,1.1213252548714081e-13
142,155,0.4249926658460506,0.4249926658467207,6.700751065125132e-13
142,163,0.40525680911714135,0.4052568091171953,5.395683899678261e-14
142,176,0.4162585425115985,0.4162585425118269,2.2842838731662596e-13
143,109,0.40987964542968075,0.40988003933305517,3.939033744182474e-07
143,122,0.4116556457089858,0.4116588682820064,3.222573020600361e-06
143,130,0.41821435889404923,0.418214601962537,2.430684877818834e-07
143,135,0.4233498153010317,0.42335781541608597,8.00011505425191e-06
143,151,0.4196306457316105,0.4196307492738444,1.0354223389796857e-07
143,156,0.4268049062231691,0.4268090751062227,4.168883053601302e-06
143,164,0.4246647595965081,0.4246653819385854,6.223420772610844e-07
143,177,0.41943994541882546,0.4194411896335678,1.2442147423463723e-06
144,110,0.42549739024943023,0.4460348409383945,0.020537450688964287
144,123,0.43120535283494,0.5151649964968666,0.08395964366192665
144,131,0.4170870192535756,0.4305619775948943,0.013474958341318677
144,136,0.398207221108558,0.4182093862062844,0.0200021650977264
144,152,0.42278720254240515,0.4297674753509012,0.0069802728084960575
144,157,0.41804774726290284,0.43192548685529486,0.013877739592392024
144,165,0.42666181458970226,0.433788552199261,0.007126737609558731
144,178,0.41600862899992286,0.42279952334806215,0.006790894348139287
145,111,0.43875973614257624,0.43875986970783165,1.3356525541130537e-07
145,124,0.4192319094248853,0.4192319431016896,3.36768042896729e-08
145,132,0.4005363134552145,0.40053653563372354,2.2217850903505365e-07
145,137,0.4287060176525216,0.428706020656789,3.0042673904162598e-09
145,153,0.4104977003652,0.4104979652392631,2.6487406307174055e-07
145,158,0.4209320138583922,0.42093201827626897,4.417876786622088e-09
145,166,0.4277228137283965,0.4277228754913325,6.176293598780802e-08
145,179,0.4053053122230925,0.40530531742309733,5.2000048156308765e-09
146,112,0.4257841134518374,0.42578411345791023,6.072808922397144e-12
146,125,0.42566937150026396,0.42566937150167317,1.4092060851567112e-12
146,133,0.4147364977781422,0.4147364977891546,1.101241320355939e-11
146,138,0.4073749147532502,0.40737491475978094,6.5307204089037896e-12
146,154,0.4108692487648047,0.41086924878051717,1.571248686715876e-11
146,159,0.42023013640691337,0.42023013640932616,2.4127921882666215e-12
146,167,0.41034216444935506,0.41034216445220045,2.8453905898118137e-12
146,180,0.4051788613293808,0.40517886133018516,8.043565813409259e-13
147,113,0.4002916709604891,0.40029167226900225,1.3085131311818543e-09
147,126,0.4296093574549565,0.42960936757493934,1.0119982851719556e-08
147,134,0.41712452719864396,0.41712452791603805,7.173940885785157e-10
147,139,0.41661620071154665,0.4166162328274028,3.2115856141157195e-08
147,155,0.41265555915035285,0.4126555594005369,2.5018404015142437e-10
147,160,0.40642306899706043,0.40642308243366193,1.3436601498106882e-08
147,168,0.4433999843476191,0.44339998581153484,1.4639157108753409e-09
147,181,0.4327009296025691,0.4327009335374146,3.934845504982576e-09
148,114,0.39121393816739436,0.4108565918100902,0.01964265364269585
148,127,0.4178263563578734,0.5005108892971332,0.08268453293925976
148,135,0.4375139801254178,0.45110342585870566,0.013589445733287853
148,140,0.4234730425571585,0.44398633513347713,0.02051329257631862
148,156,0.4004098091413928,0.4069147029574024,0.006504893816009605
148,161,0.41729863876367324,0.4310967970369961,0.01379815827332287
148,169,0.4195204574721431,0.42637232271095415,0.006851865238811039
148,182,0.4133357418641196,0.4199836021985984,0.006647860334478839
149,115,0.411649431588677,0.41166813436690824,1.870277823123878e-05
149,128,0.4255157525627037,0.4255230399302225,7.287367518815646e-06
149,136,0.4113345540918177,0.4113583461341486,2.379204233093901e-05
149,141,0.4211073955378316,0.42110830535924115,9.098214095448753e-07
149,157,0.4281409496622293,0.4281600917883465,1.9142126117199787e-05
149,162,0.4269585697771035,0.42695965101987654,1.0812427730377827e-06
149,170,0.4195020773373805,0.4195096240192523,7.546681871806182e-06
149,183,0.4137748803159617,0.41377581736051494,9.370445532286276e-07
150,116,0.4132920835376205,0.4132920835376818,6.13398221105399e-14
150,129,0.42112793107924507,0.42112793107924795,2.886579864025407e-15
150,137,0.42125007154723826,0.4212500715473609,1.2262413306984854e-13
150,142,0.43076529873297537,0.4307652987329771,1.7208456881689926e-15
150,158,0.4240437882213735,0.4240437882215538,1.8030021919912542e-13
150,163,0.4386587620722776,0.4386587620722776,0.0
150,171,0.426963109986899,0.4269631099869044,5.384581669432009e-15
150,184,0.42968811891267833,0.42968811891267833,0.0
151,117,0.4286457379329094,0.42864573861475086,6.818414721720956e-10
151,130,0.4096046492911733,0.40960465699861814,7.707444849014422e-09
151,138,0.43689943454089175,0.43689943489627175,3.5538000320300966e-10
151,143,0.3993027003828953,0.39930273117325676,3.0790361482679884e-08
151,159,0.4149961341414776,0.414996134269187,1.277093986118416e-10
151,164,0.4110593799641278,0.4110593920787908,1.2114662994999748e-08
151,172,0.4015426700037314,0.40154267095675733,9.53025935945817e-10
151,185,0.4299299167634328,0.4299299194680843,2.7046515027606688e-09
152,118,0.4302082099772858,0.4302528464417663,4.463646448049641e-05
152,131,0.4252955726313841,0.4255762280424165,0.00028065541103239333
152,139,0.428545607666912,0.428568574314017,2.2966647104993854e-05
152,144,0.4182242480344545,0.4186510807363311,0.0004268327018766005
152,160,0.413015819338944,0.4130238845143285,8.065175384486256e-06
152,165,0.4204455759532412,0.42061059798742895,0.00016502203418772288
152,173,0.4156791663033785,0.41569533836745975,1.6172064081276805e-05
152,186,0.41404958702721456,0.41407241731420225,2.2830286987685078e-05
153,119,0.4150894498132022,0.41510907625991994,1.9626446717713186e-05
153,132,0.4213493368304323,0.421357137660854,7.800830421678118e-06
153,140,0.42587770007418946,0.4259026476267851,2.4947552595633304e-05
153,145,0.41667950157331907,0.4166804611403823,9.595670632522868e-07
153,161,0.42254436000983847,0.4225641734688554,1.9813459016915225e-05
153,166,0.4050941829140482,0.40509529928230115,1.1163682529513608e-06
153,174,0.4055538133631563,0.40556177619831285,7.962835156527515e-06
153,187,0.4062443430680771,0.4062452965228128,9.534547357192835e-07
154,120,0.4290093834195891,0.4290093849804551,1.560865992011884e-09
154,133,0.4153170249952157,0.415317025358275,3.630593048420394e-10
154,141,0.4352300776163003,0.435230079995349,2.3790487357899792e-09
154,146,0.42572457925909546,0.4257245792998834,4.0787928590191314e-11
154,162,0.42070207665952014,0.4207020794186828,2.7591626761136467e-09
154,167,0.4158361700527395,0.4158361701076422,5.490269350261201e-11
154,175,0.4010921574002038,0.40109215800603143,6.0582761030048e-10
154,188,0.43330574800360233,0.4333057480756993,7.209699504073797e-11
155,121,0.4133673758992208,0.41336737590230194,3.0811464490909657e-12
155,134,0.4078209385225245,0.40782093854816603,2.5641544443288922e-11
155,142,0.3888378755709181,0.38883787557234567,1.4275802762142575e-12
155,147,0.41295876129642534,0.41295876139031357,9.388823052347561e-11
155,163,0.41484672243574805,0.414846722436221,4.729550084903167e-13
155,168,0.4084268519074696,0.4084268519420294,3.455979946664911e-11
155,176,0.39964631566117853,0.39964631566400327,2.8247404415537858e-12
155,189,0.4350429155842817,0.4350429155929545,8.672784712615567e-12
156,122,0.4151874166849355,0.4152289284352239,4.1511750288436566e-05
156,135,0.4122645438012861,0.41252852040004556,0.00026397659875948554
156,143,0.4154832535112981,0.4155047160965402,2.1462585242104648e-05
156,148,0.41273090947873253,0.41312631595110705,0.00039540647237451543
156,164,0.4039009315250042,0.40390796103104276,7.0295060385361374e-06
156,169,0.4271124998334138,0.42726331470579954,0.00015081487238571833
156,177,0.4067311152895657,0.40674545591966255,1.4340630096865148e-05
156,190,0.4312649615107958,0.4312857669287868,2.0805417990987785e-05
157,123,0.4124179032052753,0.41346794733493053,0.0010500441296552032
157,136,0.41894681171883263,0.41972534475290957,0.0007785330340769336
157,144,0.39899357772794986,0.3998419207996771,0.0008483430717272644
157,149,0.43773134211026155,0.4378348492514263,0.00010350714116474924
157,165,0.399505413959634,0.3998335292231568,0.00032811526352277687
157,170,0.42260095229488126,0.4226899693335908,8.901703870956013e-05
157,178,0.44178852471760865,0.44207288827538704,0.00028436355777838873
157,191,0.4166899193358117,0.4167352409113788,4.532157556713656e-05
158,124,0.4212094110585583,0.4212094119460173,8.874589951801681e-10
158,137,0.4307794637218115,0.4307794638284595,1.0664802374549254e-10
158,145,0.4066649801707965,0.4066649815620646,1.39126810072554e-09
158,150,0.4047602712628458,0.4047602712673371,4.491296223818608e-12
158,166,0.4113557445391817,0.41135574614496695,1.6057852270101591e-09
158,171,0.4274268890472576,0.42742688905379533,6.537714813958928e-12
158,179,0.43264841294165207,0.43264841312561725,1.8396517642571553e-10
158,192,0.4305964414821725,0.43059644149893533,1.676281335960539e-11
159,125,0.40342899131357585,0.4034289913143206,7.44737604918555e-13
159,138,0.42796762167226315,0.4279676216781615,5.8983373740773004e-12
159,146,0.45684256041996224,0.4568425604208973,9.35085342490538e-13
159,151,0.4357019463246533,0.43570194636942483,4.477151982484884e-11
159,167,0.428451320009308,0.4284513200104785,1.1704526237110713e-12
159,172,0.42289385674979746,0.4228938567629156,1.3118117703214693e-11
159,180,0.4098990894430055,0.40989908944360653,6.010192343808285e-13
159,193,0.4193708823903223,0.41937088239217035,1.8480772467910356e-12
160,126,0.40215456787816073,0.4021546632030353,9.532487454944061e-08
160,139,0.43423665815629886,0.43423728476201967,6.266057208104137e-07
160,147,0.4189375082969973,0.4189375489022056,4.060520830684311e-08
160,152,0.4090939744741598,0.40909546855261847,1.4940784586747746e-06
160,168,0.42907565014044813,0.4290756618695105,1.1729062387999534e-08
160,173,0.43635416748419836,0.43635462613246956,4.586482711954609e-07
160,181,0.4248193048791578,0.424819339171761,3.42926032015356e-08
160,194,0.43052310923033593,0.430523170699393,6.146905706660988e-08
161,127,0.40615980725238776,0.40719259436639305,0.0010327871140052847
161,140,0.4074185598126794,0.4082164566138207,0.0007978968011413401
161,148,0.4291823804251714,0.43002232669844764,0.0008399462732762708
161,153,0.42143293659308767,0.42153970374385846,0.00010676715077079235
161,169,0.42494378017133627,0.42526352904186365,0.000319748870527381
161,174,0.41388718643685374,0.4139785387500651,9.135231321133475e-05
161,182,0.4105195183271493,0.4107976016207841,0.0002780832936348232
161,195,0.4352300757924397,0.4352772661013965,4.7190308956779337e-05
162,128,0.4064238295673658,0.4064240740447953,2.4447742952293794e-07
162,141,0.4176726784734766,0.41767274698902074,6.851554412712346e-08
162,149,0.4079989086060357,0.4079992019436595,2.9333762380234774e-07
162,154,0.4189912459914451,0.4189912540497555,8.05831040784355e-09
162,170,0.42388943767070064,0.42388968953652095,2.518658203110036e-07
162,175,0.41751827881826636,0.4175182880068862,9.18861980947483e-09
162,183,0.4283339494264333,0.42833402033229423,7.090586090496842e-08
162,196,0.41328437783086974,0.4132843870282519,9.197382133674381e-09
163,129,0.4171573067273934,0.41715730672741885,2.5479618415147343e-14
163,142,0.43109678286874964,0.43109678286879655,4.6906922790412864e-14
163,150,0.44570005177698296,0.4457000517770202,3.7247982476174e-14
163,155,0.41426132067100985,0.41426132067121085,2.010058786083846e-13
163,171,0.4110567049268627,0.41105670492691665,5.395683899678261e-14
163,176,0.38275639606863027,0.3827563960687002,6.994405055138486e-14
163,184,0.4407670166275014,0.4407670166275076,6.217248937900877e-15
163,197,0.40920924226861755,0.409209242268664,4.64628335805628e-14
164,130,0.4304255335997309,0.4304256147546634,8.115493249638561e-08
164,143,0.42559248352011103,0.42559305547754916,5.719574381335413e-07
164,151,0.41442345849661494,0.41442349313846244,3.4641847501681866e-08
164,156,0.4330916107858417,0.4330929326895921,1.3219037504064168e-06
164,172,0.41929165444035377,0.41929166366079657,9.220442798163475e-09
164,177,0.41635877220233997,0.41635917712135057,4.049190105992473e-07
164,185,0.422936290243508,0.4229363172393944,2.6995886415193127e-08
164,198,0.403381823807585,0.40338188825461097,6.444702593810803e-08
165,131,0.4320316666379106,0.43231915250991154,0.00028748587200094766
165,144,0.43212578318690387,0.43255103664195976,0.0004252534550558962
165,152,0.4241783342376751,0.4243272766588691,0.00014894242119400936
165,157,0.4260969257313817,0.42639081598912915,0.00029389025774745337
165,173,0.4263666723283385,0.4263839641279083,1.7291799569774113e-05
165,178,0.411624400282081,0.4117710872976945,0.00014668701561348918
165,186,0.41244588329432197,0.412470209071752,2.4325777430056483e-05
165,199,0.42131662103765727,0.42133397454635735,1.735350870007979e-05
166,132,0.44041137240709805,0.4404116319959657,2.5958886767929457e-07
166,145,0.42705568975668556,0.42705575195717455,6.220048898164521e-08
166,153,0.4059545138794484,0.40595482335868627,3.094792378477429e-07
166,158,0.40042897259093596,0.4004289777392325,5.148296511325867e-09
166,174,0.41589269966800946,0.41589296336600534,2.636979958836605e-07
166,179,0.41576195198801813,0.4157619580477656,6.059747481579336e-09
166,187,0.40787538209592106,0.40787544404503456,6.194911350565491e-08
166,200,0.410085014295527,0.4100850290288721,1.4733345099493533e-08
167,133,0.4321210139840353,0.4321210139991295,1.509420366474501e-11
167,146,0.41130823257781074,0.41130823258074123,2.930489184649332e-12
167,154,0.420388765769689,0.42038876579122425,2.1535273564410318e-11
167,159,0.40655647080171914,0.406556470805032,3.312849994330236e-12
167,175,0.42463489867858417,0.4246348987032933,2.4709123636057484e-11
167,180,0.4238896278400542,0.42388962784115897,1.1047829318044933e-12
167,188,0.4132051979128753,0.41320519791793214,5.056843832562663e-12
167,201,0.4046414944729165,0.40464149447514586,2.2293833445985456e-12
168,134,0.42967376715909644,0.4296737673728765,2.137800492185704e-10
168,147,0.42735737504783433,0.4273573763356895,1.2878551558515028e-09
168,155,0.4169498447512967,0.41694984482661335,7.531664181215092e-11
168,160,0.43631727304714374,0.436317276655315,3.6081712617708206e-09
168,176,0.4320933664636075,0.4320933664835974,1.998989862528333e-11
168,181,0.3916914209655029,0.3916914220720718,1.1065688920730565e-09
168,189,0.4057569336181573,0.4057569336846797,6.652239870064136e-11
168,202,0.4256689193479798,0.42566891956372166,2.157418688142343e-10
169,135,0.42715227020891083,0.4274311508612028,0.00027888065229197956
169,148,0.41888130454479366,0.4192877082407782,0.0004064036959845474
169,156,0.4230357221088413,0.42317202407793403,0.00013630196909275583
169,161,0.41038323026159584,0.4106675567981207,0.0002843265365248815
169,177,0.4130671881725371,0.4130830145278568,1.5826355319659147e-05
169,182,0.41836433822242314,0.41850307079084614,0.00013873256842300563
169,190,0.4044780858681323,0.4045009613320309,2.2875463898619497e-05
169,203,0.4160586428938525,0.41607293201989215,1.4289126039623845e-05
170,136,0.42300520542399817,0.4230257050615951,2.0499637596926856e-05
170,149,0.41692971015006886,0.41693727602788033,7.565877811477328e-06
170,157,0.41774901724714986,0.41776550760974346,1.6490362593601926e-05
170,162,0.41733520150146247,0.41733613053112817,9.290296656971897e-07
170,178,0.43444967891232583,0.4344584302514567,8.751339130863567e-06
170,183,0.4192824145638993,0.41928321968240395,8.051185046431542e-07
170,191,0.41950885379136116,0.41951234792401,3.49413264882914e-06
170,204,0.444122257397242,0.4441228188148487,5.614176067370025e-07
171,137,0.40898482636678424,0.40898482636682343,3.9190872769268026e-14
171,150,0.40565964591072906,0.40565964591072967,6.106226635438361e-16
171,158,0.4085832403035213,0.4085832403035789,5.762057497804562e-14
171,163,0.42587668480438184,0.42587668480438184,0.0
171,179,0.43155305019374446,0.4315530501938121,6.766809335090329e-14
171,184,0.4160677423829131,0.4160677423829131,0.0
171,192,0.42204883960467404,0.42204883960467904,4.9960036108132044e-15
171,205,0.43093690023357645,0.43093690023357994,3.497202527569243e-15
172,138,0.41122986238206155,0.4112298624733275,9.126593925046222e-11
172,151,0.42904182018878634,0.42904182104666927,8.578829313599101e-10
172,159,0.4148739043416853,0.4148739043745019,3.281658278453392e-11
172,164,0.42530919211134105,0.42530919513029386,3.018952809963338e-09
172,180,0.4111268399386786,0.4111268399478392,9.16061670963586e-12
172,185,0.41792559486243736,0.4179255955474605,6.850231493160663e-10
172,193,0.42714360698643733,0.42714360701415965,2.772232443604139e-11
172,206,0.41638887043537237,0.41638887053409346,9.872108686082015e-11
173,139,0.43402933956208695,0.4340305987003494,1.2591382624327352e-06
173,152,0.41005004716639987,0.41005306046662787,3.013300228005278e-06
173,160,0.4214128456331764,0.42141331673049576,4.7109731937666766e-07
173,165,0.427974697663805,0.42797856494272823,3.867278923208595e-06
173,181,0.458000374409521,0.45800044238503596,6.797551493908927e-08
173,186,0.42570479088821733,0.4257060149515213,1.2240633039950488e-06
173,194,0.41652122613170806,0.41652134813486835,1.2200316029664648e-07
173,207,0.4060564343885191,0.4060565738952076,1.39506688479063e-07
174,140,0.4202809665682773,0.4203023621427398,2.1395574462512723e-05
174,153,0.4200967881293079,0.4201047800740862,7.991944778296123e-06
174,161,0.40418390183936187,0.4042008904343597,1.6988594997824347e-05
174,166,0.43258262274966885,0.4325835767123694,9.539627005561435e-07
174,182,0.42508482095086625,0.4250935562419965,8.735291130268497e-06
174,187,0.40699955943750904,0.407000374169156,8.147316469808707e-07
174,195,0.42303873267254755,0.423042451238269,3.718565721455569e-06
174,208,0.4056044725364989,0.4056050021768058,5.296403068899558e-07
175,141,0.41083493880463406,0.410834941509268,2.7046339612368797e-09
175,154,0.4111999997205498,0.4112000003239786,6.034287514111725e-10
175,162,0.42027667274750813,0.42027667588414735,3.136639226131166e-09
175,167,0.4023284356478903,0.40232843571054594,6.265565843932563e-11
175,183,0.4235028808835174,0.42350288370399586,2.8204784618957035e-09
175,188,0.4175538415452777,0.4175538416275517,8.227402092941816e-11
175,196,0.4117004719049646,0.41170047259320597,6.882413527975473e-10
175,209,0.40572342537829686,0.40572342561125463,2.329577641901892e-10
176,142,0.40835966648175626,0.4083596664821411,3.848588114863105e-13
176,155,0.43069872157303035,0.4306987215754342,2.403854892918389e-12
176,163,0.420278241848084,0.42027824184821244,1.284528039491306e-13
176,168,0.4099033497667827,0.4099033497749818,8.199052548008012e-12
176,184,0.4057848596692029,0.4057848596692491,4.618527782440651e-14
176,189,0.41127177226564365,0.41127177226782446,2.180811087271195e-12
176,197,0.41176565243231195,0.41176565243269053,3.785860513971784e-13
176,210,0.4166212922030006,0.4166212922036541,6.535327834455984e-13
177,143,0.4076340744350537,0.4076352440103868,1.1695753331375514e-06
177,156,0.42144595945758023,0.4214486719361907,2.7124786104448795e-06
177,164,0.3975924420455797,0.397592856507872,4.144622923196728e-07
177,169,0.44498229616258245,0.4449858634115166,3.5672489341331826e-06
177,185,0.4306568240728723,0.4306568789207793,5.4847906993948925e-08
177,190,0.41842519310361387,0.4184263181098692,1.1250062553203044e-06
177,198,0.4301096806290743,0.43010981164889184,1.3101981755081482e-07
177,211,0.41287152178815884,0.4128716408175601,1.1902940127983541e-07
178,144,0.4344121590645193,0.4348264033679665,0.00041424430344721985
178,157,0.40878154471378425,0.409060828547442,0.000279283833657773
178,165,0.42554366999717014,0.4257043379086211,0.00016066791145097348
178,170,0.4484186328606725,0.44846246886389896,4.3836003226438436e-05
178,186,0.4156110660283862,0.41563337890655366,2.2312878167451977e-05
178,191,0.4167658760598163,0.4167882137799715,2.233772015519664e-05
178,199,0.42957234198269584,0.4295882092358527,1.5867253156887084e-05
178,212,0.4289397459116607,0.428946688062614,6.942150953315185e-06
179,145,0.43748871900379255,0.43748872064315986,1.639367308570172e-09
179,158,0.4167121435780545,0.4167121437622973,1.8424284320417428e-10
179,166,0.4477446949830837,0.4477446968752222,1.8921385014358805e-09
179,171,0.40951040353417917,0.4095104035418827,7.703504500966574e-12
179,187,0.4241681071362576,0.4241681087722879,1.6360303112250563e-09
179,192,0.4173282842801754,0.41732828429992735,1.975197783110616e-11
179,200,0.41701333541196833,0.4170133358443478,4.3237946556473617e-10
179,213,0.44344720155264483,0.44344720160758105,5.493622223795569e-11
180,146,0.4076345282840635,0.4076345282843891,3.256284131225584e-13
180,159,0.41941032849696425,0.41941032849764703,6.827871601444713e-13
180,167,0.4341777030537017,0.4341777030541166,4.1494585545365226e-13
180,172,0.42982916162784773,0.4298291616325114,4.663658348391664e-12
180,188,0.4330104182177299,0.4330104182182582,5.282996262678807e-13
180,193,0.42065722270137423,0.42065722270195427,5.80036019215413e-13
180,201,0.4313432928805471,0.4313432928808062,2.590705427962803e-13
180,214,0.4037236058002225,0.4037236058003677,1.4521717162097048e-13
181,147,0.40860419870602815,0.40860420256170815,3.855679997499806e-09
181,160,0.4094475369578266,0.4094475481661294,1.1208302785892243e-08
181,168,0.4287457870292123,0.42874578826236037,1.2331480836458297e-09
181,173,0.4206502812982047,0.4206503017828469,2.0484642204721126e-08
181,189,0.3996178725921581,0.39961787277939775,1.8723966821454496e-10
181,194,0.4046019253661823,0.4046019310634143,5.697232019485909e-09
181,202,0.44454099540475434,0.4445409960190548,6.143004438463606e-10
181,215,0.42107419199464224,0.42107419284503084,8.503885928767829e-10
182,148,0.41387127467193374,0.4142757042022085,0.0004044295302747525
182,161,0.4327286211038239,0.4330036036150942,0.00027498251127033857
182,169,0.41690816237794703,0.41706225023918214,0.0001540878612351082
182,174,0.40916057399927025,0.4092047507656232,4.417676635293244e-05
182,190,0.41473674538498756,0.4147579753903866,2.1230005399053287e-05
182,195,0.4324096138722645,0.43243244907877193,2.2835206507421102e-05
182,203,0.41057617065185237,0.4105893807830068,1.321013115440639e-05
182,216,0.42217686083125744,0.42218388435817983,7.0235269223895e-06
183,149,0.4100034279985042,0.4100036795900079,2.515915036860328e-07
183,162,0.42636492890817373,0.42636499850292575,6.959475201684384e-08
183,170,0.4138252465125541,0.41382546253827335,2.1602571925738445e-07
183,175,0.4182758101130928,0.41827581812096565,8.007872864812526e-09
183,191,0.4290013680522418,0.42900149392383347,1.2587159164967332e-07
183,196,0.4539669980991899,0.4539670061142217,8.015031804919914e-09
183,204,0.4144308481719725,0.414430891414754,4.3242781466723557e-08
183,217,0.42583561265466496,0.42583562971990796,1.706524299649459e-08
184,150,0.4264080735430437,0.4264080735430539,1.0158540675320182e-14
184,163,0.4191152644028657,0.41911526440286795,2.275957200481571e-15
184,171,0.40746381533266357,0.40746381533267956,1.5987211554602254e-14
184,176,0.4081234528822426,0.4081234528822603,1.7708057242771247e-14
184,192,0.4040958288166336,0.40409582881668177,4.8183679268731794e-14
184,197,0.3945867497606746,0.39458674976068453,9.936496070395151e-15
184,205,0.4291625760188583,0.42916257601889046,3.214095656289828e-14
184,218,0.41537130617808743,0.4153713061780904,2.9976021664879227e-15
185,151,0.4222525950490936,0.42225259763721584,2.588122216540256e-09
185,164,0.42941928242188426,0.42941929160212755,9.180243287776335e-09
185,172,0.4168192220716149,0.41681922279998534,7.283704195337748e-10
185,177,0.4113219299313487,0.4113219475369019,1.760555318197632e-08
185,193,0.4210862511243844,0.4210862512072854,8.290096387142398e-11
185,198,0.41215783257157007,0.4121578373129455,4.741375403405357e-09
185,206,0.41034154924112426,0.4103415495366743,2.9555002889480875e-10
185,219,0.4114740319790329,0.41147403230265894,3.236260703864957e-10
186,152,0.42606737655650734,0.42607175200204905,4.375445541715539e-06
186,165,0.41636268034284396,0.41636828282985694,5.602487012978941e-06
186,173,0.4051867889627088,0.4051880958319017,1.3068691928630471e-06
186,178,0.417309350416018,0.41731373158728424,4.381171266221173e-06
186,194,0.41528884542518063,0.4152890129481986,1.6752301795763813e-07
186,199,0.40596373616146825,0.40596504949823514,1.3133367668949347e-06
186,207,0.4182288833431507,0.41822907506892554,1.9172577481185726e-07
186,220,0.4085910291762864,0.40859117434584546,1.451695590404256e-07
187,153,0.41540611384937276,0.4154063764090133,2.625596405292363e-07
187,166,0.4294945519263826,0.4294946132003895,6.127400692390594e-08
187,174,0.41818318229517404,0.41818340601566306,2.2372048902319364e-07
187,179,0.40350836215265823,0.40350836731486656,5.162208327469386e-09
187,195,0.39132276652283643,0.3913228985460392,1.3202320275906843e-07
187,200,0.42580160611727824,0.42580161865305277,1.2535774529531807e-08
187,208,0.41940316912346703,0.4194032037868526,3.466338555080384e-08
187,221,0.4426978380052161,0.4426978442516317,6.246415606980804e-09
188,154,0.4188672958239446,0.4188672958526828,2.8738178503573408e-11
188,167,0.43619459361525414,0.4361945936204295,5.1753601404413985e-12
188,175,0.41116645221999476,0.4111664522529672,3.297245809719129e-11
188,180,0.43097200202968844,0.43097200203114155,1.4531154057806361e-12
188,196,0.4021079171083741,0.4021079171410795,3.270539394861771e-11
188,201,0.428827373606755,0.4288273736097073,2.9523050670832163e-12
188,209,0.4244911201994892,0.4244911202121775,1.2688294859231064e-11
188,222,0.4133496903164481,0.41334969032060526,4.1571746045576674e-12
189,155,0.4293138651982344,0.4293138652066123,8.377909477275125e-12
189,168,0.43830469711748715,0.4383046971472644,2.977723623232009e-11
189,176,0.4234294927638797,0.4234294927663557,2.476019389519024e-12
189,181,0.4100200724709712,0.4100200725415224,7.055117601240113e-11
189,197,0.4217031980153218,0.42170319801656464,1.2428391649166315e-12
189,202,0.43377421183952175,0.4337742118620855,2.256372866327183e-11
189,210,0.42025012116160426,0.4202501211637607,2.156441691880673e-12
189,223,0.4244214079844017,0.42442140798714567,2.7439717165123056e-12
190,156,0.42104021195756164,0.42104426969368297,4.0577361213323115e-06
190,169,0.43749993180105035,0.4375052557421084,5.323941058066328e-06
190,177,0.42924716709959526,0.42924837390221254,1.206802617281788e-06
190,182,0.4326432050435879,0.43264731401047146,4.108966883575871e-06
190,198,0.39249278731034964,0.392492973716413,1.864060633627318e-07
190,203,0.4123305398254559,0.4123316297962745,1.0899708186018486e-06
190,211,0.43685799083485605,0.43685816016381385,1.6932895779975254e-07
190,216,0.4299447369429516,0.42994535667111694,6.197281653408382e-07
191,157,0.40676598305780104,0.406774166625808,8.183568006969733e-06
191,170,0.4143443983837001,0.4143476796644635,3.2812807634341468e-06
191,178,0.4164333047753874,0.4164376552113176,4.350435930167151e-06
191,183,0.45222858951013256,0.4522290092619745,4.197518419513102e-07
191,199,0.3971768219773821,0.3971781349532344,1.3129758523189317e-06
191,204,0.41970010501571076,0.4197003979083991,2.9289268832499715e-07
191,212,0.41414228182568075,0.4141428746381156,5.928124348630881e-07
191,217,0.4101912417588331,0.4101913439945008,1.0223566770939385e-07
192,158,0.4224633245799115,0.42246332458933344,9.421963209632622e-12
192,171,0.4297666334167833,0.4297666334171768,3.9351855107838674e-13
192,179,0.42804207371551883,0.42804207372660436,1.1085521389730957e-11
192,184,0.40205508728173805,0.40205508728176703,2.8976820942716586e-14
192,200,0.40543083842593475,0.4054308384480591,2.2124357901276426e-11
192,205,0.41530346283348574,0.41530346283412467,6.389333506717776e-13
192,213,0.4126907015177732,0.4126907015205822,2.8089752746041086e-12
192,218,0.41962665726926085,0.4196266572693315,7.066569551739121e-14
193,159,0.41584705378901077,0.4158470537906504,1.6396328739176624e-12
193,172,0.4215410273686313,0.4215410273785253,9.893974528552008e-12
193,180,0.41162232390427556,0.41162232390473164,4.560796185160143e-13
193,185,0.4172923779035486,0.4172923779308698,2.732120085724432e-11
193,201,0.43521191943209353,0.43521191943264625,5.527245328096342e-13
193,206,0.41952910690339346,0.419529106908286,4.89253082491814e-12
193,214,0.40905723390692017,0.409057233907253,3.3284486278262193e-13
193,219,0.42324487977286546,0.42324487977823017,5.364708677291219e-12
194,160,0.4097172371373102,0.409717257818212,2.0680901824388087e-08
194,173,0.4112808698465141,0.4112809077436962,3.789718211466564e-08
194,181,0.4106844266999638,0.4106844326924109,5.992447094094189e-09
194,186,0.42560846255917995,0.42560850958311675,4.702393680000583e-08
194,202,0.428517366482248,0.428517367569698,1.0874500189217429e-09
194,207,0.4242696515225797,0.42426966314139775,1.1618818018810373e-08
194,215,0.41409201027289183,0.4140920117790503,1.506158475717001e-09
194,220,0.39541362578354866,0.39541363475640356,8.972854903532834e-09
195,161,0.4088536874999277,0.408862245263853,8.55776392533203e-06
195,174,0.4151656370373113,0.41516913231431996,3.4952770086582596e-06
195,182,0.4309626138873643,0.430967020920285,4.407032920705767e-06
195,187,0.41691565038642925,0.4169160778809717,4.2749454243207197e-07
195,200,0.40335141732299246,0.403351506519445,8.919645255733855e-08
195,203,0.42662690708292744,0.4266280790974144,1.172014486960915e-06
195,208,0.4113210452568362,0.41132132331959514,2.7806275892938714e-07
195,216,0.40395384115002697,0.40395450770346364,6.665534366678827e-07
196,162,0.4234988628018888,0.4234988659508718,3.1489829632747046e-09
196,175,0.43066391175706786,0.43066391244855545,6.914875894104e-10
196,183,0.4110249981870024,0.41102500101840345,2.8314010580565707e-09
196,188,0.4248677649789968,0.42486776506127194,8.227513115244278e-11
196,201,0.4121290840708361,0.41212908410466365,3.382755187075759e-11
196,204,0.39191700323298134,0.3919170052677156,2.0347342699622573e-09
196,209,0.432452505551733,0.4324525057851027,2.3336971244347637e-10
196,217,0.42077621268870213,0.42077621364028994,9.515878085508689e-10
197,163,0.4117369986899438,0.4117369986899954,5.162537064506978e-14
197,176,0.4195606585431901,0.419560658543411,2.2093438190040615e-13
197,184,0.4169033844263787,0.4169033844263989,2.020605904817785e-14
197,189,0.40109361134702504,0.40109361134762894,6.039058142448539e-13
197,202,0.4276926548460707,0.42769265484768004,1.6093237853453957e-12
197,205,0.431026634034594,0.431026634034931,3.3700819912496627e-13
197,210,0.42389904801615386,0.4238990480163988,2.449707103835408e-13
197,218,0.4181380064994497,0.41813800649949096,4.1244785364824565e-14
198,164,0.4023105742525991,0.40231059717621614,2.292361706013324e-08
198,177,0.4092782355793479,0.4092782796041326,4.402478470666438e-08
198,185,0.41877868678885344,0.4187786918850068,5.0961533881732635e-09
198,190,0.4411934639620128,0.44119351972414955,5.576213674141073e-08
198,203,0.4254292453099852,0.42542928524294454,3.993295932813723e-08
198,206,0.4011361167016702,0.40113611742325034,7.215801289817136e-10
198,211,0.40743822537660607,0.4074382360353501,1.0658744054037328e-08
198,219,0.40862077308649236,0.4086207738765598,7.900674559024878e-10
199,165,0.433467247310294,0.4334711267778816,3.879467587564189e-06
199,178,0.41168025387515933,0.41168328177348196,3.027898322627287e-06
199,186,0.4080523063395257,0.4080535344731456,1.2281336198571857e-06
199,191,0.41871354959425783,0.41871480020678464,1.2506125268152424e-06
199,204,0.40847918164069247,0.4084793936035882,2.1196289573532923e-07
199,207,0.41166282078379357,0.41166296087229676,1.4008850318658617e-07
199,212,0.43842248396874817,0.43842290425196045,4.2028321228793075e-07
199,220,0.4110511561041296,0.4110512622790636,1.0617493395592703e-07
200,166,0.4376202970856287,0.4376203085410973,1.1455468573728922e-08
200,179,0.418272670586112,0.41827267159456577,1.0084537649390768e-09
200,187,0.4175752475611538,0.41757525741686274,9.855708971162613e-09
200,192,0.4245723407589782,0.42457234084172873,8.275052865158727e-11
200,195,0.41940061885759106,0.41940064235530716,2.3497716106213318e-08
200,205,0.42569656064589334,0.42569656070133066,5.5437321400120254e-11
200,208,0.42270997103065816,0.42270997752448247,6.4938243116152705e-09
200,213,0.4184663224109699,0.4184663226597216,2.487516859162042e-10
200,221,0.42719820210468595,0.42719820330221864,1.197532684127367e-09
201,167,0.4252187909620394,0.4252187909640534,2.0140000778212652e-12
201,180,0.4322957656523119,0.4322957656529014,5.894729149247269e-13
201,188,0.43434528206238915,0.43434528206499545,2.6063040614587862e-12
201,193,0.4210750997166263,0.4210750997180815,1.4551693183761927e-12
201,196,0.42842455405069657,0.4284245540630106,1.2314038677629924e-11
201,206,0.42140358496350594,0.42140358496866726,5.16131581917989e-12
201,209,0.42597256172965103,0.42597256173446735,4.816314014277623e-12
201,214,0.417867841926113,0.41786784192661497,5.019873405842645e-13
201,222,0.43292826852762084,0.43292826852921257,1.591726750405087e-12
202,168,0.4250706440365793,0.42507064414203144,1.0545214701451755e-10
202,181,0.41484213315048724,0.41484213340302467,2.5253743540787355e-10
202,189,0.42865978079967193,0.4286597808252952,2.5623281274533838e-11
202,194,0.4155762108933927,0.4155762113058873,4.1249459403758237e-10
202,197,0.41363875534018524,0.4136387553441653,3.980038520978724e-12
202,207,0.4063604659547601,0.4063604664059475,4.511873652468523e-10
202,210,0.4084994838342786,0.40849948384120577,6.927181050997433e-12
202,215,0.43096278393229454,0.43096278403838456,1.0609002565331593e-10
202,223,0.4180771925314401,0.41807719254027403,8.833933584639908e-12
203,169,0.4127341686920995,0.4127373913725353,3.2226804357882166e-06
203,182,0.42889610513647386,0.42889858656176066,2.481425286804395e-06
203,190,0.40711909109791333,0.4071201068177541,1.015719840791185e-06
203,195,0.4197905831564708,0.41979168091126257,1.0977547917900843e-06
203,198,0.4221853974039704,0.4221855156432841,1.1823931372889618e-07
203,208,0.40083108650230587,0.4008312500371733,1.6353486742559653e-07
203,211,0.40516764372745223,0.4051677511458778,1.0741842554340408e-07
203,216,0.41204814637301934,0.4120485312045274,3.8483150804902166e-07
203,224,0.40408519222048356,0.4040852357047251,4.348424154088093e-08
204,170,0.42623524193901385,0.42623539138881295,1.4944979909170542e-07
204,183,0.4176954358524426,0.4176954784349545,4.2582511905475684e-08
204,191,0.4420271945436117,0.44202728165156013,8.710794840993685e-08
204,196,0.428955306601478,0.4289553122158201,5.6143421023335804e-09
204,199,0.42195372271176335,0.42195379092737834,6.821561499004147e-08
204,209,0.4410323828834866,0.44103238460328875,1.7198021340369962e-09
204,212,0.4373460604076144,0.43734609368630684,3.327869241287473e-08
204,217,0.4347185300696772,0.4347185419573066,1.1887629380868958e-08
204,225,0.40490918498225503,0.40490918997442904,4.9921740075120624e-09
205,171,0.4282046822986424,0.4282046822989953,3.52884388377106e-13
205,184,0.42339950370032114,0.423399503700347,2.5868196473766147e-14
205,192,0.4072049931216352,0.4072049931225456,9.103828801926284e-13
205,197,0.4320561883401252,0.43205618834023873,1.1352030426792226e-13
205,200,0.41389952311251943,0.4138995231327469,2.0227486352553115e-11
205,210,0.3970619187700228,0.39706191877021274,1.8995915951336428e-13
205,213,0.41027704317434266,0.41027704317688063,2.537969834293108e-12
205,218,0.41541834374488584,0.41541834374494896,6.311617894994015e-14
205,226,0.4000115452579421,0.4000115452584029,4.607980663706712e-13
206,172,0.4284364994060203,0.42843649944473755,3.8717251626962934e-11
206,185,0.4291166626333135,0.42911666274008514,1.0677164707928455e-10
206,193,0.4196806995440613,0.41968069954966264,5.601352714990071e-12
206,198,0.415828432026257,0.4158284322637048,2.374477836575295e-10
206,201,0.42131995871162076,0.4213199587137905,2.1697643681761747e-12
206,211,0.4107234371602583,0.4107234373766598,2.1640150782431533e-10
206,214,0.42726530635401105,0.42726530635532295,1.3118950370483162e-12
206,219,0.4173239852386315,0.41732398525982567,2.1194157540094238e-11
206,227,0.4115294175742464,0.41152941757799205,3.745670440480353e-12
207,173,0.423341335564992,0.4233413794288773,4.386388530175367e-08
207,186,0.4274380618272549,0.4274381162782406,5.4450985664811213e-08
207,194,0.4154311426040913,0.4154311544766543,1.187256298829098e-08
207,199,0.42538101927866395,0.4253810635090429,4.4230378970500084e-08
207,202,0.41794235755780607,0.4179423587940222,1.2362161294632301e-09
207,212,0.42257210681884416,0.42257212843867314,2.1619828982633038e-08
207,215,0.4139566249953666,0.4139566267079682,1.7126015605661848e-09
207,220,0.4222075113358896,0.4222075216405703,1.0304680719830372e-08
207,228,0.44719932191312267,0.44719932296697673,1.053854059573922e-09
208,174,0.42544106886394345,0.42544121254224054,1.4367829709316382e-07
208,187,0.40433402071279473,0.4043340546834907,3.397069597843583e-08
208,195,0.41628098594592644,0.4162810707881367,8.484221025728544e-08
208,200,0.41473518749675925,0.4147351955884857,8.09172645555023e-09
208,203,0.4154732671357902,0.4154733231878287,5.6052038510667757e-08
208,213,0.39642883804954554,0.3964288388691838,8.196382461633789e-10
208,216,0.4147736987043943,0.4147737331855872,3.448119290094809e-08
208,221,0.4318518404355533,0.4318518444706592,4.035105916067039e-09
208,229,0.41964662806281566,0.41964663099488125,2.932065590321997e-09
209,175,0.4307286249617741,0.43072862516429195,2.0251783583447036e-10
209,188,0.41527567864961185,0.4152756786754923,2.5880464438188255e-11
209,196,0.4126379931239881,0.41263799332588047,2.0189239169354778e-10
209,201,0.42726535636676116,0.42726535637752205,1.0760892177330561e-11
209,204,0.3904520521383733,0.3904520527022213,5.638479683156561e-10
209,214,0.42593236695573045,0.4259323669599001,4.1696646135847004e-12
209,217,0.4065841868725588,0.4065841871407703,2.6821150855838027e-10
209,222,0.4292084125511914,0.42920841257178843,2.0597024086299598e-11
209,230,0.41461715182526765,0.4146171518559247,3.06570324681843e-11
210,176,0.4221315525048486,0.42213155250524126,3.9268588380991787e-13
210,189,0.4375114204361476,0.43751142043722246,1.0748624212908453e-12
210,197,0.4194720052907695,0.4194720052910244,2.5490720645393594e-13
210,202,0.4223946233974283,0.4223946234003009,2.87259105391513e-12
210,205,0.42762184481321197,0.4276218448137978,5.858091789434638e-13
210,215,0.4081151203624642,0.4081151203663482,3.884004229348648e-12
210,218,0.4202802016976821,0.4202802016977559,7.377431998634165e-14
210,223,0.4099734667385592,0.40997346673910445,5.452305273934144e-13
210,231,0.4153098807886662,0.41530988078887604,2.0983215165415459e-13
211,177,0.41066119464794937,0.41066123456305126,3.9915101890386495e-08
211,190,0.4160650104857294,0.41606506103750684,5.0551777430740685e-08
211,198,0.429138648296501,0.4291386589213246,1.062482357649941e-08
211,203,0.41902462366593796,0.4190246598714961,3.6205558162638596e-08
211,206,0.4268862083128598,0.4268862089678232,6.549634168351304e-10
211,216,0.4150648546078464,0.4150648768991709,2.2291324452972106e-08
211,219,0.40924766633109155,0.40924766704822235,7.171307991882259e-10
211,224,0.4136445144085505,0.41364451845300454,4.044454049445534e-09
211,232,0.41341670403544467,0.4134167044691503,4.337056269676509e-10
212,178,0.41525716015309,0.4152584723871342,1.312234044203997e-06
212,191,0.4037129600544397,0.40371350546532425,5.454108845670547e-07
212,199,0.41323647086268644,0.4132368763035308,4.054408443421309e-07
212,204,0.4095489587898177,0.4095490526531974,9.386337973538161e-08
212,207,0.40108445495295675,0.4010845170459756,6.209301883774998e-08
212,217,0.41192189203046947,0.4119219251387797,3.310831020453264e-08
212,220,0.41312216306336114,0.4131222101619073,4.709854617424014e-08
212,225,0.4266188134865949,0.42661882537391876,1.1887323847492581e-08
212,233,0.41240379519562326,0.4124038030644984,7.868875162575506e-09
213,179,0.41725712387248126,0.4172571239209552,4.847394707852004e-11
213,192,0.4194164289683708,0.41941642897278714,4.41635616965641e-12
213,200,0.4164273675542201,0.4164273676509251,9.67049773592521e-11
213,205,0.4230670980385055,0.4230670980413,2.7944868641327503e-12
213,208,0.42465161061182455,0.4246516108551975,2.433729329176515e-10
213,218,0.433767084699308,0.4337670846996145,3.0647706594777446e-13
213,221,0.4175293445798986,0.417529344631835,5.1936399625418517e-11
213,226,0.41707009850541577,0.41707009850765225,2.2364887719561466e-12
213,234,0.4128963529331571,0.412896352935715,2.5579538487363607e-12
214,180,0.4210077706928585,0.421007770693052,1.9351187319216478e-13
214,193,0.43522953622818294,0.43522953622866317,4.802269693016115e-13
214,201,0.40294584101338227,0.4029458410137451,3.6282088444750116e-13
214,206,0.4458844711768093,0.4458844711785129,1.7035817201360715e-12
214,209,0.4196102428065456,0.4196102428079994,1.4538370507466425e-12
214,219,0.4222214177014937,0.42222141770335414,1.860456233515606e-12
214,222,0.44446646829951686,0.4444664683000028,4.85944617878431e-13
214,227,0.4270885906004271,0.4270885906007697,3.426148253993233e-13
215,181,0.4102943065506042,0.4102943069032044,3.5260017128280197e-10
215,194,0.40425050865935935,0.4042505092355434,5.761840449203248e-10
215,202,0.42813555039625706,0.42813555050379,1.0753292700727002e-10
215,207,0.4061330741003572,0.40613307473074733,6.303901289861358e-10
215,210,0.39810887817237595,0.39810887818194457,9.568623671185605e-12
215,220,0.41846129765035245,0.4184612981523767,5.020242554998333e-10
215,223,0.4127060390551438,0.41270603906734826,1.2204459665099421e-11
215,228,0.4185760330699594,0.41857603316286424,9.290485047941388e-11
216,182,0.41481119312539094,0.4148124698292491,1.2767038581329437e-06
216,190,0.42037470430621,0.420375239825353,5.355191430300721e-07
216,195,0.4284458940660278,0.42844647288002485,5.78813997065275e-07
216,203,0.40444928866007734,0.40444964549632945,3.56836252102255e-07
216,208,0.41166442987855606,0.41166451850781716,8.862926109687308e-08
216,211,0.411023972890543,0.41102403116213826,5.8271595271275345e-08
216,221,0.4165175590655137,0.4165175720796771,1.3014163413593849e-08
216,224,0.4208845255821214,0.42088454922121415,2.3639092738836354e-08
216,229,0.4143119391913286,0.414311949313315,1.0121986415700945e-08
217,183,0.40996017146783037,0.4099601857862697,1.431843932309107e-08
217,191,0.44235517534218116,0.4423552029499943,2.7607813146701687e-08
217,196,0.43690381122147015,0.43690381326448047,2.043010316477023e-09
217,204,0.40873661197654565,0.40873662210581924,1.0129273586567678e-08
217,209,0.42576394123688066,0.42576394187359357,6.367129046225273e-10
217,212,0.4235779030284896,0.4235779137200447,1.069155514121789e-08
217,222,0.41591872394221613,0.41591872411811476,1.7589862899569653e-10
217,225,0.4002878442770275,0.4002878460272548,1.7502272964264876e-09
217,230,0.39376748335496115,0.3937674836203718,2.6541063791185593e-10
218,184,0.40411236976947934,0.4041123697694804,1.0547118733938987e-15
218,192,0.40151574711973265,0.40151574711979415,6.150635556423367e-14
218,197,0.4309769516376402,0.4309769516376523,1.2101430968414206e-14
218,205,0.41921506878964787,0.4192150687896898,4.191091917959966e-14
218,210,0.4068371197484462,0.40683711974846515,1.892930256985892e-14
218,213,0.43731006714815107,0.4373100671483378,1.8673951274195133e-13
218,223,0.4314034561420338,0.4314034561420574,2.3592239273284576e-14
218,226,0.4212778294844101,0.4212778294844429,3.2807090377673376e-14
218,231,0.42381580124672996,0.4238158012467409,1.0935696792557792e-14
219,185,0.41955945230694325,0.4195594524228912,1.1594797344471885e-10
219,193,0.4072916464378078,0.40729164644390453,6.096734228577816e-12
219,198,0.4191684983890371,0.41916849864680394,2.577668634096142e-10
219,206,0.4248933883239338,0.42489338834496876,2.103495155836299e-11
219,211,0.42301268513331297,0.42301268536823644,2.349234695664393e-10
219,214,0.4155192811668273,0.4155192811682528,1.425526363618701e-12
219,224,0.43466278407893094,0.43466278418004534,1.011143946350046e-10
219,227,0.43730317963164145,0.43730317963571796,4.07651690181865e-12
219,232,0.4197110736503744,0.4197110736644051,1.4030665518305341e-11
220,186,0.41456459222412834,0.41456463295922735,4.0735099016142584e-08
220,194,0.41430726420644126,0.4143072731627084,8.956267116833061e-09
220,199,0.4129988425608164,0.4129988756642913,3.310347485019349e-08
220,207,0.4167552192591346,0.41675522932520825,1.006607364129053e-08
220,212,0.4158023115089928,0.4158023277107159,1.620172312977175e-08
220,215,0.4282544561322311,0.42825445743803386,1.305802743711837e-09
220,225,0.4179008819841622,0.41790088448395957,2.4997973691043285e-09
220,228,0.4308885284058334,0.43088852920985615,8.040227372774211e-10
220,233,0.4217029933941645,0.42170299485807206,1.46390755073611e-09
221,187,0.42123783119321095,0.42123783507742335,3.884212396165765e-09
221,200,0.4380805040097491,0.4380805049624083,9.526591737696322e-10
221,208,0.39922616797723315,0.3992261705406615,2.5634283584707873e-09
221,213,0.4116274646575156,0.41162746476117745,1.0366185687615825e-10
221,216,0.41458440657093626,0.4145844102411035,3.670167225688914e-09
221,226,0.42488741465103785,0.4248874146692187,1.818084571780787e-11
221,229,0.4265970297335029,0.4265970300816113,3.481084309697735e-10
221,234,0.4249172400349868,0.4249172400557803,2.079347805050702e-11
222,188,0.4114797733504786,0.41147977335766844,7.189859818623745e-12
222,201,0.4145716180740132,0.41457161807703014,3.0169200471164004e-12
222,209,0.42356628831517457,0.42356628833369697,1.85224058313338e-11
222,214,0.4409813275568461,0.4409813275580369,1.1907697050617116e-12
222,217,0.42277396105021625,0.4227739611194454,6.922912243467749e-11
222,227,0.43645792402229666,0.43645792402453004,2.233380147487196e-12
222,230,0.4105414219023653,0.4105414219106078,8.242462268270856e-12
222,235,0.41304927096965494,0.4130492709714901,1.8351431485541525e-12
223,189,0.41893392147460295,0.41893392147599345,1.3904988271917773e-12
223,202,0.41474592282135914,0.41474592282507927,3.7201353109139745e-12
223,210,0.41941626599985043,0.4194162660004084,5.579425810253724e-13
223,215,0.4118418644480677,0.41184186445309806,5.030365013425353e-12
223,218,0.4113929900289279,0.4113929900290227,9.481304630298837e-14
223,226,0.4359349793777748,0.435934979378362,5.871969577242453e-13
223,228,0.40864236348291516,0.40864236348618915,3.2739921884683554e-12
223,231,0.40869517701548286,0.4086951770157522,2.69340105774063e-13
223,236,0.41962879637873934,0.4196287963792093,4.699574063238288e-13
224,203,0.4100593815034301,0.4100593956114776,1.4108047508010202e-08
224,211,0.4228026429158086,0.4228026467210398,3.8052311857050825e-09
224,216,0.41740514173010573,0.41740515043266624,8.702560505557955e-09
224,219,0.4088656794454564,0.40886567973038795,2.849315783315376e-10
224,227,0.40116088342197653,0.4011608834709226,4.894606941974189e-11
224,229,0.415310727728908,0.41531072848121714,7.523091594130449e-10
224,232,0.42968909079793566,0.4296890909702942,1.7235851634822552e-10
224,237,0.43254941380994527,0.4325494138687692,5.882394571443683e-11
225,204,0.4203130249003803,0.42031302827050443,3.370124124213447e-09
225,212,0.4197030066937451,0.41970300995484255,3.2610974476376953e-09
225,217,0.41851585546635856,0.4185158568645402,1.3981816260333346e-09
225,220,0.4144124388544969,0.4144124406448718,1.7903749038872263e-09
225,228,0.43288201716020563,0.43288201738172943,2.2152379930417965e-10
225,230,0.42682032878095477,0.4268203288849241,1.0396933314282819e-10
225,233,0.4143313893981507,0.4143313897508819,3.5273123311085897e-10
225,238,0.41517550309750023,0.4151755031441695,4.666927955199185e-11
226,205,0.4242864108854473,0.4242864108858484,4.0112357879706906e-13
226,213,0.4229016184777692,0.4229016184795363,1.7670864771446304e-12
226,218,0.43429140549383416,0.434291405493878,4.3853809472693683e-14
226,221,0.4266512446455847,0.4266512446532319,7.647216193618078e-12
226,223,0.40744686339847047,0.4074468633986397,1.6925350010410511e-13
226,229,0.4240977318998781,0.42409773190523053,5.352440712869111e-12
226,231,0.42483104091530843,0.42483104091537915,7.072120666862247e-14
226,234,0.4045442624414892,0.4045442624418552,3.6598502006768285e-13
226,236,0.4246178260557296,0.4246178260558493,1.1968204205459188e-13
227,206,0.4294501555040601,0.42945015550759624,3.536115844582355e-12
227,214,0.42177837128792184,0.4217783712881833,2.6145752229922437e-13
227,219,0.43815311807857144,0.4381531180824448,3.873346088312246e-12
227,222,0.423548962047387,0.42354896204801723,6.302180999284701e-13
227,224,0.42580297534716366,0.4258029753663894,1.9225732117433836e-11
227,230,0.4106630380224375,0.4106630380233388,9.013345625419333e-13
227,232,0.4225171767502122,0.4225171767525674,2.355171613288576e-12
227,235,0.4306716885644996,0.43067168856475585,2.5623947408348613e-13
227,237,0.42187048931320353,0.4218704893140187,8.151812558310212e-13
228,207,0.40659300954665445,0.4065930099263171,3.796626346641574e-10
228,215,0.41249146098391254,0.4124914610738439,8.993134015256032e-11
228,220,0.39285810116427533,0.3928581014668587,3.0258334726696035e-10
228,223,0.40224900473482456,0.4022490047423838,7.559231018916535e-12
228,225,0.39928045036647014,0.39928045049607996,1.2960982287424372e-10
228,231,0.43672558434108466,0.4367255843437797,2.6950663922775675e-12
228,233,0.42521510923581585,0.42521510930361317,6.779732331096966e-11
228,236,0.4268249315239115,0.4268249315299799,6.068423541449874e-12
228,238,0.3970671290264549,0.39706712904002633,1.3571421764169145e-11
229,208,0.41774825683044686,0.41774825902008667,2.189639802807619e-09
229,216,0.41343765799951243,0.4134376612389397,3.239427281975793e-09
229,221,0.4115623763108097,0.4115623767172536,4.0644387855337527e-10
229,224,0.40913419267519846,0.4091341932896362,6.144377229233555e-10
229,226,0.4215025240379101,0.4215025240526974,1.4787282509587385e-11
229,232,0.43136842264386344,0.43136842271266224,6.879879999033278e-11
229,234,0.43480676056781264,0.4348067605847231,1.6910473021880534e-11
229,237,0.4250365406738047,0.42503654069732266,2.3517965352937154e-11
230,209,0.43433988627392134,0.4343398863019552,2.803385301675121e-11
230,217,0.4139900891715659,0.41399008927628783,1.0472195333122158e-10
230,222,0.430662182292935,0.43066218230133685,8.401834783455797e-12
230,225,0.42924554013937205,0.42924554019337924,5.400718761094936e-11
230,227,0.4024207683475107,0.40242076835082585,3.3151259515307174e-12
230,233,0.43361465493616974,0.4336146549641371,2.7967350657576162e-11
230,235,0.39493843167273307,0.3949384316755018,2.7687296899614466e-12
230,238,0.4254043739269321,0.42540437393298075,6.048661571611547e-12
231,210,0.40199029264122554,0.4019902926414139,1.883493361276578e-13
231,218,0.4136151419940082,0.41361514199404015,3.197442310920451e-14
231,223,0.42524768063989904,0.42524768064013585,2.368105711525459e-13
231,226,0.42093433335863,0.42093433335883984,2.0983215165415459e-13
231,228,0.42110671667110294,0.42110671667216515,1.0622058788101185e-12
231,234,0.4292757303409096,0.4292757303411472,2.375877272697835e-13
231,236,0.40968155838133624,0.4096815583814932,1.5698553568199713e-13
231,239,0.4236968257190721,0.42369682571919337,1.2129186544029835e-13
232,211,0.40317355031096225,0.40317355045234443,1.4138218373815903e-10
232,219,0.40951513821090557,0.40951513822467306,1.3767487150317947e-11
232,224,0.42427270451060156,0.424272704571397,6.079542425041495e-11
232,227,0.41933408140120776,0.4193340814036426,2.434830115305431e-12
232,229,0.42143899391773515,0.42143899394861717,3.0882019164124586e-11
232,235,0.42004213111553035,0.4200421311163182,7.878697694252423e-13
232,237,0.4184131550198826,0.418413155022771,2.8884117320160385e-12
232,239,0.39882318334773614,0.3988231833483542,6.180611578088246e-13
233,212,0.42695439884788355,0.42695440131977863,2.4718950775159954e-09
233,220,0.4032164318120482,0.403216433059932,1.2478837962959233e-09
233,225,0.40979358280978295,0.40979358322467124,4.1488829038982544e-10
233,228,0.4223835457296868,0.4223835458695528,1.3986600766457968e-10
233,230,0.417158253763227,0.41715825382763405,6.440703526067182e-11
233,235,0.4249140538903451,0.42491405390295417,1.2609080446424059e-11
233,236,0.4455797588030451,0.44557975881540407,1.2358947198976011e-11
233,238,0.432824786832694,0.43282478686107606,2.838207446842489e-11
233,239,0.4292120529897852,0.42921205300046905,1.0683842699421575e-11
234,213,0.4046058068020689,0.4046058068040839,2.014999278543428e-12
234,221,0.3994830508650108,0.39948305087372993,8.719136523893667e-12
234,226,0.4183346780125729,0.4183346780129378,3.648747970430577e-13
234,229,0.42003790865608737,0.4200379086621907,6.1033400555743356e-12
234,231,0.4178682028775101,0.41786820287759074,8.065770273901762e-14
234,236,0.4314975070723497,0.4314975070724918,1.4210854715202004e-13
234,237,0.4226067495856412,0.42260674958619815,5.569433803032098e-13
234,239,0.4237958511814364,0.4237958511815588,1.224020884649235e-13
235,222,0.4333393413067707,0.43333934130830726,1.5365486660812167e-12
235,227,0.41271955114252024,0.41271955114320413,6.838973831690964e-13
235,230,0.42404706713362667,0.42404706713589474,2.2680746170067323e-12
235,232,0.41557438606740854,0.4155743860696122,2.2036816815784732e-12
235,233,0.42903414073147494,0.4290341407362789,4.803935027553052e-12
235,237,0.42303855198799206,0.42303855198877116,7.790990075307036e-13
235,238,0.43035888074845646,0.4303588807495744,1.1179390746463014e-12
235,239,0.4283093932773728,0.4283093932777807,4.0795145039851377e-13
236,223,0.4123438449743675,0.41234384497503984,6.723510637129948e-13
236,226,0.42329268759605704,0.42329268759652916,4.721223412218478e-13
236,228,0.4089808350397125,0.4089808350439854,4.27291535487484e-12
236,231,0.417122060909166,0.417122060909414,2.4802382370125997e-13
236,233,0.4288313375272679,0.4288313375318889,4.621025784246058e-12
236,234,0.396431942627329,0.39643194262786763,5.386247003968947e-13
236,237,0.4483535766422751,0.44835357664305997,7.848721672587544e-13
236,238,0.42060154673493194,0.4206015467360371,1.105171509863112e-12
236,239,0.4055705299134009,0.4055705299138045,4.035660694512444e-13
237,224,0.4225185862515519,0.42251858627308514,2.153321965181476e-11
237,227,0.42584643088925256,0.425846430890078,8.254508188088039e-13
237,229,0.4411461006349117,0.44114610064568544,1.0773715253264982e-11
237,232,0.4098631587967864,0.4098631587996185,2.832067913516312e-12
237,234,0.4115414282714913,0.4115414282722232,7.318590178329032e-13
237,235,0.40722191450635215,0.4072219145066323,2.8016478026415825e-13
237,236,0.4498965851465723,0.44989658514682423,2.51909604287448e-13
237,238,0.4136235157096127,0.4136235157101244,5.117017920497346e-13
237,239,0.43136633116208073,0.4313663311622986,2.1788126858268697e-13
238,225,0.4196724647760086,0.4196724647973597,2.1351087564625004e-11
238,228,0.4146583525178404,0.4146583525278775,1.0037137787577421e-11
238,230,0.42793163168711545,0.4279316316923365,5.221045817904724e-12
238,233,0.42797626303564607,0.42797626304657105,1.0924983140370159e-11
238,235,0.4200306876072337,0.4200306876084263,1.1926015730523432e-12
238,236,0.4038440259430493,0.40384402594422214,1.1728396032140154e-12
238,237,0.3967036730960169,0.3967036730977834,1.7665313656323178e-12
238,239,0.4226878480019482,0.422687848002887,9.388045896230324e-13
239,231,0.4219368592476954,0.42193685924790064,2.0522472610196019e-13
239,232,0.43480552926850097,0.4348055292702664,1.7654211426076927e-12
239,233,0.41009872742615905,0.41009872743059256,4.433509115386869e-12
239,234,0.4179110447387258,0.4179110447391521,4.2627013030482885e-13
239,235,0.4325884294007207,0.4325884294011649,4.4420023215252513e-13
239,236,0.41415802716905037,0.414158027169488,4.376499163072367e-13
239,237,0.4302983552178499,0.43029835521847526,6.253331186201194e-13
239,238,0.4254195726961447,0.4254195726971117,9.670042544485113e-13
