source,target,before,after,delta
0,1,0.42535542039670776,0.4253554203967281,2.0317081350640365e-14
0,2,0.41704618717213215,0.4170461871721813,4.912736883966318e-14
0,3,0.42471138992383284,0.4247113899239956,1.6275869541004795e-13
0,4,0.434347546968794,0.4343475469690297,2.3570034812792073e-13
0,5,0.4448648576478466,0.44486485764834677,5.00155472593633e-13
0,6,0.4131648501307684,0.4131648501307862,1.7763568394002505e-14
0,7,0.42336745225831823,0.42336745225834976,3.1530333899354446e-14
0,8,0.41918399779852455,0.4191839977991466,6.220579606974752e-13
1,0,0.4158344652649313,0.4158344652649402,8.93729534823251e-15
1,2,0.4194881117018642,0.41948811170186934,5.162537064506978e-15
1,3,0.42803728674706293,0.4280372867470784,1.5487611193520934e-14
1,4,0.4103577907074378,0.41035779070747475,3.697042672001771e-14
1,6,0.4174450496182296,0.41744504961823076,1.1657341758564144e-15
1,9,0.42335414505200175,0.42335414505210617,1.0441647546599597e-13
1,11,0.4405120154351419,0.44051201543515156,9.658940314238862e-15
1,14,0.4246418130159832,0.4246418130159897,6.494804694057166e-15
2,0,0.4121311505947193,0.4121311505947579,3.863576125695545e-14
2,1,0.42654642374570545,0.42654642374571694,1.149080830487037e-14
2,3,0.4423726263731663,0.44237262637325453,8.820721930646869e-14
2,4,0.4304394749573024,0.43043947495744217,1.397770788003072e-13
2,5,0.4317992453222532,0.4317992453225175,2.642885910120185e-13
2,7,0.4314370496430488,0.43143704964306895,2.015054789694659e-14
2,10,0.40024779548398065,0.40024779548412565,1.4499512701604544e-13
2,12,0.4226800568283419,0.42268005682868315,3.4122704661854186e-13
2,15,0.4228944079158814,0.42289440791590505,2.3647750424515834e-14
3,0,0.4220322511506869,0.42203225115093274,2.458588888032409e-13
3,1,0.4180279211512094,0.41802792115126863,5.92303983637521e-14
3,2,0.4479129493369206,0.44791294933708103,1.6042722705833512e-13
3,5,0.4017568316590147,0.4017568316613799,2.3651636205102022e-12
3,6,0.4077070127883692,0.4077070127884202,5.101474798152594e-14
3,8,0.42742867150129565,0.4274286715042013,2.9056201888977284e-12
3,11,0.41637324617943317,0.41637324617969834,2.6517676943171864e-13
3,13,0.42082660119276877,0.42082660119872956,5.9607874192124655e-12
3,16,0.4195443854178292,0.41954438542106753,3.238354029377888e-12
4,0,0.4120303609740397,0.4120303609741237,8.398837181289309e-14
4,1,0.43314418027259827,0.4331441802726457,4.7406523151494184e-14
4,2,0.4013563683367118,0.401356368336785,7.321920847402907e-14
4,6,0.42338526423863687,0.4233852642386782,4.135580766728708e-14
4,7,0.4415205916699408,0.44152059167002816,8.737455203799982e-14
4,9,0.4253290222570538,0.4253290222588788,1.8249846078788323e-12
4,12,0.4162817731940274,0.4162817731956293,1.6018852910804071e-12
4,17,0.4447359089866638,0.4447359090047861,1.8122281453258893e-11
5,0,0.4098934010913584,0.40989340109250144,1.14303011500283e-12
5,2,0.42140129451317404,0.42140129451388536,7.113198918773378e-13
5,3,0.418335935765375,0.4183359357686641,3.2891467327544888e-12
5,8,0.41776523011474986,0.41776523013092176,1.617189715474865e-11
5,10,0.4086120309402755,0.40861203094554843,5.27294874430595e-12
5,13,0.42257923018180416,0.4225792302192634,3.745925791776017e-11
5,18,0.4360326302815587,0.43603263031775624,3.619754496142491e-11
5,26,0.4170731346707502,0.41707313480069264,1.2994244569242142e-10
6,0,0.4257127293047128,0.42571272930472026,7.438494264988549e-15
6,1,0.41393777786811836,0.4139377778681192,8.326672684688674e-16
6,3,0.42555267547019754,0.4255526754702099,1.2378986724570495e-14
6,4,0.4125198456453306,0.41251984564536115,3.0531133177191805e-14
6,9,0.4213646901917866,0.42136469019187384,8.72635297355373e-14
6,11,0.43632957100725006,0.4363295710072586,8.548717289613705e-15
6,14,0.430919940092284,0.43091994009228884,4.829470157119431e-15
6,19,0.4372490878233399,0.4372490878233399,0.0
6,27,0.43546855454524164,0.4354685545452464,4.773959005888173e-15
7,0,0.423488426873208,0.42348842687321814,1.0158540675320182e-14
7,2,0.42204407200657673,0.4220440720065831,6.38378239159465e-15
7,4,0.42025862750354503,0.4202586275035885,4.346523141407488e-14
7,10,0.42525008577012535,0.4252500857701592,3.3861802251067274e-14
7,12,0.4042923955200183,0.40429239552012475,1.0647038806155251e-13
7,15,0.40320937912861493,0.40320937912862165,6.716849298982197e-15
7,20,0.40763086924731173,0.4076308692475096,1.978417429882029e-13
7,28,0.41886584903185753,0.41886584903187474,1.7208456881689926e-14
8,0,0.4198542621482663,0.4198542621496474,1.3810619314824635e-12
8,3,0.4085221787129378,0.40852217871688623,3.948452675928138e-12
8,5,0.4339577942514098,0.43395779426718695,1.5777157358343175e-11
8,11,0.4230611788322057,0.423061178833673,1.4673262604958381e-12
8,13,0.43016681746719937,0.43016681751146235,4.4262982168419285e-11
8,16,0.40724902891463666,0.4072490289356229,2.0986268278733178e-11
8,21,0.411607621653474,0.4116076218146057,1.6113171907861101e-10
8,29,0.4002361469795331,0.400236147062167,8.26338997228504e-11
9,1,0.41815727552150606,0.41815727552164383,1.3777867735598193e-13
9,4,0.41074997279392794,0.410749972795807,1.8790524691780774e-12
9,6,0.4162658324607805,0.41626583246090043,1.199040866595169e-13
9,12,0.42156332693628074,0.42156332694091564,4.634903572053872e-12
9,14,0.4278620281241677,0.4278620281245846,4.1694425689797754e-13
9,17,0.4080690671563763,0.40806906720840513,5.202882569221856e-11
9,22,0.44165013002339504,0.441650130035767,1.2371936808364126e-11
9,30,0.4234169424884573,0.4234169425775296,8.907230508725661e-11
10,2,0.43250992069821154,0.43250992069846167,2.5013324744804777e-13
10,5,0.3997644305075981,0.39976443051107025,3.472166998363946e-12
10,7,0.43603643504119993,0.43603643504134787,1.479372180313021e-13
10,13,0.4113137164418477,0.41131371645012,8.272271756482041e-12
10,15,0.42707104321439443,0.4270710432145818,1.8735013540549517e-13
10,18,0.40399152650551107,0.40399152651464965,9.138578782597051e-12
10,23,0.4371718314414579,0.4371718314427178,1.259936599495859e-12
10,31,0.43165534978131553,0.43165534979026127,8.945733043219661e-12
11,1,0.42102195283429766,0.42102195283432037,2.270406085358445e-14
11,3,0.42402031876005597,0.4240203187602239,1.6792123247455493e-13
11,6,0.42215832263325537,0.4221583226332746,1.9206858326015208e-14
11,8,0.40805597924661735,0.40805597924724823,6.308842337432452e-13
11,14,0.42002406669382614,0.42002406669386794,4.1799896877137144e-14
11,16,0.41524330186372727,0.41524330186447295,7.456812944894864e-13
11,19,0.412773734858853,0.4127737348588684,1.5432100042289676e-14
11,24,0.427462423757842,0.4274624237581116,2.6961766153021927e-13
11,32,0.4205482401051829,0.420548240105245,6.211697822777751e-14
12,2,0.44043208368093434,0.4404320836811114,1.7708057242771247e-13
12,4,0.4051707903976864,0.40517079039925336,1.566968776955946e-12
12,7,0.45186342618683145,0.45186342618704295,2.1149748619109232e-13
12,9,0.42488439259946686,0.42488439260387184,4.404976383654002e-12
12,15,0.4088083976436375,0.40880839764385923,2.2171153801764376e-13
12,17,0.42222889398249325,0.4222288940259269,4.343364556902429e-11
12,20,0.401810627800952,0.4018106278080431,7.091105480583337e-12
12,25,0.4036106037323878,0.4036106037916406,5.925282486884953e-11
12,33,0.41437849781413416,0.4143784978389394,2.480521343883879e-11
13,3,0.43107735104113176,0.43107735105663386,1.5502099603992292e-11
13,5,0.42786214995957506,0.4278621500343501,7.477501950958754e-11
13,8,0.42203997625341716,0.4220399763435696,9.015244106791442e-11
13,10,0.4182246913401225,0.4182246913640219,2.3899382473047126e-11
13,16,0.4402065969851966,0.4402065970778795,9.268291689679131e-11
13,18,0.4622494590664642,0.4622494592824427,2.1597851285193315e-10
13,21,0.41275725436376115,0.4127572556868229,1.3230617712522985e-09
13,26,0.42676944441755327,0.42676944569810893,1.2805556615091973e-09
13,34,0.41642145403400344,0.4164214565579388,2.5239353385053676e-09
14,1,0.4216459913963916,0.4216459913963916,0.0
14,6,0.390736593105581,0.390736593105581,0.0
14,9,0.4263461764229749,0.42634617642299966,2.475797344914099e-14
14,11,0.4038965939749263,0.4038965939749263,0.0
14,19,0.4101574384945882,0.4101574384945882,0.0
14,22,0.42854926976467567,0.4285492697647334,5.773159728050814e-14
14,27,0.42913261683331744,0.42913261683331844,9.992007221626409e-16
14,35,0.4252893557366474,0.42528935573670595,5.856426454897701e-14
15,2,0.4369546061360621,0.43695460613607473,1.2656542480726785e-14
15,7,0.435137422568666,0.4351374225686754,9.381384558082573e-15
15,10,0.40768280548586616,0.4076828054859189,5.2735593669694936e-14
15,12,0.4394722737965527,0.4394722737967318,1.79134485023269e-13
15,20,0.4056496535364046,0.4056496535367375,3.329003739338532e-13
15,23,0.41983913981916904,0.41983913981921556,4.651834473179406e-14
15,28,0.4332907033621682,0.4332907033621976,2.942091015256665e-14
15,36,0.42463948698361337,0.4246394869836451,3.175237850427948e-14
16,3,0.41776814393852474,0.41776814394251477,3.99003052820035e-12
16,8,0.4078937877714263,0.40789378779042723,1.900091195494724e-11
16,11,0.43714410382707464,0.4371441038286057,1.5310530621093221e-12
16,13,0.4092480390770938,0.40924803911910995,4.2016168322334124e-11
16,21,0.41307810283972296,0.4130781029897217,1.4999873565457733e-10
16,24,0.4186623792835799,0.418662379289631,6.051104062265722e-12
16,29,0.42710092317232773,0.42710092325154164,7.921391320664384e-11
16,37,0.4146875216602729,0.41468752168866785,2.839495305551054e-11
16,50,0.3932270907805139,0.39322709087678936,9.627548758217586e-11
17,4,0.39449017098398786,0.39449017103797235,5.3984483550095774e-11
17,9,0.4074209571495684,0.40742095730249794,1.5292955790613405e-10
17,12,0.4143494354575147,0.41434943559008874,1.3257406283884166e-10
17,22,0.4113311163461293,0.4113311167073735,3.6124420121907974e-10
17,25,0.43238944889066916,0.43238945155886793,2.6681987730370338e-09
17,30,0.4056152911610005,0.40561529456175244,3.400751957816084e-09
17,38,0.4361936190245953,0.436193627626426,8.60183069217868e-09
17,51,0.4287898613851857,0.42878987930018103,1.791499532055596e-08
18,5,0.4226256719123461,0.4226256719520862,3.974010009955009e-11
18,10,0.40691140191252245,0.40691140192795755,1.5435097644456164e-11
18,13,0.4033428821619057,0.4033428822774448,1.1553907830474941e-10
18,23,0.4337986556819346,0.43379865569323234,1.1297740520888055e-11
18,26,0.42006832506240604,0.4200683254690659,4.066598724428161e-10
18,31,0.43009888358823956,0.4300988836949299,1.0669032324273076e-10
18,39,0.4278960574283737,0.4278960579402474,5.118736545739466e-10
18,52,0.41921035909972293,0.41921035954929436,4.495714356345104e-10
19,6,0.4411433288021315,0.4411433288021338,2.3314683517128287e-15
19,11,0.4231749432397429,0.42317494323975313,1.021405182655144e-14
19,14,0.42078656407050796,0.42078656407051546,7.494005416219807e-15
19,24,0.4089247530724716,0.4089247530725027,3.108624468950438e-14
19,27,0.3854665065643501,0.3854665065643576,7.494005416219807e-15
19,32,0.4208748261241233,0.4208748261241311,7.771561172376096e-15
19,40,0.4185565741000257,0.41855657410003133,5.6066262743570405e-15
19,45,0.41313829233090366,0.41313829233091875,1.509903313490213e-14
19,53,0.4041089780201882,0.40410897802018847,2.7755575615628914e-16
20,7,0.43658365235652796,0.43658365235693375,4.057865155004947e-13
20,12,0.43761441624089575,0.43761441624831354,7.41778860557929e-12
20,15,0.4365833392457937,0.4365833392462198,4.261035968511351e-13
20,25,0.41524964150761173,0.4152496416212059,1.1359418961021106e-10
20,28,0.4359218900246911,0.43592189002596277,1.2716494524056543e-12
20,33,0.4169543994484889,0.4169543994960686,4.757971794333571e-11
20,41,0.43110891638647264,0.43110891638913684,2.664202192192988e-12
20,46,0.4321033363249979,0.4321033365688808,2.4388285835286183e-10
20,54,0.4283728212313975,0.4283728212763859,4.498834638155813e-11
21,8,0.4187464132367774,0.4187464136847311,4.4795367415417786e-10
21,13,0.4153113325643715,0.41531133419301786,1.6286463289105768e-09
21,16,0.4073356476258699,0.40733564807874484,4.528749597554338e-10
21,26,0.4112388952617629,0.4112389024679736,7.2062107392412145e-09
21,29,0.42336571835853565,0.4233657210127085,2.654172825966583e-09
21,34,0.4071528199638889,0.40715283520760037,1.5243711459778098e-08
21,42,0.4050275376682961,0.4050275509845041,1.331620802513811e-08
21,47,0.43811503411191494,0.4381150644948427,3.0382927784788905e-08
21,55,0.4244771267361789,0.42447716688966347,4.015348459285306e-08
22,9,0.4119228696316117,0.41192286964441616,1.2804479698758087e-11
22,14,0.40786447159596434,0.40786447159697564,1.011302153131055e-12
22,17,0.4283455825284272,0.4283455826545153,1.2608808441783026e-10
22,27,0.41937239381725905,0.4193723938182691,1.0100253966527362e-12
22,30,0.43532712738193213,0.4353271275977884,2.1585627729692192e-10
22,35,0.42258557928718116,0.4225855793175521,3.0370927994738395e-11
22,43,0.4270215447352078,0.4270215450501961,3.1498831321030707e-10
22,48,0.4279942422386994,0.42799424225549004,1.679062444637225e-11
22,56,0.3920094269645891,0.3920094272094218,2.4483265415042865e-10
23,10,0.4386100630380573,0.4386100630390279,9.706124792785431e-13
23,15,0.43374354743351645,0.43374354743365723,1.4077627952246985e-13
23,18,0.3987659588135249,0.39876595881822646,4.701572464682613e-12
23,28,0.42500940125699727,0.42500940125732606,3.287925487427401e-13
23,31,0.41937305786593265,0.41937305787055335,4.62069271733867e-12
23,36,0.39762098271730345,0.3976209827178736,5.701550342962491e-13
23,44,0.42930239766334527,0.42930239766750217,4.156897048801511e-12
23,49,0.411953905846639,0.41195390584678687,1.4788170688007085e-13
23,57,0.43865108659479773,0.4386510865962378,1.4400702852412905e-12
24,11,0.4213598286009798,0.421359828601364,3.841926776715354e-13
24,16,0.4097887897704705,0.4097887897748861,4.4155790135391726e-12
24,19,0.41964000823041264,0.41964000823047815,6.550315845288424e-14
24,29,0.4085934737083874,0.40859347372323396,1.4846568419102368e-11
24,32,0.4253187413933879,0.4253187413936693,2.814415367424772e-13
24,37,0.41880300239048035,0.4188030023964043,5.92392801479491e-12
24,45,0.4329582511001421,0.43295825110060804,4.659606034351782e-13
24,58,0.4241677098516158,0.4241677098547572,3.1414315593281117e-12
25,12,0.41731363138589556,0.4173136315673072,1.8141166346907767e-10
25,17,0.40254867634774105,0.40254867902175473,2.6740136771508105e-09
25,20,0.41502366686283787,0.4150236671992596,3.3642172381220803e-10
25,30,0.42290267425991396,0.42290267891466077,4.654746810217603e-09
25,33,0.4185926105463508,0.41859261190556996,1.3592191816513832e-09
25,38,0.42227946445193365,0.42227947622851003,1.1776576380739812e-08
25,46,0.4235257084018895,0.42352571652373366,8.121844141673051e-09
25,59,0.4301061857475653,0.4301062172826527,3.153508737474553e-08
26,5,0.4058876190805938,0.40588761944664914,3.6605535269629286e-10
26,13,0.42522483411182793,0.42522483572534564,1.6135177083320684e-09
26,18,0.4354910775915546,0.4354910786674184,1.075863786947906e-09
26,21,0.4051842645764641,0.4051842719571021,7.380637989662375e-09
26,31,0.40462148784817287,0.4046214888908687,1.0426958185760782e-09
26,34,0.4218878648297795,0.4218878801293002,1.5299520650380316e-08
26,39,0.4188512966453042,0.41885130582455116,9.179246973634037e-09
26,47,0.4284027036819536,0.42840273422148806,3.053953445686375e-08
26,60,0.4210121545958379,0.42101219273296847,3.8137130564663835e-08
27,6,0.42125881393705195,0.42125881393705195,0.0
27,14,0.4217083301044989,0.4217083301044989,0.0
27,19,0.42329011006535205,0.42329011006535205,0.0
27,22,0.4109860299187562,0.41098602991879474,3.852473895449293e-14
27,32,0.41819418166255334,0.41819418166255334,0.0
27,35,0.4324728457853509,0.43247284578539,3.913536161803677e-14
27,40,0.4248634961193016,0.4248634961193016,0.0
27,48,0.4072753571212999,0.4072753571213211,2.120525977034049e-14
27,61,0.40423160232175515,0.4042316023217635,8.326672684688674e-15
28,7,0.40402887181070146,0.40402887181072816,2.6700863742235015e-14
28,15,0.41483151851742717,0.414831518517456,2.881028748902281e-14
28,20,0.41517852991931636,0.41517852992024284,9.264811140496931e-13
28,23,0.4283943096260327,0.4283943096261172,8.448797217397441e-14
28,33,0.4277899815254497,0.4277899815288322,3.382460977974233e-12
28,36,0.41350164569295295,0.4135016456930124,5.945244296867713e-14
28,41,0.41276537494843557,0.41276537494861126,1.7569279364693102e-13
28,49,0.4251255334477916,0.42512553344780957,1.7985612998927536e-14
28,62,0.40376097583765974,0.40376097583779325,1.3350431871117507e-13
29,8,0.4247676382470706,0.4247676383831749,1.361042945013935e-10
29,16,0.42754464620654353,0.4275446463486411,1.4209755594407625e-10
29,21,0.42745224828057654,0.4274522500150499,1.734473342729359e-09
29,24,0.41377964315707294,0.41377964319259464,3.5521696695184346e-11
29,34,0.395405001499003,0.39540500442063636,2.921633379671107e-09
29,37,0.4145325048495804,0.41453250504919065,1.9961027275527954e-10
29,42,0.4019274816824919,0.40192748472020545,3.0377135251669074e-09
29,50,0.43125046145906776,0.43125046221125807,7.521903100382588e-10
29,63,0.4328422816875911,0.4328422862421231,4.554532029299452e-09
30,9,0.41807553343387505,0.418075533708426,2.7455093754014115e-10
30,17,0.4126127573407375,0.41261276086790133,3.527163838779046e-09
30,22,0.41896329218942363,0.4189632928380928,6.486691739304717e-10
30,25,0.3950450633598895,0.3950450681772015,4.817311993754458e-09
30,35,0.4019529176352085,0.40195291829280677,6.57598253628322e-10
30,38,0.41578759956131117,0.41578761518462376,1.562331258808669e-08
30,43,0.4276428797785537,0.42764288880832635,9.029772651825141e-09
30,51,0.4380686583762893,0.4380686909357139,3.255942460089756e-08
30,64,0.39951873152844264,0.3995187731218514,4.159340877274431e-08
31,10,0.4133680112711561,0.41336801128611966,1.496358592589786e-11
31,18,0.42909824934260454,0.42909824944835084,1.0574630060489199e-10
31,23,0.41869760359853136,0.41869760360949965,1.096828183833054e-11
31,26,0.43905270323911133,0.4390527036307182,3.916068580522847e-10
31,36,0.43399702391687284,0.43399702392447426,7.60141949385229e-12
31,39,0.4293803761846485,0.4293803766775007,4.928521479818926e-10
31,44,0.4357170844132226,0.43571708450569085,9.246825527498004e-11
31,52,0.45637195447962803,0.456371954912526,4.3289799522838734e-10
31,65,0.42017694943502376,0.42017694970164055,2.666167842058087e-10
32,11,0.4348607499627456,0.4348607499628054,5.978550987606468e-14
32,19,0.4331349604350178,0.43313496043502925,1.1435297153639112e-14
32,24,0.4152432893657541,0.41524328936594734,1.932343174360085e-13
32,27,0.4332456115337593,0.43324561153378954,3.0253577421035516e-14
32,37,0.4267364774246632,0.4267364774253575,6.942779684493416e-13
32,40,0.425571174556722,0.425571174556745,2.298161660974074e-14
32,45,0.4068754478977163,0.40687544789779306,7.677192215282957e-14
32,53,0.41592230530995455,0.41592230530996344,8.881784197001252e-15
32,66,0.4358361236642445,0.43583612366428776,4.324318680914985e-14
33,12,0.4310166073224431,0.43101660737390374,5.1460613548215406e-11
33,20,0.43528281311994255,0.4352828132150995,9.515693788486601e-11
33,25,0.4424140078055401,0.44241400877501413,9.694740565890925e-10
33,28,0.4171836144747132,0.417183614483128,8.414824392843911e-12
33,38,0.4144361039262671,0.4144361068361915,2.9099243570307465e-09
33,41,0.4115000556811863,0.41150005569764075,1.645444891451575e-11
33,46,0.43385194429049556,0.43385194643027136,2.139775800991117e-09
33,54,0.4397050286364971,0.43970502895541247,3.1891539409301117e-10
33,67,0.42433856261151925,0.4243385659984986,3.3869793636398526e-09
34,13,0.4079330493793037,0.40793305793349577,8.554192076903888e-09
34,21,0.41532245221059627,0.4153224979056203,4.569502404239145e-08
34,26,0.41155408568489965,0.41155413087383125,4.5188931596662485e-08
34,29,0.40386080030293237,0.4038608122435533,1.194062093645698e-08
34,39,0.41630086092213814,0.4163009192613297,5.8339191588707706e-08
34,42,0.403506614434141,0.40350670098443514,8.655029415383098e-08
34,47,0.4078327167666632,0.4078331024690582,3.8570239496715786e-07
34,55,0.41758380645807286,0.4175843453916429,5.389335700489717e-07
34,68,0.4358677589560705,0.435869052950286,1.2939942155010264e-06
35,14,0.42554701269949363,0.42554701270052236,1.02873265461767e-12
35,22,0.4207689453984667,0.4207689454289681,3.050137920013185e-11
35,27,0.4142963528992859,0.4142963529003131,1.0271783423831948e-12
35,30,0.41545708550799887,0.41545708572752693,2.1952806239511347e-10
35,40,0.42330468995058274,0.4233046899513572,7.744915819785092e-13
35,43,0.42279678205238935,0.4227967823727372,3.203478593505338e-10
35,48,0.4195106727355734,0.4195106727526497,1.70762848306083e-11
35,56,0.4357189770711619,0.4357189773201597,2.489977668496124e-10
35,69,0.4280022473888051,0.42800224753031574,1.4151063654210816e-10
36,15,0.4088770924601216,0.408877092460219,9.742207041085749e-14
36,23,0.40449327088421466,0.4044932708847762,5.615508058554042e-13
36,28,0.3958701537063832,0.39587015370661044,2.2726265314076954e-13
36,31,0.41116773763156483,0.4111677376347322,3.167355266953109e-12
36,41,0.4041559818869099,0.40415598188730995,4.0006886692367516e-13
36,44,0.41383616620582553,0.41383616620867464,2.849109836944308e-12
36,49,0.4192527209937218,0.419252720993824,1.0219602941674566e-13
36,57,0.4124246620651899,0.41242466206617806,9.881540030676206e-13
36,70,0.4168333234874844,0.41683332348784335,3.589351038613131e-13
37,16,0.4047163898161009,0.4047163898463148,3.0213886947905166e-11
37,24,0.4237344733134949,0.4237344733221352,8.64031068914528e-12
37,29,0.4173214002157415,0.4173214003332375,1.1749601291910494e-10
37,32,0.4216782640158512,0.4216782640174193,1.5681345111318024e-12
37,42,0.4284080689237942,0.42840806929935826,3.7556407983529994e-10
37,45,0.3983738271571202,0.39837382715958847,2.468247828346648e-12
37,50,0.41934607314387906,0.4193460732854527,1.4157364169875564e-10
37,58,0.44372890501590323,0.44372890503481754,1.891431455902648e-11
37,71,0.41985024896268347,0.4198502491133748,1.5069134828848973e-10
38,17,0.4030858674119582,0.4030858929345092,2.5522551017065354e-08
38,25,0.4310812398757664,0.4310812747736964,3.489792999022967e-08
38,30,0.43006966041278116,0.43006970573824477,4.5325463604584115e-08
38,33,0.41639334603954303,0.41639335699870517,1.0959162133339362e-08
38,43,0.4278988920570532,0.4278989592204477,6.716339445711483e-08
38,46,0.42337776261849164,0.42337784354321395,8.092472231213677e-08
38,51,0.4103257395917805,0.41032614963928926,4.1004750878093077e-07
38,59,0.4295915755941265,0.4295921363574366,5.607633101201159e-07
38,72,0.4242363844365651,0.4242377223901562,1.3379535911406393e-06
39,18,0.43626472703649954,0.43626472842211084,1.38561129237047e-09
39,26,0.41027602685241044,0.41027603612732927,9.274918832957724e-09
39,31,0.41284503219719204,0.4128450335399838,1.342791766667517e-09
39,34,0.4285346522800555,0.428534672120998,1.984094250007118e-08
39,44,0.39635499471998303,0.39635499592172035,1.2017373207662274e-09
39,47,0.4166334535635603,0.4166334931836283,3.9620068004175835e-08
39,52,0.42718570904887443,0.4271857194035612,1.0354686774682875e-08
39,60,0.4020350339772476,0.4020350834602436,4.948299597851147e-08
39,73,0.4272753414582842,0.4272753813923005,3.993401626045667e-08
40,19,0.4065605821041952,0.4065605821041952,0.0
40,27,0.4260865763382626,0.4260865763382626,0.0
40,32,0.4294362391571479,0.4294362391571479,0.0
40,35,0.4079597046924957,0.40795970469253584,4.013456234019941e-14
40,48,0.4102797607434978,0.41027976074351985,2.2037927038809357e-14
40,53,0.42572388660576166,0.42572388660576166,0.0
40,61,0.42014348603708157,0.4201434860370902,8.604228440844963e-15
40,74,0.4011482207261334,0.4011482207261356,2.220446049250313e-15
41,20,0.41842218257823655,0.41842218257916153,9.249823129664492e-13
41,28,0.4296189415470561,0.4296189415471422,8.609779555968089e-14
41,33,0.4019150519566993,0.401915051960005,3.3056890558214036e-12
41,36,0.42864434591114264,0.4286443459112,5.734301922188934e-14
41,49,0.40123695281664495,0.401236952816661,1.6042722705833512e-14
41,54,0.4174071682829905,0.41740716828605473,3.064215547965432e-12
41,62,0.4063707914422119,0.4063707914423483,1.3639089857520048e-13
41,75,0.4240349872595688,0.42403498726287314,3.3043567881918534e-12
42,21,0.41655211503216616,0.4165521293163728,1.4284206650838627e-08
42,29,0.43589317652947895,0.43589318154419543,5.014716475404413e-09
42,34,0.43936415849902594,0.43936418856518,3.0066154066421547e-08
42,37,0.38966797605913894,0.38966797725733887,1.1981999281651667e-09
42,50,0.41314110429283085,0.41314110916346203,4.8706311761570475e-09
42,55,0.4186247832389444,0.41862486285082157,7.961187714622397e-08
42,63,0.4421999886091681,0.4422000275962816,3.898711348204742e-08
42,76,0.4129142692979366,0.41291440823765235,1.3893971573253339e-07
43,22,0.4253801890759632,0.42538019004165895,9.656957455916881e-10
43,30,0.42926882499532465,0.4292688341564276,9.161102931809495e-09
43,35,0.4205239020586273,0.4205239030376254,9.789981048058394e-10
43,38,0.41225984545869676,0.4122598688073647,2.3348667943512424e-08
43,51,0.4297485153390463,0.42974856400873496,4.866968866812371e-08
43,56,0.41192875451215966,0.4119287649564121,1.0444252462882275e-08
43,64,0.43045745567425353,0.43045751787053466,6.219628112535958e-08
43,77,0.4034550825127367,0.4034551321659355,4.965319877481278e-08
44,23,0.43520864683641036,0.4352086468462319,9.821532476195216e-12
44,31,0.44224222264749075,0.4422422227397186,9.222783647899746e-11
44,36,0.42565112534630534,0.42565112535311184,6.8064998082206785e-12
44,39,0.43648551183677226,0.4364855122772772,4.4050496583736276e-10
44,52,0.38196932102666814,0.381969321413592,3.8692388182326454e-10
44,57,0.4178192257517748,0.4178192257769077,2.5132895764556906e-11
44,65,0.42227023284454174,0.42227023308286266,2.3832091855524595e-10
44,78,0.41642784750410655,0.4164278476085012,1.0439465958356209e-10
45,19,0.40712990398128285,0.4071299039813007,1.787459069646502e-14
45,24,0.43836910424762526,0.43836910424790226,2.7700064464397656e-13
45,32,0.4355653418504356,0.43556534185050255,6.694644838489694e-14
45,37,0.41829802401583904,0.41829802401677635,9.373057885397884e-13
45,53,0.42397335712604617,0.4239733571260589,1.2712053631958042e-14
45,58,0.4250733571449742,0.4250733571456213,6.470934899027725e-13
45,66,0.43249380040430474,0.4324938004043755,7.077671781985373e-14
45,79,0.4028972600679258,0.4028972600684751,5.492828414332962e-13
46,20,0.40807526275413164,0.40807526355156615,7.974345073158418e-10
46,25,0.4091515386126511,0.40915154737162013,8.758969050060017e-09
46,33,0.42018971512201025,0.4201897183660317,3.244021440362843e-09
46,38,0.4305509651022046,0.4305509936957493,2.8593544698640727e-08
46,54,0.4177035437225452,0.41770354641088303,2.6883378301256755e-09
46,59,0.43531253275155674,0.43531260956642176,7.681486502431056e-08
46,67,0.42725838590763,0.42725841685359284,3.094596284780593e-08
46,80,0.41966692706203945,0.41966705862308323,1.3156104378131417e-07
47,21,0.3928654505570725,0.3928655478945534,9.733748090878791e-08
47,26,0.4305403162267407,0.43054041252061215,9.629387143217372e-08
47,34,0.42153847303179365,0.4215388637900459,3.9075825225554084e-07
47,39,0.4300408767868733,0.4300410011344939,1.2434762058921578e-07
47,55,0.4126742756492824,0.41267542936114116,1.1537118587701123e-06
47,60,0.41046208006767837,0.4104631912363737,1.1111686953335642e-06
47,68,0.42476667369862786,0.42476943729069777,2.763592069909837e-06
47,81,0.4320815835428449,0.43208504052694924,3.456984104310834e-06
48,22,0.4240545442163749,0.42405454423237154,1.5996648450311568e-11
48,27,0.39640121956549007,0.3964012195660288,5.387357226993572e-13
48,35,0.4206478618122763,0.42064786182847513,1.619882006309581e-11
48,40,0.41237173361086643,0.4123717336112727,4.0628611586157604e-13
48,56,0.40806165939598016,0.40806165952656887,1.3058870651505572e-10
48,61,0.4140719218336581,0.4140719218373934,3.735289855200108e-12
48,69,0.42624934865363523,0.42624934872785075,7.421552261632769e-11
48,82,0.4135767810118073,0.4135767810398979,2.8090640924460786e-11
49,23,0.42142937778489536,0.42142937778500256,1.0719203302755886e-13
49,28,0.43193884810081323,0.43193884810086586,5.262457136723242e-14
49,36,0.4349834083790634,0.4349834083791388,7.538414337204813e-14
49,41,0.45057320989396765,0.4505732098940618,9.414691248821327e-14
49,57,0.437616619073705,0.437616619073876,1.709743457922741e-13
49,62,0.4199694710075295,0.41996947100759474,6.522560269672795e-14
49,70,0.40268491053962013,0.4026849105396843,6.417089082333405e-14
49,83,0.4146984789020382,0.4146984789021067,6.850076061937216e-14
50,16,0.43503683580443037,0.4350368359302965,1.258661508352077e-10
50,29,0.4286036363703451,0.4286036368913793,5.210342157724313e-10
50,37,0.4302273214153562,0.43022732158890553,1.7354934156443846e-10
50,42,0.40413615046292084,0.4041361522286741,1.7657532658255093e-09
50,58,0.41477569669447545,0.41477569676840575,7.393030632130149e-11
50,63,0.4040757217003669,0.40407572429626076,2.5958938887349348e-09
50,71,0.4427967036330577,0.44279670428603174,6.529740637084558e-10
50,84,0.4268933303599459,0.42689333332095564,2.9610097151966386e-09
51,17,0.413712773232036,0.41371282869568904,5.546365305919565e-08
51,30,0.4192639704315527,0.4192640689376456,9.850609289374646e-08
51,38,0.40569972868093396,0.40570014321269343,4.1453175947392396e-07
51,43,0.4204475941112745,0.42044774008338015,1.459721056251695e-07
51,59,0.4312548493749435,0.43125606857381815,1.2191988746357296e-06
51,64,0.4114995346376789,0.41150075988917534,1.2252514964283812e-06
51,72,0.42401483576020754,0.424017739758216,2.903998008452202e-06
51,85,0.4010528270237538,0.4010566786742387,3.851650484942848e-06
52,18,0.4263056536533929,0.4263056548593226,1.2059296894406657e-09
52,31,0.4215304986228227,0.42153049979151336,1.16869064425984e-09
52,39,0.41298824494466124,0.41298825527273003,1.0328068789089428e-08
52,44,0.43360582319419627,0.43360582424013294,1.0459366706072615e-09
52,60,0.4163924725270889,0.41639251556134416,4.303425527041327e-08
52,65,0.4308021841575488,0.43080218922996394,5.072415154572241e-09
52,73,0.4114896046672519,0.41148963939520006,3.472794818382141e-08
52,86,0.40931230378639644,0.4093123232697968,1.9483400337527712e-08
53,19,0.41507498542256677,0.41507498542256677,0.0
53,32,0.41961604269349656,0.4196160426934967,1.6653345369377348e-16
53,40,0.423782166166501,0.4237821661665032,2.220446049250313e-15
53,45,0.4158445868402112,0.415844586840216,4.829470157119431e-15
53,61,0.4048871603238928,0.4048871603239197,2.6867397195928788e-14
53,66,0.41692014910986414,0.4169201491098661,1.942890293094024e-15
53,74,0.41726087397749173,0.4172608739774985,6.772360450213455e-15
53,87,0.44125355677586614,0.44125355677586714,9.992007221626409e-16
54,20,0.4125471946158659,0.41254719466436673,4.850081447571597e-11
54,33,0.41521869611848045,0.4152186962880204,1.695399376444584e-10
54,41,0.4303329755021962,0.43033297551169225,9.496070596526351e-12
54,46,0.4211981216779241,0.4211981225467796,8.688554875568855e-10
54,62,0.4322476735277852,0.43224767353509363,7.308431637653712e-12
54,67,0.40195008783922076,0.4019500892044594,1.3652386443574471e-09
54,75,0.42846132322099534,0.42846132339389437,1.7289902842776428e-10
54,88,0.40816009904528344,0.4081601006302645,1.5849810353074645e-09
55,21,0.4236803356063372,0.42368047520262825,1.3959629102666682e-07
55,34,0.40725910893506956,0.40725968372528765,5.747902180885944e-07
55,42,0.43182437136415375,0.4318246367231997,2.653590459589239e-07
55,47,0.4276873769192025,0.4276885933207046,1.2164015020799113e-06
55,63,0.429191002778784,0.4291914127760688,4.0999728478929853e-07
55,68,0.4135060822199616,0.4135102320751555,4.149855193924523e-06
55,76,0.4273424728808327,0.42734571752363576,3.2446428030463714e-06
55,89,0.40768245689921073,0.4076903697774714,7.912878260685208e-06
56,22,0.40448414656889586,0.4044841473150205,7.461246620543704e-10
56,35,0.4307053710232337,0.4307053717796347,7.564009973926034e-10
56,43,0.41665767547790095,0.4166576858814316,1.04035306480732e-08
56,48,0.42394463365201485,0.4239446340646797,4.1266484673840864e-10
56,64,0.4272058288636133,0.4272058768820451,4.8018431786367444e-08
56,69,0.40230116162247553,0.40230116608803057,4.465555036858859e-09
56,77,0.4277397966770867,0.4277398350141815,3.8337094776519365e-08
56,90,0.4065236569031027,0.406523677093392,2.019028927380262e-08
57,23,0.4383309683613076,0.43833096836408547,2.777889029914604e-12
57,36,0.43795176375239914,0.4379517637543283,1.9291790387399033e-12
57,44,0.43364324684306743,0.4336432468648363,2.176886448879145e-11
57,49,0.4236925617405851,0.4236925617410134,4.2826853174915414e-13
57,65,0.4136807036383533,0.4136807036980477,5.969441607689419e-11
57,70,0.42870084847153905,0.4287008484737501,2.2110646646922305e-12
57,78,0.41961471797858957,0.4196147180050374,2.6447843914922942e-11
57,91,0.4212383020335761,0.4212383020415194,7.943312674285607e-12
58,24,0.4187987551733726,0.4187987551760222,2.6496027594191673e-12
58,37,0.42881268903754777,0.4288126890476771,1.012934180977254e-11
58,45,0.40901727911634694,0.40901727911731944,9.724998584204059e-13
58,50,0.4143629131622103,0.41436291319201496,2.9804658741028334e-11
58,66,0.42051213086139005,0.4205121308619297,5.396239011190573e-13
58,71,0.4093900219818156,0.40939002201345537,3.1639746378431255e-11
58,79,0.4105808683647966,0.4105808683699808,5.1841864134871685e-12
58,92,0.4384484830664504,0.4384484830951582,2.870781390384991e-11
59,25,0.4188745541561833,0.4188746617703125,1.0761412921889146e-07
59,38,0.404335504410635,0.40433610495791633,6.005472813486179e-07
59,46,0.4205999186747336,0.4206001687760387,2.501013050548728e-07
59,51,0.4222011767923005,0.42220246951269186,1.2927203913437602e-06
59,67,0.40931461697814364,0.4093150178027697,4.008246260456261e-07
59,72,0.4389680667087628,0.43897236731304823,4.300604285412124e-06
59,80,0.4087481749103932,0.4087514400169602,3.265106566952003e-06
59,93,0.44711628367882594,0.44712446516360455,8.181484778602144e-06
60,26,0.4304435307433836,0.43044366528094463,1.3453756103620762e-07
60,39,0.4071295054314753,0.40712967923799565,1.7380652034271193e-07
60,47,0.4194358325519961,0.41943702835944785,1.1958074517259831e-06
60,52,0.4181946480798776,0.4181947992491092,1.5116923157698636e-07
60,68,0.4374524121533963,0.4374565236408504,4.111487454105944e-06
60,73,0.4486294401116349,0.4486306393140327,1.199202397772492e-06
60,81,0.43756656981716713,0.4375716955427452,5.125725578092322e-06
60,94,0.4227156853169257,0.42271979164493234,4.106328006625581e-06
61,27,0.43868530791861027,0.4386853079188293,2.1904700275854339e-13
61,40,0.42708764472843125,0.42708764472859634,1.6509016376176078e-13
61,48,0.41951059976119914,0.41951059976483723,3.6380898293941755e-12
61,53,0.42352543236819107,0.42352543236822987,3.880229471064922e-14
61,69,0.4195479005392378,0.4195479005693927,3.015487859414634e-11
61,74,0.4149283960382936,0.4149283960387082,4.1455727739503345e-13
61,82,0.4244911483399306,0.4244911483513434,1.1412759626239222e-11
61,95,0.4332564967081237,0.4332564967099456,1.821875983409882e-12
62,28,0.40339326256953684,0.4033932625695475,1.0658141036401503e-14
62,41,0.4301523653168263,0.4301523653168472,2.0872192862952943e-14
62,49,0.445211938222827,0.44521193822282884,1.8318679906315083e-15
62,54,0.42483153420073866,0.4248315342011756,4.3692827134123036e-13
62,70,0.43000015730188407,0.43000015730189656,1.2490009027033011e-14
62,75,0.41414346581514605,0.4141434658156173,4.712341628021477e-13
62,83,0.42180155451617934,0.4218015545161928,1.3433698597964394e-14
62,96,0.42284533001767727,0.42284533001811697,4.3970382890279325e-13
63,29,0.4087650725108267,0.40876508024360636,7.732779638836007e-09
63,42,0.4187776971635325,0.41877773708413063,3.992059810498105e-08
63,50,0.4157621459010016,0.4157621533796946,7.478692998219572e-09
63,55,0.41182114536536263,0.4118212698996183,1.2453425568548226e-07
63,71,0.40343459377113466,0.4034346017509574,7.979822747028464e-09
63,76,0.42983248951876524,0.42983270698118,2.1746241474218664e-07
63,84,0.4243017170487669,0.424301787396768,7.034800109106953e-08
63,97,0.4212040144935264,0.42120426762226915,2.5312874274430186e-07
64,30,0.41691465038697917,0.4169147921440914,1.4175711221531273e-07
64,43,0.4150609769020527,0.4150611870673484,2.1016529572204234e-07
64,51,0.4131813673632948,0.413182683735561,1.3163722661913013e-06
64,56,0.41369557368298177,0.413695736282312,1.6259933022233497e-07
64,72,0.41494886666031605,0.41495326799277804,4.401332461989593e-06
64,77,0.4238013855168618,0.42380272278175346,1.3372648916543106e-06
64,85,0.3986857908944324,0.3986916119494389,5.821055006516307e-06
64,98,0.422563548366606,0.4225680525724483,4.504205842303932e-06
65,31,0.4176931850820628,0.4176931857141423,6.320794998515566e-10
65,44,0.41619010240955057,0.4161901029753347,5.657841417594511e-10
65,52,0.41939100733246265,0.41939101199973927,4.6672766207400684e-09
65,57,0.4124419516777328,0.41244195183450505,1.5677226183896664e-10
65,73,0.43881970391268893,0.4388197213451655,1.7432476573375766e-08
65,78,0.4358967122065926,0.43589671325659096,1.0499983660317014e-09
65,86,0.42991074148563635,0.42991075130503736,9.81940101452139e-09
65,99,0.3839911872172071,0.38399119064761617,3.4304090679171395e-09
66,32,0.4035255711366423,0.40352557113667,2.7700064464397656e-14
66,45,0.4045268413882816,0.40452684138833217,5.057065877167588e-14
66,53,0.4029660748446228,0.40296607484463004,7.216449660063518e-15
66,58,0.4206452200458388,0.4206452200460711,2.3225865675158275e-13
66,74,0.42181133562321144,0.4218113356232762,6.478151348687788e-14
66,79,0.41290024605845743,0.4129002460586546,1.971756091734278e-13
66,87,0.4255906331937163,0.42559063319374285,2.653433028854124e-14
66,100,0.41407342190697716,0.4140734219071231,1.4593881658697683e-13
67,33,0.42592958764919703,0.4259295928806558,5.231458766186137e-09
67,46,0.4190326281449019,0.41903265964046565,3.149556376813578e-08
67,54,0.4384383213060483,0.43843832563611834,4.330070024760602e-09
67,59,0.43503994314648003,0.43504006753367447,1.243871944334174e-07
67,75,0.40827341495242403,0.4082734196250108,4.672586761955699e-09
67,80,0.4172110941534507,0.4172113072973175,2.1314386677850905e-07
67,88,0.4222660318044051,0.4222660900938782,5.828947313712973e-08
67,101,0.42447346308052397,0.4244737121423682,2.490618442041459e-07
68,34,0.42384868313904905,0.4238556416937633,6.958554714220355e-06
68,47,0.41704197353181144,0.4170568598037618,1.4886271950342866e-05
68,55,0.403150825647124,0.4031726753060892,2.184965896517843e-05
68,60,0.4060459474039764,0.40606739818973336,2.145078575693793e-05
68,76,0.43793180899708045,0.4379762885231263,4.4479526045859696e-05
68,81,0.4380705926039636,0.4382190703291546,0.00014847772519099856
68,89,0.42453560458643,0.4248123571656722,0.000276752579242201
68,102,0.4016077348103619,0.4020225973894144,0.000414862579052544
69,35,0.4073473132016743,0.40734731360083826,3.991639796474544e-10
69,48,0.43314174483753154,0.43314174505541164,2.1788010284851111e-10
69,56,0.42674444746936,0.4267444516867523,4.2173922687460674e-09
69,61,0.42411521311811545,0.42411521320842804,9.03125907392166e-11
69,77,0.4263558929957147,0.4263559128403821,1.98446674093411e-08
69,82,0.43084775794869407,0.4308477588067537,8.580596233542792e-10
69,90,0.40510235702553626,0.40510236748654627,1.0461010002682514e-08
69,103,0.43104538026310996,0.43104538322216185,2.9590518924038633e-09
70,36,0.4165282297340017,0.4165282297345933,5.915823386715147e-13
70,49,0.43136162213629087,0.4313616221364265,1.3561374245796287e-13
70,57,0.4438988146141836,0.4438988146161556,1.971978136339203e-12
70,62,0.4198404092270611,0.4198404092273759,3.1480373863246314e-13
70,78,0.42397820825518395,0.4239782082626338,7.449874050990957e-12
70,83,0.39914012923939135,0.3991401292397607,3.693712002927896e-13
70,91,0.43315892147485074,0.4331589214771702,2.319477943046877e-12
70,104,0.42005366884486345,0.42005366884542006,5.566103133958222e-13
71,37,0.42492685739257574,0.4249268575778146,1.8523887979071674e-10
71,50,0.43042441428058265,0.4304244149352851,6.547024589131922e-10
71,58,0.39475607917263067,0.39475607925147127,7.884060071461363e-11
71,63,0.4217227470576918,0.421722749831537,2.7738452090808607e-09
71,79,0.419157159706194,0.41915715977279433,6.660033635697005e-11
71,84,0.42114384134507205,0.4211438445091252,3.1640531306109665e-09
71,92,0.4331184392894838,0.4331184399240779,6.345940994911814e-10
71,105,0.4117177624172335,0.41171776517531494,2.7580814299099643e-09
72,38,0.4351994748365635,0.43520663365661894,7.158820055419568e-06
72,51,0.4097178544351943,0.409733404490767,1.5550055572688404e-05
72,59,0.4188292545938773,0.4188517086375862,2.2454043708874938e-05
72,64,0.41236247173710716,0.4123853160702539,2.284433314675427e-05
72,80,0.4090550345054942,0.40909869507189833,4.366056640414673e-05
72,85,0.42500676955375555,0.4251686572913333,0.00016188773757774833
72,93,0.4066919727640068,0.4069715831839478,0.0002796104199410121
72,106,0.4286429768612068,0.42905888043655543,0.00041590357534865285
73,39,0.4143498645350127,0.41434998890351427,1.2436850155284063e-07
73,52,0.4193346025979481,0.4193347107762773,1.0817832923892823e-07
73,60,0.41526625468004413,0.41526736270744047,1.1080273963348652e-06
73,65,0.417173049068606,0.41717310625308823,5.718448226055273e-08
73,81,0.4286317364857152,0.4286351775738414,3.4410881262214588e-06
73,86,0.4360937994052787,0.43609424152144943,4.4211617072908993e-07
73,94,0.4150177715577714,0.4150205186537804,2.747096009003691e-06
73,107,0.41122785213882923,0.4112290496640068,1.1975251775764306e-06
74,40,0.41259188245273903,0.4125918824527806,4.157785227221211e-14
74,53,0.4221710320169362,0.4221710320169457,9.547918011776346e-15
74,61,0.41875354796932546,0.4187535479697075,3.8202774277351637e-13
74,66,0.41757349759007584,0.4175734975901031,2.7255975254547593e-14
74,82,0.4105150799242425,0.4105150799271401,2.897571071969196e-12
74,87,0.4246280068792122,0.4246280068792376,2.5368596112684827e-14
74,95,0.4075548018704689,0.40755480187092874,4.598543767997398e-13
74,108,0.4251639787083515,0.4251639787083868,3.530509218307998e-14
75,41,0.40566609231861644,0.40566609232888184,1.0265399641440354e-11
75,54,0.41953644279836516,0.41953644297169396,1.7332879576059668e-10
75,62,0.42034125745597356,0.4203412574638745,7.900957665896158e-12
75,67,0.42516729092017025,0.42516729239630213,1.4761318833933501e-09
75,83,0.3971994569931211,0.3971994570004296,7.308487148804943e-12
75,88,0.39672999034914624,0.396729992062874,1.7137277708023646e-09
75,96,0.39546264523932695,0.3954626454136698,1.743428734712893e-10
75,109,0.4080641121540008,0.4080641136140167,1.4600158859678913e-09
76,42,0.42914844739716845,0.4291489729662335,5.255690650463052e-07
76,55,0.44869861745807216,0.4487021050013147,3.487543242530755e-06
76,63,0.421502289651292,0.421503102590045,8.129387529809406e-07
76,68,0.4251916588168508,0.4252003510299672,8.692213116445746e-06
76,84,0.42684641874751145,0.4268473751622939,9.564147824270286e-07
76,89,0.42986720160854647,0.42988380156918515,1.659996063868574e-05
76,97,0.41975703024510685,0.4197647703997128,7.740154605972993e-06
76,110,0.407227903596673,0.40724902899388987,2.1125397216881225e-05
77,43,0.4177969444276117,0.4177970923490697,1.4792145797137835e-07
77,56,0.42417998870592155,0.42418010316423127,1.1445830971901216e-07
77,64,0.41846541638783075,0.41846665608289113,1.2396950603843493e-06
77,69,0.43843387946663254,0.43843394090622234,6.143958980464603e-08
77,85,0.41849669718291727,0.4185005897246631,3.8925417458202105e-06
77,90,0.42394066597282354,0.4239411344379978,4.6846517426368806e-07
77,98,0.417971246674964,0.41797424950918444,3.0028342204446723e-06
77,111,0.4209882405153485,0.4209895304300928,1.2899147442957393e-06
78,44,0.4365434128005758,0.4365434130145041,2.139283195035091e-10
78,57,0.4162488387886915,0.416248838848622,5.993050500308073e-11
78,65,0.4347793389453371,0.4347793399064751,9.611380025198457e-10
78,70,0.4238316313735382,0.4238316313917726,1.8234413978746034e-11
78,86,0.42899145891449086,0.42899146238065694,3.466166076382393e-09
78,91,0.4219566899035508,0.42195668997710556,7.355477338322203e-11
78,99,0.40992563094185824,0.409925632186923,1.2450647735029463e-09
78,112,0.41969909041928327,0.419699090622179,2.0289575575205276e-10
79,45,0.4217220594789,0.4217220594797219,8.218981051300034e-13
79,58,0.43025807653227266,0.4302580765374374,5.164757510556228e-12
79,66,0.4225944436353261,0.42259444363578247,4.563571742721706e-13
79,71,0.4140089376643412,0.4140089376909985,2.6657287488518477e-11
79,87,0.4092785895902171,0.40927858959056723,3.501088308155431e-13
79,92,0.4188479651887082,0.4188479652128953,2.4187096769878735e-11
79,100,0.41171107832562515,0.4117110783288275,3.2023272922288015e-12
79,113,0.4089973496569962,0.4089973496737176,1.672140204078687e-11
80,46,0.42078426273699215,0.42078474198143867,4.792444465162582e-07
80,59,0.4090883882342186,0.4090918511634141,3.4629291955079466e-06
80,67,0.4111273088189992,0.4111280772380279,7.684190286849635e-07
80,72,0.4172246226050742,0.4172331789140554,8.556308981222394e-06
80,88,0.4208181182336167,0.4208190194742789,9.012406622099789e-07
80,93,0.43060494991209797,0.4306212494656068,1.6299553508847264e-05
80,101,0.42548621588410207,0.4254937172256454,7.501341543314499e-06
80,114,0.4207859105836504,0.4208066498606978,2.0739277047432392e-05
81,47,0.43873830437580197,0.4387530873535846,1.4782977782623608e-05
81,60,0.4139141024447468,0.41393529707389143,2.119462914462744e-05
81,68,0.4049355278745939,0.4050660042138376,0.00013047633924367918
81,73,0.43651907854461997,0.4365338347812978,1.4756236677848644e-05
81,89,0.42412472252993455,0.4243846626165094,0.00025994008657487244
81,94,0.4228821039253895,0.4230116685540581,0.0001295646286685881
81,102,0.41290092571982734,0.4132772195762292,0.00037629385640186586
81,115,0.4276074711462312,0.42786591060777257,0.0002584394615413599
82,48,0.4084571109122181,0.40845711098780624,7.5588146852823e-11
82,61,0.42601766130065444,0.42601766133199376,3.133932002796769e-11
82,69,0.4156988181802346,0.4156988189836683,8.034337084517063e-10
82,74,0.41811033426439825,0.4181103342728064,8.40816305469616e-12
82,90,0.416902188202143,0.4169021917646545,3.5625115080151204e-09
82,95,0.4120119538341265,0.4120119538719454,3.781891466658749e-11
82,103,0.4240174575303646,0.42401745854746986,1.0171052333696196e-09
82,116,0.4042004168459126,0.4042004169516432,1.0573059094909354e-10
83,49,0.41276705127983077,0.4127670512798496,1.8818280267396403e-14
83,62,0.4282402904255444,0.4282402904256034,5.900835375882707e-14
83,70,0.4173868562794466,0.41738685627951505,6.84452494681409e-14
83,75,0.42137653335933106,0.42137653336130265,1.9715895582805842e-12
83,91,0.4018909626303005,0.40189096263050894,2.0844437287337314e-13
83,96,0.40006931209603575,0.4000693120978765,1.8407497748285095e-12
83,104,0.4091122466373628,0.4091122466374478,8.498757253505573e-14
83,117,0.41192256982036074,0.41192256982156167,1.2009282457370318e-12
84,50,0.43653703844769487,0.4365370472035375,8.755842606511521e-09
84,63,0.40970710191709153,0.40970717336341034,7.144631880562358e-08
84,71,0.4110163226435765,0.41101633198639964,9.342823126257116e-09
84,76,0.436995394084834,0.43699565211271363,2.580278796182611e-07
84,92,0.4338691814317973,0.4338691899566149,8.524817574073751e-09
84,97,0.42417767598403944,0.42417797633093735,3.0034689790792157e-07
84,105,0.41702788394595214,0.4170279550650886,7.11191364688446e-08
84,118,0.3974567001398568,0.3974569536742672,2.5353441041042757e-07
85,51,0.43673198235259525,0.4367488149825175,1.6832629922247655e-05
85,64,0.4446061047290381,0.4446307259010184,2.462117198026581e-05
85,72,0.4078499819503293,0.4079942365640498,0.00014425461372052917
85,77,0.42792480178659154,0.4279418446005143,1.704281392278517e-05
85,93,0.4277430190640161,0.4280311266050112,0.0002881075409951195
85,98,0.4336827999526365,0.43383058656809337,0.00014778661545689076
85,106,0.4432081982613384,0.44362355727624175,0.00041535901490336036
85,119,0.4183238523663773,0.41861665377997687,0.0002928014135995527
86,52,0.44704957704610726,0.4470496345386016,5.749249432085435e-08
86,65,0.3982580445475103,0.39825807497531335,3.0427803054955405e-08
86,73,0.42906509456184067,0.429065532059283,4.3749744232934873e-07
86,78,0.4042734144172234,0.40427342566912566,1.1251902243269996e-08
86,94,0.42877082099284725,0.42877227913778093,1.458144933685901e-06
86,99,0.4066674709637741,0.4066675118983256,4.0934551526206064e-08
86,107,0.42874142782987784,0.42874206209831256,6.342684347182548e-07
86,120,0.4155390568255003,0.41553915515287326,9.832737296600058e-08
87,53,0.42560609581942316,0.4256060958194273,4.163336342344337e-15
87,66,0.45663595617277525,0.4566359561727991,2.3869795029440866e-14
87,74,0.4305792564111711,0.4305792564112158,4.468647674116255e-14
87,79,0.4246191433576736,0.4246191433578102,1.366129431801255e-13
87,95,0.4214635528156426,0.42146355281584436,2.017830347256222e-13
87,100,0.43404862745671924,0.43404862745682044,1.0119682869458302e-13
87,108,0.41682385657586585,0.4168238565758824,1.6542323066914832e-14
87,121,0.4249391672382916,0.42493916723835135,5.972999872483342e-14
88,54,0.4353585228015212,0.43535852789075496,5.0892337566388335e-09
88,67,0.4050923270433958,0.40509238586436286,5.8820967041572914e-08
88,75,0.40736266552617983,0.40736267101800344,5.491823606984525e-09
88,80,0.4420115664078338,0.44201181777276805,2.513649342561486e-07
88,96,0.44455903150737125,0.44455903663301316,5.12564191090803e-09
88,101,0.42243893268677396,0.42243922641707454,2.9373030058232885e-07
88,109,0.43638688571342105,0.43638694383125864,5.811783759801514e-08
88,122,0.43200489770857115,0.43200515084597624,2.5313740509291804e-07
89,55,0.40447304321736044,0.4045167771908165,4.3733973456083763e-05
89,68,0.42547212934453965,0.42575043419528374,0.0002783048507440933
89,76,0.4321134771518564,0.43220255331055496,8.907615869857555e-05
89,81,0.41608192089819257,0.4163797904602753,0.00029786956208271986
89,97,0.4283762566156269,0.42847925317787244,0.00010299656224554976
89,102,0.40004135119382117,0.4008731354377996,0.0008317842439784506
89,110,0.42254964984578813,0.4233296637615481,0.0007800139157599917
89,123,0.41598548016586984,0.41700626756925624,0.0010207874033864028
90,56,0.42440442663298494,0.4244044844421782,5.7809193265701e-08
90,69,0.42763404138605227,0.4276340724248154,3.1038763115276424e-08
90,77,0.423378906452654,0.42337936840726564,4.6195461161913087e-07
90,82,0.4288737524659488,0.4288737634772673,1.101131852365711e-08
90,98,0.4412548893798034,0.4412564019222949,1.5125424915329866e-06
90,103,0.42254067940870865,0.4225407194316143,4.002290565630062e-08
90,111,0.4333697777033357,0.43337042767582723,6.499724915509653e-07
90,124,0.44221762828029954,0.44221771990805564,9.16277561047174e-08
91,57,0.4087257469781985,0.4087257469866045,8.405998119798141e-12
91,70,0.4183490064498147,0.418349006452564,2.7493007870305064e-12
91,78,0.4100847747263854,0.41008477476024835,3.386296798524313e-11
91,83,0.4207887237028718,0.4207887237042201,1.3483103522560214e-12
91,99,0.42965472471767335,0.42965472481339445,9.572109771482928e-11
91,104,0.42135218951327863,0.42135218951540243,2.1238011349566932e-12
91,112,0.42377724560356933,0.4237772456295296,2.5960289473658804e-11
91,125,0.443068109685926,0.44306810968967414,3.7481129311345285e-12
92,58,0.43511230339352336,0.435112303465408,7.18846648872784e-11
92,71,0.4325598460584138,0.432559846695196,6.367821825392639e-10
92,79,0.41092267508003805,0.4109226751407625,6.072442548799017e-11
92,84,0.4309829315922257,0.43098293448667,2.894444295353793e-09
92,100,0.42671892508495024,0.4267189251291287,4.417843868509408e-11
92,105,0.4256796944883449,0.42567969701130026,2.522955344641531e-09
92,113,0.4198005389578714,0.4198005393484713,3.9059988576894966e-10
92,126,0.3992611511826302,0.399261152860156,1.6775257849488412e-09
93,59,0.4234695968543069,0.42351472176968596,4.512491537905783e-05
93,72,0.4139938629721562,0.4142757040061875,0.0002818410340313382
93,80,0.4186948138528125,0.41878260161761593,8.778776480344863e-05
93,85,0.42796400383944716,0.42829032868435407,0.00032632484490691116
93,101,0.40084277399047824,0.40094575463888865,0.00010298064841041121
93,106,0.42933008729480726,0.4301684290758822,0.0008383417810749472
93,114,0.4291024291024447,0.42989258328677277,0.0007901541843280402
93,127,0.42234733700953114,0.4233894071309949,0.001042070121463734
94,60,0.4148701815265394,0.41489143324317085,2.125171663142078e-05
94,73,0.43426948872049775,0.43428420646963045,1.4717749132697744e-05
94,81,0.43005694338571165,0.43020388096949824,0.00014693758378658828
94,86,0.43802736725907004,0.4380351665158607,7.799256790674836e-06
94,102,0.41883798516123844,0.4192481724024696,0.00041018724123115247
94,107,0.4286502872718471,0.4286730376782973,2.2750406450167127e-05
94,115,0.41543786142199274,0.41571012000295243,0.00027225858095969446
94,128,0.42978035066780806,0.42982375366391107,4.340299610300358e-05
95,61,0.4135834516785501,0.4135834516804143,1.8642309917993316e-12
95,74,0.4238012987622115,0.42380129876272077,5.092593013955593e-13
95,82,0.42024833238693393,0.42024833240096776,1.4033829653925523e-11
95,87,0.42121769718434965,0.42121769718447266,1.2301271112846734e-13
95,103,0.4282140723047804,0.4282140723510886,4.630817951323252e-11
95,108,0.4244490958980416,0.42444909589821517,1.7358336990014323e-13
95,116,0.41984259465809676,0.4198425946642769,6.180167488878396e-12
95,129,0.42114910831573255,0.4211491083160451,3.1252778143198157e-13
96,62,0.419623455086352,0.41962345509373844,7.386424805133629e-12
96,75,0.4299338321707915,0.429933832345585,1.7479351299698465e-10
96,83,0.41991099940299037,0.4199109994098231,6.8327565827530634e-12
96,88,0.4176791490389217,0.4176791506422957,1.603373989134127e-09
96,104,0.4301188894925412,0.43011888949901306,6.471878588598656e-12
96,109,0.4263591259044164,0.42635912727040126,1.365984880763449e-09
96,117,0.419930740425912,0.41993074053264173,1.0672973616010495e-10
96,130,0.42526757618048044,0.4252675770866366,9.061561501155779e-10
97,63,0.4185509612938205,0.4185519029105893,9.416167687792409e-07
97,76,0.4102619541375019,0.4102696573969758,7.703259473912372e-06
97,84,0.418123501318607,0.418124609082382,1.1077637750434022e-06
97,89,0.4210057321237476,0.4210248772691769,1.9145145429333432e-05
97,105,0.4217239620631924,0.4217248998876069,9.37824414515287e-07
97,110,0.4050298893427399,0.4050542476517865,2.4358309046568216e-05
97,118,0.43762845327884425,0.43763596135741684,7.5080785725822885e-06
97,131,0.4268325810935961,0.4268515798935095,1.8998799913405584e-05
98,64,0.4194125756359592,0.41943598167849255,2.340604253336931e-05
98,77,0.4149249114716054,0.4149410385979713,1.612712636595015e-05
98,85,0.4109693690291733,0.411135245383534,0.00016587635436071668
98,90,0.41080567501662996,0.4108138118930216,8.136876391617864e-06
98,106,0.4180428064253507,0.41846894442634414,0.0004261380009934479
98,111,0.4510956255273711,0.45111977388923796,2.4148361866871415e-05
98,119,0.4158811689261562,0.41617238209885166,0.0002912131726954814
98,132,0.399201530974727,0.3992462248164483,4.469384172128832e-05
99,65,0.4306629681111376,0.4306629716975648,3.5864272107666295e-09
99,78,0.401833842778212,0.40183384419845386,1.420241868554939e-09
99,86,0.42933114442706216,0.42933115801034594,1.3583283775542299e-08
99,91,0.4188972656546288,0.4188972659107727,2.561438838810659e-10
99,107,0.433156639864732,0.433156672481726,3.261699399459417e-08
99,112,0.4190975504051303,0.41909755111861585,7.134855484203229e-10
99,120,0.41910892399786537,0.4191089345156122,1.0517746840132958e-08
99,133,0.42127846164005683,0.4212784630189352,1.3788783448376307e-09
100,66,0.44069514899409123,0.44069514899442414,3.329003739338532e-13
100,79,0.4145743052644073,0.41457430526758166,3.1743496720082476e-12
100,87,0.42757929905919,0.42757929905944453,2.5451862839531714e-13
100,92,0.38651917666712854,0.3865191766846239,1.7495338511253067e-11
100,108,0.42443317888181986,0.4244331788820541,2.3425705819590803e-13
100,113,0.4358466968375623,0.43584669684965843,1.2096157409047237e-11
100,121,0.4075480362749196,0.40754803627625746,1.3378742558245449e-12
100,134,0.395417439771488,0.39541743977832877,6.8407501885303645e-12
101,67,0.4210509694926778,0.42105187117574083,9.016830630481643e-07
101,80,0.43825095645197726,0.43825845916329403,7.502711316775823e-06
101,88,0.4017910522095217,0.4017921097467654,1.0575372436649744e-06
101,93,0.41825657715436787,0.4182756876809621,1.911052659425705e-05
101,109,0.4211845676780673,0.42118545748038944,8.898023221570739e-07
101,114,0.416929185580807,0.4169534995625911,2.4313981784096494e-05
101,122,0.4316194300391416,0.4316269772148826,7.547175740973966e-06
101,135,0.4213586236654424,0.42137811414103754,1.949047559512973e-05
102,68,0.42638567607895217,0.43314098047081767,0.006755304391865502
102,81,0.38455413343757106,0.3908749955539542,0.0063208621163831635
102,89,0.42565767323165343,0.4392082230588335,0.01355054982718007
102,94,0.42033165253076876,0.4270152783385764,0.006683625807807625
102,110,0.42822464440337543,0.4484008355115798,0.020176191108204344
102,115,0.42686098532253747,0.4403379692540796,0.01347698393154212
102,123,0.41430732077581567,0.4965061137652731,0.08219879298945743
102,136,0.42374831012772374,0.44387207385622274,0.020123763728499
103,69,0.43884107458385774,0.4388410776419323,3.058074571349323e-09
103,82,0.41403268698110635,0.414032688103552,1.1224456364367086e-09
103,90,0.4205173491536398,0.4205173629270172,1.3773377383063945e-08
103,95,0.4211832470234028,0.42118324716529715,1.4189432961941861e-10
103,111,0.41563073790533644,0.41563077221808165,3.4312745200715256e-08
103,116,0.4113055663846019,0.4113055667816219,3.9701997245344955e-10
103,124,0.3978980372118058,0.3978980458157296,8.603923795647006e-09
103,137,0.4191981052824687,0.4191981060647238,7.822550940339568e-10
104,70,0.4012265958037876,0.4012265958040097,2.2210011607626257e-13
104,83,0.4160528720159516,0.4160528720161466,1.9501067427540875e-13
104,91,0.4146664924477979,0.4146664924484877,6.897815651996098e-13
104,96,0.4177953116164475,0.41779531162191935,5.4718451991675465e-12
104,112,0.4252377018918356,0.4252377018934973,1.661726312107703e-12
104,117,0.3996562688681582,0.39965626887172817,3.569977646833422e-12
104,125,0.40693005471795896,0.4069300547183637,4.047318036271008e-13
104,138,0.4128395325028022,0.41283953250465844,1.8562373860220305e-12
105,71,0.40638630230386724,0.4063863102499623,7.946095059718772e-09
105,84,0.40604895988112577,0.40604902995397735,7.007285157678567e-08
105,92,0.42913296214724167,0.4291329693973697,7.250128053470917e-09
105,97,0.41406614285004273,0.41406639504019244,2.5219014970767617e-07
105,113,0.41167020209957694,0.4116702068988814,4.7993044538507945e-09
105,118,0.4370666822840872,0.43706689517589514,2.128918079602471e-07
105,126,0.41854902670932886,0.4185490653594227,3.86500938476253e-08
105,139,0.40698018467106384,0.40698031285073305,1.2817966921208068e-07
106,72,0.41820122874237914,0.4250520760091953,0.0068508472668161735
106,85,0.4142644558381098,0.4212986848162338,0.007034228978124002
106,93,0.41475781671798767,0.4285676784994591,0.013809861781471422
106,98,0.4359682808174872,0.4429878812492336,0.007019600431746431
106,114,0.4086692373470671,0.4291512699925361,0.020482032645468995
106,119,0.4172996119348638,0.4313840565036223,0.014084444568758514
106,127,0.41673328951279703,0.5009190513112571,0.0841857617984601
106,140,0.4163865971154921,0.436666796737185,0.020280199621692918
107,73,0.4310292728236199,0.43103055576158145,1.282937961533115e-06
107,86,0.4244749887674266,0.4244756743055134,6.855380867976102e-07
107,94,0.43407361262850497,0.4340779874774741,4.3748489691464165e-06
107,99,0.4067234913816873,0.40672360682813113,1.1544644384908764e-07
107,115,0.42879213501089514,0.4288004383458153,8.303334920189975e-06
107,120,0.423259947232447,0.42326022585909756,2.786266505849788e-07
107,128,0.42667051151457697,0.4266738849905559,3.3734759789516566e-06
107,141,0.4115242517683243,0.4115246866463863,4.3487806200559476e-07
108,74,0.4100032394306315,0.4100032394306598,2.8310687127941492e-14
108,87,0.41254096878411645,0.4125409687841267,1.0269562977782698e-14
108,95,0.41957111794603597,0.41957111794616353,1.2756462552943049e-13
108,100,0.41209184251094017,0.4120918425110035,6.333822355486518e-14
108,116,0.4014352843806436,0.40143528438100085,3.5726976932437537e-13
108,121,0.43538182673367476,0.43538182673371223,3.7470027081099033e-14
108,129,0.42018662111443283,0.420186621114447,1.4155343563970746e-14
108,142,0.42360709237251926,0.42360709237253735,1.8096635301390052e-14
109,75,0.4234486176251352,0.4234486222339845,4.608849302201179e-09
109,88,0.4258916599945393,0.42589171746861215,5.747407283429595e-08
109,96,0.4232938035015076,0.4232938078030302,4.30152263808381e-09
109,101,0.43249563683363795,0.4324958823018432,2.4546820526216706e-07
109,117,0.4007695924746064,0.40076959527835226,2.803745846602368e-09
109,122,0.3912414549701701,0.39124166652195314,2.115517830358904e-07
109,130,0.4122140742217857,0.4122141062706265,3.204884080343362e-08
109,143,0.41999147777832013,0.41999160288330073,1.2510498059725705e-07
110,76,0.4395615622316471,0.43969147443903556,0.00012991220738844955
110,89,0.4261802755316331,0.42700595096586474,0.0008256754342316208
110,97,0.4279880618058247,0.4281382558006799,0.00015019399485516338
110,102,0.4343902121350683,0.43564297399788154,0.0012527618628132564
110,118,0.41730959610442403,0.4174354872691252,0.00012589116470118622
110,123,0.41683007543575024,0.41836750588501204,0.0015374304492618007
110,131,0.42533605693938775,0.42615224202446217,0.0008161850850744168
110,144,0.43672783638148605,0.4379733224655315,0.0012454860840454551
111,77,0.4343445206229072,0.43434589948237196,1.378859464773452e-06
111,90,0.406983175697159,0.4069838797143283,7.040171692840325e-07
111,98,0.4225897627015785,0.422594390163524,4.627461945516664e-06
111,103,0.4267458449837487,0.42674596136715104,1.1638340235986533e-07
111,119,0.41728555359747954,0.417294250975463,8.697377983479804e-06
111,124,0.4220222186229934,0.4220224855905322,2.669675387978465e-07
111,132,0.4105204179325253,0.41052384430551997,3.426372994663751e-06
111,145,0.4250555516761124,0.4250559808862431,4.2921013065910785e-07
112,78,0.4167510051464507,0.41675100524579795,9.934725264670874e-11
112,91,0.42039254873671356,0.42039254876509496,2.8381408334610114e-11
112,99,0.43798425094565285,0.4379842512289618,2.833089318698967e-10
112,104,0.42545249563091897,0.42545249563664195,5.722977647337757e-12
112,120,0.4192806636105324,0.41928066419430543,5.837730299163013e-10
112,125,0.4234627962846991,0.42346279629493516,1.023608975359025e-11
112,133,0.41204019783500573,0.41204019797499813,1.3999240655593326e-10
112,146,0.4323802812502496,0.4323802812667677,1.6518120204978004e-11
113,79,0.4213670298141693,0.4213670298545772,4.040789924886212e-11
113,92,0.43027058231709225,0.43027058269809315,3.8100089749804056e-10
113,100,0.4109948380490107,0.41099483807841325,2.94025359615091e-11
113,105,0.4163852834794692,0.41638528512263123,1.6431620508683409e-09
113,121,0.41701166808132123,0.41701166809789114,1.6569912109076768e-11
113,126,0.414740634044196,0.4147406351373078,1.0931118232804238e-09
113,134,0.42612484226941266,0.4261248424093687,1.3995604675187678e-10
113,147,0.4254093192169397,0.42540931975778284,5.408431480447007e-10
114,80,0.4192169655278468,0.41934455679275123,0.0001275912649044142
114,93,0.42184281876952073,0.4226778257519361,0.0008350069824153428
114,101,0.4109255960710177,0.41107526957890805,0.00014967350789035772
114,106,0.41813988994106255,0.41939707437541396,0.0012571844343514105
114,122,0.3965842253045668,0.39671244358542745,0.00012821828086068132
114,127,0.4192806519272752,0.4208433579803541,0.0015627060530788994
114,135,0.4050896214393749,0.4059509991298833,0.0008613776905084247
114,148,0.4277590457988335,0.42903712568106456,0.0012780798822310535
115,81,0.4082498122016757,0.4085460566368474,0.00029624443517167753
115,94,0.4266659123747253,0.4269407119917883,0.00027479961706300404
115,102,0.42094990728886683,0.4217772393739074,0.0008273320850405441
115,107,0.4451882298115505,0.4452339401876929,4.571037614242712e-05
115,123,0.4257611450516168,0.42677646869995317,0.001015323648336397
115,128,0.4199918238762915,0.4200790771385455,8.725326225395014e-05
115,136,0.41181401785911126,0.4125869075720008,0.000772889712889524
115,149,0.42435077654496295,0.4244520227790601,0.00010124623409712985
116,82,0.42455838926639294,0.42455838930724465,4.085171090295603e-11
116,95,0.4133480557786369,0.41334805578515826,6.521339024345707e-12
116,103,0.4211857202427565,0.42118572037754115,1.347846279031728e-10
116,108,0.41231793383026555,0.41231793383077137,5.058176100192213e-13
116,124,0.42900455908257884,0.42900455937400594,2.9142710467056077e-10
116,129,0.40573280042010185,0.4057328004210131,9.112710586123285e-13
116,137,0.41635718517291204,0.41635718520817794,3.526590131031071e-11
116,150,0.4325822744271992,0.43258227442870556,1.5063505998114124e-12
117,83,0.39691169851819075,0.39691169852259317,4.4024228706973645e-12
117,96,0.40662669865912854,0.40662669876425717,1.0512862802514178e-10
117,104,0.4254973741472944,0.42549737415146804,4.173661416473351e-12
117,109,0.4230437793769927,0.42304378025971046,8.827177322423552e-10
117,125,0.4225900413377705,0.42259004134203415,4.26364499261922e-12
117,130,0.43054679332244905,0.4305467939079839,5.85534842834079e-10
117,138,0.4296437364895445,0.4296437365252433,3.569877726761206e-11
117,151,0.4186403022932055,0.4186403025530947,2.5988922125463887e-10
118,84,0.42143431514601576,0.421435244219822,9.290738062217585e-07
118,97,0.4157233846817412,0.41573088107280637,7.496391065175967e-06
118,105,0.4034044706223171,0.4034052571895606,7.865672435047877e-07
118,110,0.40774278809342945,0.40776320675120864,2.04186577791865e-05
118,126,0.4100279273623682,0.4100284234842428,4.96121874582478e-07
118,131,0.42362729347025097,0.4236432187640434,1.5925293792462547e-05
118,139,0.41571128105285793,0.4157148082089904,3.5271561324989875e-06
118,152,0.4219740487601212,0.42198260287844325,8.554118322068316e-06
119,85,0.43632142786447514,0.43665416369252885,0.0003327358280537096
119,98,0.41964470512020996,0.4199391628717354,0.0002944577515254232
119,106,0.4339813214328798,0.43483691337778685,0.0008555919449070304
119,111,0.43186897276667974,0.431917217893383,4.824512670326131e-05
119,127,0.4596147914978861,0.46067830400334037,0.0010635125054542782
119,132,0.41583946531588334,0.41592880739014954,8.934207426619656e-05
119,140,0.44072027335846303,0.4415183189197722,0.0007980455613091908
119,153,0.434899411397571,0.43500570572220476,0.00010629432463377109
120,86,0.4149008321232796,0.4149008662438724,3.4120592795616744e-08
120,99,0.43867789240400473,0.43867790379705124,1.1393046506213977e-08
120,107,0.42622138128325493,0.4262214636515748,8.236831988694959e-08
120,112,0.42532033882311854,0.42532034050197176,1.6788532231082343e-09
120,128,0.4280899371033025,0.42809007561910617,1.385158036604217e-07
120,133,0.4163831341991563,0.41638313745134775,3.252191460578757e-09
120,141,0.4467053400379387,0.4467053796219856,3.958404687365302e-08
120,154,0.42401881651783463,0.4240188212300163,4.7121816448836285e-09
121,87,0.4326291243465093,0.43262912434665474,1.454392162258955e-13
121,100,0.4252576297982838,0.4252576297995811,1.2972956042744954e-12
121,108,0.43509957458916904,0.4350995745893026,1.3355982986240633e-13
121,113,0.41717309149069914,0.41717309149736825,6.669109708923315e-12
121,129,0.4328214959915096,0.4328214959916748,1.652011860642233e-13
121,134,0.4352998565853387,0.4352998565891129,3.77420317221322e-12
121,142,0.42921237621737235,0.42921237621772634,3.5399461140173116e-13
121,155,0.4127023877920459,0.4127023877936529,1.607047828144914e-12
122,88,0.4076030923141109,0.40760399829093374,9.059768228403264e-07
122,101,0.4140033380306186,0.4140108754542366,7.537423617975936e-06
122,109,0.4031097986718013,0.4031105609551262,7.622833249065764e-07
122,114,0.41120465720860694,0.411225487726202,2.0830517595049614e-05
122,130,0.43197491043113595,0.4319754081449141,4.977137781358998e-07
122,135,0.421329154007993,0.4213458515566421,1.6697548649136085e-05
122,143,0.4183223276406673,0.4183258850505522,3.5574098848911717e-06
122,156,0.41198986045453784,0.4119984492935867,8.588839048861985e-06
123,89,0.42191362478272404,0.43573909793195215,0.013825473149228107
123,102,0.42638632052646097,0.5023069448481384,0.07592062432167745
123,110,0.41059106108291926,0.4311564131748689,0.02056535209194965
123,115,0.4159680480063397,0.42971837693165604,0.013750328925316357
123,131,0.405478430836041,0.4191187221471903,0.0136402913111493
123,136,0.42449734712363607,0.44500888795808674,0.02051154083445067
123,144,0.4209451252258416,0.4966547942475895,0.07570966902174792
123,157,0.4286057072426182,0.4426527100985919,0.014047002855973711
124,90,0.4214680150996639,0.42146804771145135,3.2611787437186734e-08
124,103,0.44155646501764845,0.441556474112415,9.09476655097663e-09
124,111,0.4255299152372926,0.42552999667719155,8.143989893572012e-08
124,116,0.41975267792356935,0.41975267884790785,9.24338494634469e-10
124,132,0.4304272935829025,0.4304274275289784,1.339460758975619e-07
124,137,0.4140066712535642,0.4140066730751842,1.8216199659804033e-09
124,145,0.4262130566730047,0.4262130888452202,3.2172215502779267e-08
124,158,0.44163941464783046,0.4416394173276117,2.679781230252587e-09
125,91,0.4379229779924004,0.4379229779940474,1.6470158570314197e-12
125,104,0.42476360093238197,0.4247636009329844,6.024070131616099e-13
125,112,0.42469283737137964,0.4246928373753597,3.980038520978724e-12
125,117,0.4279383307729328,0.4279383307810228,8.08997313583859e-12
125,133,0.4465921651095928,0.44659216511678984,7.197020757132577e-12
125,138,0.4241760526118159,0.4241760526160211,4.2051917503727054e-12
125,146,0.4262509223043056,0.42625092230574524,1.4396261960314405e-12
125,159,0.42299950579903983,0.4229995058006374,1.597555421284369e-12
126,92,0.43221308612892956,0.4322130907363991,4.607469517026175e-09
126,105,0.4112335246740458,0.4112335623746519,3.770060613694781e-08
126,113,0.41650294967361506,0.4165029527249873,3.051372210460812e-09
126,118,0.42898140067275425,0.42898153328175703,1.3260900277867194e-07
126,134,0.4308226919799528,0.4308226935994604,1.619507583594526e-09
126,139,0.41173587381922716,0.41173595369978716,7.988055999996746e-08
126,147,0.4144541852363682,0.4144541962800247,1.1043656544806879e-08
126,160,0.4148863291464828,0.4148863615641647,3.241768187223215e-08
127,93,0.43469089884137474,0.448796779607666,0.014105880766291268
127,106,0.41105340190919665,0.48844671793159916,0.07739331602240251
127,114,0.4145843204754126,0.4354843717072744,0.020900051231861783
127,119,0.43549012429286127,0.44987559051297304,0.014385466220111776
127,135,0.42489398181987903,0.4395368551813596,0.014642873361480568
127,140,0.40207734344648066,0.422771473707572,0.020694130261091348
127,148,0.4376373830475767,0.5155336494505194,0.07789626640294267
127,161,0.4091336099870968,0.4231666486501186,0.014033038663021802
128,94,0.4131907639837941,0.4131993035061526,8.539522358463891e-06
128,107,0.41673742686556553,0.4167410038337927,3.5769682271702408e-06
128,115,0.4267926777147565,0.42680890739082844,1.6229676071954913e-05
128,120,0.43392359845913553,0.43392411845094425,5.199918087228639e-07
128,136,0.41738352106249815,0.4174041771892623,2.0656126764162508e-05
128,141,0.4157012738921367,0.41570208618345067,8.122913139896326e-07
128,149,0.42146393720881814,0.42147147291476994,7.535705951799976e-06
128,162,0.4168755496881786,0.4168764814483488,9.317601702418798e-07
129,95,0.4224470827840859,0.42244708278414933,6.34492458573277e-14
129,108,0.4158545038889937,0.41585450388899775,4.052314039881821e-15
129,116,0.44181422664201725,0.44181422664219544,1.7819079545233762e-13
129,121,0.4107065824556223,0.4107065824556402,1.787459069646502e-14
129,137,0.43589417373240563,0.43589417373275574,3.501088308155431e-13
129,142,0.4390693957655348,0.4390693957655445,9.71445146547012e-15
129,150,0.43312975405203014,0.4331297540520412,1.1046719095020308e-14
129,163,0.41050840353836504,0.41050840353836754,2.4980018054066022e-15
130,96,0.4267759746593625,0.4267759774577581,2.798395570824397e-09
130,109,0.44314152938485996,0.44314156099616026,3.161130029960546e-08
130,117,0.43209989607132393,0.43209989789538633,1.8240624011234274e-09
130,122,0.40964319678234384,0.4096433338048352,1.3702249135327804e-07
130,138,0.41696814678628535,0.41696814772830304,9.420176860786e-10
130,143,0.43058386709429913,0.43058394815419054,8.105989141027337e-08
130,151,0.403686117811009,0.4036861267824508,8.971441811667091e-09
130,164,0.4348168587554737,0.43481689062576184,3.1870288130786406e-08
131,97,0.421591718862619,0.42169340629362684,0.00010168743100785749
131,110,0.43906287230148205,0.4398324146558904,0.000769542354408348
131,118,0.41371879658731675,0.41380403395666454,8.523736934779036e-05
131,123,0.41228167616078637,0.413288375432467,0.0010066992716806222
131,139,0.4410623307468696,0.4411077757330174,4.544498614778014e-05
131,144,0.44977651620846215,0.45059205656581997,0.0008155403573578135
131,152,0.4213761059920185,0.4216551458317892,0.00027903983977067837
131,165,0.4114890501466349,0.41180661852702893,0.0003175683803940399
132,98,0.42387563930958977,0.42388438778382637,8.748474236597303e-06
132,111,0.42150168159098883,0.4215053001595119,3.618568523044985e-06
132,119,0.41748040275629994,0.4174968673222045,1.6464565904539263e-05
132,124,0.40332538517650046,0.4033258726279481,4.874514476504999e-07
132,140,0.41874205953165533,0.41876260093199114,2.0541400335805093e-05
132,145,0.4172420378931817,0.4172428219171433,7.840239615863887e-07
132,153,0.4322571781568938,0.43226478285638925,7.604699495455947e-06
132,166,0.4012841409326967,0.40128505275168425,9.118189875367833e-07
133,99,0.40403710716096386,0.4040371077223479,5.613840503571055e-10
133,112,0.43553467120987194,0.43553467135542717,1.4555523453196884e-10
133,120,0.4135083219103235,0.4135083230696119,1.1592883875088944e-09
133,125,0.42481848883320217,0.4248184888528165,1.961431017605264e-11
133,141,0.4214538744875518,0.4214538762132105,1.7256587270253476e-09
133,146,0.4431655060616788,0.4431655060934064,3.1727565019679105e-11
133,154,0.3976491166372599,0.3976491170283586,3.9109870897391374e-10
133,167,0.4297767520575773,0.4297767521010874,4.3510084424269735e-11
134,100,0.42648642275834225,0.4264864227740631,1.572086905099468e-11
134,113,0.428553645994775,0.42855364612973285,1.3495782269501433e-10
134,121,0.4008060863000674,0.4008060863089353,8.867906409193438e-12
134,126,0.42360732876848406,0.42360732933535605,5.668719937901301e-10
134,142,0.43804032673477533,0.4380403267388469,4.071576409359068e-12
134,147,0.41088387537667564,0.41088387565766893,2.809932841962848e-10
134,155,0.4175355585190552,0.41753555854805935,2.9004132429122365e-11
134,168,0.4366124424399436,0.4366124425408146,1.0087097823685554e-10
135,101,0.4236573892309494,0.4237640499115302,0.00010666068058079459
135,114,0.4135033327184214,0.41432364637089575,0.0008203136524743693
135,122,0.42207675563586977,0.42216812972953865,9.137409366888338e-05
135,127,0.39422818263372955,0.3953114316222001,0.0010832489884705643
135,143,0.4251773947998953,0.4252252184463042,4.7823646408873266e-05
135,148,0.42217499782635687,0.42306095266315213,0.0008859548367952663
135,156,0.40933340162021786,0.409621584006477,0.0002881823862591615
135,169,0.4191048724435945,0.4194401418739918,0.0003352694303973003
136,102,0.4208970032621849,0.4221467750372861,0.001249771775101216
136,115,0.4255138427806937,0.42633260950440377,0.0008187667237100626
136,123,0.4223236436309613,0.4238574044274152,0.001533760796453898
136,128,0.42939527408964545,0.42952284357557907,0.00012756948593362072
136,144,0.428073334941263,0.42931584830674724,0.0012425133654842546
136,149,0.41313682715753913,0.4132848474278416,0.00014802027030247356
136,157,0.4049234302465311,0.40575638770351763,0.0008329574569865272
136,170,0.4125766895054685,0.41270338646237026,0.00012669695690176175
137,103,0.4214963748678124,0.4214963751378929,2.700805135091855e-10
137,116,0.41085365587780764,0.410853655913888,3.6080360921175725e-11
137,124,0.42980547561561494,0.429805476199566,5.839510541783e-10
137,129,0.4359690005738901,0.43596900057571597,1.8258727862985324e-12
137,145,0.4142614863677114,0.4142614872883205,9.206091444724507e-10
137,150,0.4346679574255191,0.4346679574285385,3.0193625377705757e-12
137,158,0.42264186188697855,0.4226418619906795,1.0370093672662506e-10
137,171,0.41921682908622154,0.4192168290906055,4.383937657337356e-12
138,104,0.4475337234849794,0.44753372348711556,2.1361801216812637e-12
138,117,0.4063745977976726,0.40637459783292573,3.525313374552752e-11
138,125,0.4057027503949292,0.4057027503971192,2.1900259383755838e-12
138,130,0.40089508614365027,0.40089508644609,3.024397399187251e-10
138,146,0.40054486745267276,0.4005448674553332,2.6604274339092626e-12
138,151,0.41007157867180377,0.4100715788059176,1.3411383115169428e-10
138,159,0.425174833034216,0.4251748330410106,6.794620421857189e-12
138,172,0.39882262157686743,0.39882262161728693,4.0419501079469455e-11
139,105,0.4191560549647749,0.4191564832353061,4.282705311497992e-07
139,118,0.42141244437630254,0.4214157770034671,3.3326271645650607e-06
139,126,0.4145472044612106,0.4145474748391391,2.7037792849071707e-07
139,131,0.43620500760968406,0.43621330474064485,8.297130960788213e-06
139,147,0.414435902943996,0.41443601912086536,1.1617686934695115e-07
139,152,0.421144089703824,0.4211485516140675,4.461910243502842e-06
139,160,0.38246695039297385,0.3824676291735034,6.787805295616067e-07
139,173,0.4198218187930866,0.4198231390082465,1.32021515991676e-06
140,106,0.41806563662286267,0.4193104294940181,0.0012447928711554201
140,119,0.4033335263295727,0.4041739644113317,0.0008404380817589874
140,127,0.4075780501284393,0.40912535365277286,0.0015473035243335764
140,132,0.412440481921724,0.4125667071929809,0.00012622527125688565
140,148,0.41566403027365184,0.41692951262726186,0.0012654823536100146
140,153,0.40259814794943627,0.4027483190097989,0.00015017106036263606
140,161,0.4238756602395063,0.4246995119277392,0.0008238516882329017
140,174,0.42823035983372154,0.428357616540955,0.0001272567072334585
141,107,0.42524068182654584,0.42524081186761076,1.3004106491631973e-07
141,120,0.42055748978243995,0.42055753025816967,4.047572971233038e-08
141,128,0.43074266034209163,0.4307428791224458,2.1878035416644792e-07
141,133,0.4332095539165594,0.43320955896076674,5.044207329607531e-09
141,149,0.41608618036552353,0.4160864343479302,2.5398240666163474e-07
141,154,0.4254060520123969,0.42540605932369985,7.3113029519511485e-09
141,162,0.4367232203102587,0.43672329087473377,7.056447509645736e-08
141,175,0.42498490796973476,0.42498491611676165,8.147026886451414e-09
142,108,0.41469660281569726,0.41469660281575815,6.089573290068984e-14
142,121,0.41691055744599104,0.41691055744632893,3.378963775446664e-13
142,129,0.4016355131829692,0.4016355131830453,7.610578833805448e-14
142,134,0.44905457057388026,0.4490545705755569,1.6766588117889114e-12
142,150,0.4158312450336648,0.4158312450337765,1.1168843627729075e-13
142,155,0.4267842822628555,0.4267842822635711,7.156497616733759e-13
142,163,0.41702095348372503,0.4170209534837852,6.017408793468348e-14
142,176,0.43008972420716185,0.4300897242073936,2.3175905639050143e-13
143,109,0.40670051316661404,0.4067009178978016,4.0473118756434445e-07
143,122,0.42561141100022365,0.42561477300066364,3.362000439988133e-06
143,130,0.41018779712894954,0.41018806148047326,2.6435152372661364e-07
143,135,0.4259030574482536,0.42591159911288057,8.541664626993128e-06
143,151,0.4230552615799611,0.4230553717766989,1.1019673779033567e-07
143,156,0.4096859284437288,0.4096903296583032,4.401214574401013e-06
143,164,0.42526067571815057,0.42526132656050897,6.508423583961864e-07
143,177,0.43939643168951853,0.4393977562427866,1.3245532680672412e-06
144,110,0.418259594574033,0.4384237616621028,0.020164167088069784
144,123,0.42117880136865143,0.5033605142878546,0.08218171291920312
144,131,0.4244691381333674,0.4378293728632528,0.0133602347298854
144,136,0.4108321412087455,0.43094392307427676,0.020111781865531253
144,152,0.4307025282799676,0.4375579296096353,0.006855401329667721
144,157,0.44006966695454314,0.4538298785383082,0.013760211583765058
144,165,0.42619434885824425,0.4331965967352373,0.007002247876993051
144,178,0.42710105604395227,0.4339306881472218,0.006829632103269534
145,111,0.443327159528981,0.4433272918128646,1.3228388362485077e-07
145,124,0.4089144821686248,0.4089145149074884,3.273886362009648e-08
145,132,0.4285427155808693,0.42854293325162784,2.1767075852885398e-07
145,137,0.42568065976622366,0.42568066270922095,2.9429972903116663e-09
145,153,0.3972580620129092,0.3972583206725733,2.586596640763439e-07
145,158,0.4235309598209714,0.4235309641505199,4.329548497494784e-09
145,166,0.4050079304969163,0.4050079908783974,6.038148109288599e-08
145,179,0.42398155722706965,0.42398156238376644,5.1566967917970885e-09
146,112,0.4189991312912441,0.41899913129827193,7.0278227681797034e-12
146,125,0.41491750299322394,0.41491750299486835,1.6444068329235506e-12
146,133,0.4117709163853794,0.41177091639809643,1.2717049635568856e-11
146,138,0.43686419096219703,0.43686419096940454,7.207512364715285e-12
146,154,0.4278624637756765,0.4278624637934296,1.7753132297571028e-11
146,159,0.4155711802846169,0.41557118028735496,2.738032023330561e-12
146,167,0.41099365124954423,0.4109936512529492,3.4049429942228926e-12
146,180,0.42095161922252256,0.42095161922343444,9.118816812758723e-13
147,113,0.40102246258913615,0.4010224639277733,1.338637145575916e-09
147,126,0.41905688676592306,0.41905689704266363,1.02767405696369e-08
147,134,0.41741094637181797,0.4174109470837079,7.118899358893316e-10
147,139,0.4301346410928457,0.43013467405073963,3.2957893913998504e-08
147,155,0.4354314025307214,0.4354314027956009,2.6487950721687525e-10
147,160,0.41784391288944944,0.41784392632504097,1.343559152822138e-08
147,168,0.4563876407444648,0.4563876422002706,1.4558058092362103e-09
147,181,0.41475042679698154,0.4147504306061063,3.809124737852443e-09
148,114,0.4228602613270971,0.4433708366278396,0.020510575300742517
148,127,0.4329568568044849,0.5171816333385933,0.08422477653410843
148,135,0.4510878410706946,0.46544597204452604,0.014358130973831429
148,140,0.4110625868719543,0.4313710499632213,0.020308463091266993
148,156,0.4062179609544479,0.41290392234091694,0.0066859613864690415
148,161,0.4233407988257002,0.43709904854879617,0.013758249723095972
148,169,0.41678510541799324,0.42381249975750396,0.0070273943395107175
148,182,0.40192256911266744,0.4085033806550856,0.006580811542418186
149,115,0.41325507493943364,0.41327388217587097,1.8807236437323738e-05
149,128,0.4289519984497718,0.42895952034537393,7.521895602158324e-06
149,136,0.41868820173342,0.4187121347471516,2.3933013731602948e-05
149,141,0.44668987220325423,0.44669081538697053,9.43183716295426e-07
149,157,0.43846812767285326,0.43848712512621907,1.8997453365809935e-05
149,162,0.4226065623350045,0.4226076442328462,1.0818978417037606e-06
149,170,0.4279138891971178,0.42792135359910344,7.464401985624036e-06
149,183,0.4287938725490195,0.4287947933118145,9.20762795009189e-07
150,116,0.4269905350913798,0.4269905350914501,7.027711745877241e-14
150,129,0.4225771303338374,0.42257713033384053,3.1086244689504383e-15
150,137,0.41378497560444055,0.41378497560457944,1.3888890038060708e-13
150,142,0.42546035365795026,0.4254603536579519,1.609823385706477e-15
150,158,0.4376329662149522,0.43763296621515646,2.042810365310288e-13
150,163,0.4239306268668275,0.4239306268668275,0.0
150,171,0.440698488696975,0.4406984886969812,6.217248937900877e-15
150,184,0.40577343900836255,0.40577343900836255,0.0
151,117,0.4278076819584573,0.42780768270662595,7.481686381538566e-10
151,130,0.41513830391072887,0.41513831236637955,8.455650679639604e-09
151,138,0.426162894311111,0.42616289469755714,3.8644615285576833e-10
151,143,0.42795053038671566,0.42795056296871137,3.258199571254394e-08
151,159,0.4270631255931451,0.4270631257354633,1.423182127702205e-10
151,164,0.4305801637803185,0.4305801766270364,1.2846717911685346e-08
151,172,0.40928688592911583,0.40928688697842797,1.0493121371801806e-09
151,185,0.42964953205635104,0.429649534977064,2.9207129492725414e-09
152,118,0.4135991657228989,0.4136429562650386,4.379054213971001e-05
152,131,0.41166798260408033,0.4119458001061503,0.0002778175020699547
152,139,0.4041972989563976,0.4042206550252685,2.3356068870883373e-05
152,144,0.4097700283815981,0.4101887989069331,0.00041877052533501047
152,160,0.41273329946868575,0.4127412472331605,7.947764474769414e-06
152,165,0.4111637598555813,0.4113266748371097,0.0001629149815284281
152,173,0.41782840971012264,0.41784407597599604,1.566626587340414e-05
152,186,0.4268760600689072,0.4268987666980125,2.2706629105306853e-05
153,119,0.4214628175398121,0.42148238287562256,1.9565335810489692e-05
153,132,0.4221687593150973,0.4221763544116528,7.595096555512715e-06
153,140,0.41536649929924757,0.4153909061042383,2.4406804990717568e-05
153,145,0.4254636991109937,0.42546463257546513,9.33464471442047e-07
153,161,0.41799035869549817,0.41800968759481283,1.9328899314663417e-05
153,166,0.41658839271897524,0.41658947833104293,1.0856120676860925e-06
153,174,0.4143421330941032,0.4143497911565008,7.658062397553067e-06
153,187,0.41606951717502244,0.4160704412792904,9.241042679408729e-07
154,120,0.42723887853649073,0.4272388802401389,1.7036481669840953e-09
154,133,0.4471828054485119,0.44718280584814046,3.996285524721088e-10
154,141,0.40642408199427743,0.4064240845312973,2.5370198719620873e-09
154,146,0.4212561459579772,0.42125614600373606,4.575884116064799e-11
154,162,0.4339720771502894,0.43397207999806314,2.847773739045323e-09
154,167,0.43972264055331256,0.4397226406160801,6.276751340905662e-11
154,175,0.41949022718186113,0.41949022781921713,6.373560013095414e-10
154,188,0.4380706209992746,0.43807062107687905,7.760447839899598e-11
155,121,0.41454838836060015,0.41454838836394925,3.3490987760842472e-12
155,134,0.39176373258858105,0.39176373261524594,2.666489251623716e-11
155,142,0.4180598700786488,0.4180598700801913,1.5424883592629612e-12
155,147,0.4415448932825991,0.4415448933813574,9.87582793321451e-11
155,163,0.432152076023632,0.4321520760241658,5.337952302397753e-13
155,168,0.4348902296996663,0.4348902297354207,3.575439944114578e-11
155,176,0.41684879069860703,0.41684879070148806,2.8810287489022812e-12
155,189,0.4294442262267241,0.42944422623588957,9.16544617979298e-12
156,122,0.44908268706402293,0.4491256165399168,4.292947589384921e-05
156,135,0.41790449696041887,0.41818560852071407,0.0002811115602951997
156,143,0.4183648074396792,0.4183872980577669,2.2490618087733782e-05
156,148,0.42161118171490725,0.4220222722765191,0.00041109056161187096
156,164,0.4092074603518725,0.4092147404413235,7.28008945100056e-06
156,169,0.4211997590482546,0.42135606035378764,0.00015630130553306865
156,177,0.4150597088133282,0.41507490416377596,1.5195350447749778e-05
156,190,0.42088148703631345,0.42090317415357487,2.1687117261415256e-05
157,123,0.3979556233837354,0.3989938321139826,0.001038208730247181
157,136,0.41766838999944267,0.4184580062247683,0.00078961622532564
157,144,0.41752490382150204,0.41836597094718425,0.0008410671256822155
157,149,0.4052790469225614,0.40538232245289973,0.00010327553033834258
157,165,0.413826154650363,0.4141530908858639,0.00032693623550089645
157,170,0.4087134250246108,0.408801816640461,8.839161585022515e-05
157,178,0.41524679746280496,0.4155337257399432,0.0002869282771382209
157,191,0.38209616375234334,0.3821398816645984,4.371791225504795e-05
158,124,0.4173383122628081,0.4173383131279816,8.651734884068674e-10
158,137,0.4203633496078023,0.42036334971251815,1.0471584710458615e-10
158,145,0.4315428221366905,0.4315428235006503,1.3639598339665326e-09
158,150,0.41916858062589146,0.41916858063036483,4.473366121970912e-12
158,166,0.42889970077560413,0.4288997023509234,1.5753192639245128e-09
158,171,0.4364217737458521,0.43642177375234803,6.495914917081791e-12
158,179,0.41585503306794236,0.4158550332508313,1.828889262256439e-10
158,192,0.43643646513854173,0.43643646515442786,1.5886125748210134e-11
159,125,0.40389301618438445,0.4038930161851952,8.107403637325206e-13
159,138,0.4142273233452767,0.41422732335196294,6.686262654653774e-12
159,146,0.40988227242146186,0.4098822724224569,9.950373858202965e-13
159,151,0.42865194426564796,0.4286519443163092,5.066125297048529e-11
159,167,0.41164769318188194,0.41164769318313715,1.255218151641202e-12
159,172,0.41204249154678435,0.4120424915619554,1.517103109804907e-11
159,180,0.41897692966750616,0.4189769296681844,6.782352457435081e-13
159,193,0.4214624403754106,0.4214624403774289,2.0183299476173033e-12
160,126,0.44013754681465156,0.4401376413008632,9.448621163254955e-08
160,139,0.4250014705810523,0.4250021029964686,6.324154163128703e-07
160,147,0.4123972297695043,0.4123972705288312,4.0759326858097467e-08
160,152,0.4113809184031259,0.4113823993267484,1.4809236225099554e-06
160,168,0.4228100071535458,0.4228100185182548,1.1364709007199991e-08
160,173,0.4260058044019423,0.42600625139754245,4.469956001451614e-07
160,181,0.4317316686671853,0.4317317008298322,3.216264687910808e-08
160,194,0.42817814903292195,0.42817820891648234,5.988356038821863e-08
161,127,0.42508672019503735,0.4261230091385275,0.0010362889434901712
161,140,0.4036786002238851,0.4044570406730433,0.000778440449158202
161,148,0.41623850805882984,0.41708605527969356,0.0008475472208637203
161,153,0.4299599702832677,0.4300638429660896,0.00010387268282191497
161,169,0.40574586889382425,0.40606730155794046,0.00032143266411621685
161,174,0.41847468206841065,0.4185627021686473,8.802010023667428e-05
161,182,0.43248954432111164,0.43276144560978197,0.0002719012886703287
161,195,0.41722573633601323,0.4172701217896345,4.438545362128732e-05
162,128,0.3912898646940329,0.3912901172557843,2.525617514015366e-07
162,141,0.4204387339457695,0.42043880531243866,7.136666912987977e-08
162,149,0.41982955286688756,0.4198298460698734,2.932029858349061e-07
162,154,0.4061366918340054,0.4061367001911997,8.357194269947854e-09
162,170,0.39597384941108177,0.39597409978809434,2.5037701256724887e-07
162,175,0.4223983738821044,0.4223983831942817,9.31217730704148e-09
162,183,0.44611954452579744,0.44611961470699846,7.01812010173164e-08
162,196,0.41483376773593506,0.41483377668780164,8.951866581341505e-09
163,129,0.43271761209557613,0.4327176120956036,2.7478019859472624e-14
163,142,0.4355264334176079,0.4355264334176609,5.3013149425851225e-14
163,150,0.41278730666164415,0.4127873066616832,3.902433931557425e-14
163,155,0.41996002452198955,0.4199600245222145,2.2493118478905672e-13
163,171,0.4181762705416346,0.4181762705416909,5.6288307348495437e-14
163,176,0.39988701010370153,0.3998870101037761,7.455147610357926e-14
163,184,0.42223769880129874,0.42223769880130557,6.827871601444713e-15
163,197,0.43790285367220716,0.4379028536722588,5.162537064506978e-14
164,130,0.4187211894047455,0.4187212767646141,8.735986861685419e-08
164,143,0.4414180901845647,0.4414186841286002,5.939440355096082e-07
164,151,0.41144257002050083,0.41144260652453835,3.650403751498388e-08
164,156,0.432467552515139,0.43246892750772153,1.3749925825146114e-06
164,172,0.437921936868567,0.4379219468054632,9.936896194773226e-09
164,177,0.41782130664190037,0.41782173233937375,4.256974733829466e-07
164,185,0.4321250550701431,0.4321250836228581,2.855271502566481e-08
164,198,0.43570112888931684,0.4357011962818732,6.739255636878383e-08
165,131,0.40384040779938957,0.40412509990215023,0.00028469210276066415
165,144,0.4114859747463341,0.4119032156951125,0.0004172409487784301
165,152,0.41566515050436487,0.4158119992087561,0.00014684870439124476
165,157,0.4175075817816579,0.4177987594230465,0.0002911776413885847
165,173,0.40571917737826163,0.4057359523540301,1.6774975768463207e-05
165,178,0.4181362458918877,0.4182829015460501,0.00014665565416238646
165,186,0.4112415437217066,0.411265759904538,2.4216182831382493e-05
165,199,0.42023401037535657,0.4202508893469966,1.687897164004415e-05
166,132,0.42820474431145406,0.428204998402881,2.540914269544281e-07
166,145,0.4212941238528045,0.4212941846067802,6.075397568361396e-08
166,153,0.4330811274562353,0.43308142939844624,3.0194221095625196e-07
166,158,0.41660391983230816,0.4166039248748709,5.0425627562411535e-09
166,174,0.4040283123075864,0.4040285684737305,2.5616614407475424e-07
166,179,0.4029559568148211,0.40295596282076585,6.0059447415383715e-09
166,187,0.4048605472942505,0.404860607642477,6.034822652711824e-08
166,200,0.4113094255264939,0.41130943998165487,1.4455160957105306e-08
167,133,0.4141344735755595,0.4141344735933198,1.776029323607986e-11
167,146,0.4144359346986897,0.4144359347021992,3.509470491991351e-12
167,154,0.4167375155713652,0.41673751559615885,2.479366711938269e-11
167,159,0.41334843892499334,0.4133484389288079,3.814559779158344e-12
167,175,0.4497907207785365,0.4497907208063472,2.7810698188801553e-11
167,180,0.4426111507289897,0.4426111507302612,1.2714829189519605e-12
167,188,0.41838488299470894,0.41838488300052695,5.81801273824567e-12
167,201,0.414872566490863,0.4148725664933857,2.522704267704512e-12
168,134,0.42250049193308636,0.42250049213884533,2.057589654214098e-10
168,147,0.4011469990178042,0.401147000287283,1.2694787998590584e-09
168,155,0.43057671505649114,0.43057671513378315,7.729200612871523e-11
168,160,0.41395050465982,0.41395050812529616,3.465476183794891e-09
168,176,0.4163627305586496,0.41636273057739537,1.874578270388838e-11
168,181,0.40731567083926873,0.40731567187324796,1.0339792355651412e-09
168,189,0.4216766983209162,0.42167669838596455,6.504835559084654e-11
168,202,0.4217716100680149,0.42177161027707144,2.0905654984915145e-10
169,135,0.4067685578366651,0.40706479681377034,0.0002962389771052343
169,148,0.40641620388310257,0.4068380989554539,0.0004218950723513526
169,156,0.42669495067543994,0.4268367104698818,0.0001417597944418647
169,161,0.42617949511699654,0.42646580671078704,0.0002863115937905003
169,177,0.43574230771464484,0.43575901148472046,1.6703770075621183e-05
169,182,0.40250425920265764,0.4026438019864012,0.00013954278374356255
169,190,0.4225611518539816,0.42258491250048746,2.376064650588816e-05
169,203,0.42307894527667766,0.42309381982143185,1.487454475418426e-05
170,136,0.4272412341339786,0.42726175691174245,2.052277776387612e-05
170,149,0.4252735097701068,0.42528099453197155,7.484761864740008e-06
170,157,0.43154312308685344,0.43155941074549115,1.628765863770365e-05
170,162,0.41701556083310576,0.41701648590223495,9.250691291873281e-07
170,178,0.43758777324738035,0.4375964304530702,8.657205689821534e-06
170,183,0.4068301030855839,0.4068308903612703,7.87275686364719e-07
170,191,0.42398692532944837,0.42399027685878543,3.351529337058956e-06
170,204,0.426203779316096,0.42620430341358523,5.240974892406491e-07
171,137,0.42949539477386434,0.4294953947739112,4.6851411639181606e-14
171,150,0.4151285322944571,0.41512853229445834,1.2212453270876722e-15
171,158,0.41524514603183865,0.4152451460319077,6.905587213168474e-14
171,163,0.43750988414344794,0.43750988414344794,0.0
171,179,0.41925416895154644,0.4192541689516286,8.215650382226158e-14
171,184,0.4213204597087029,0.4213204597087029,0.0
171,192,0.40510349110429084,0.40510349110429666,5.828670879282072e-15
171,205,0.4135986089289588,0.4135986089289624,3.608224830031759e-15
172,138,0.41676348268280855,0.4167634827842423,1.0143375028803803e-10
172,151,0.42967496004556704,0.42967496098886326,9.432962189137584e-10
172,159,0.43999853582393017,0.4399985358613072,3.7377045902786676e-11
172,164,0.4143799482600618,0.41437995153097107,3.270909265662425e-09
172,180,0.4111099545122811,0.4111099545224602,1.0179079801275748e-11
172,185,0.4027436549151839,0.4027436556711082,7.559243231369805e-10
172,193,0.43090494190802625,0.4309049419376653,2.963906897690549e-11
172,206,0.3953978533772594,0.3953978534879842,1.1072476269191611e-10
173,139,0.40259245986983394,0.4025937078305421,1.2479607081616884e-06
173,152,0.4154313906192359,0.4154343123342781,2.9217150421811944e-06
173,160,0.41065762566861913,0.41065807977504404,4.5410642490750774e-07
173,165,0.4314563259501621,0.4314600860210502,3.7600708880924927e-06
173,181,0.4241594005303076,0.42415946351063166,6.298032406704124e-08
173,186,0.4316999148828948,0.4317011082481799,1.1933652851459087e-06
173,194,0.43686153803119143,0.43686165541802335,1.1738683192152877e-07
173,207,0.4063213912934279,0.40632152749338746,1.3619995953284558e-07
174,140,0.4184489091718826,0.4184696161001917,2.070692830907772e-05
174,153,0.41406010264083043,0.4140677693540402,7.666713209786291e-06
174,161,0.4054141875254509,0.40543058421753764,1.6396692086750875e-05
174,166,0.41956328786817915,0.4195642072015753,9.193333961321493e-07
174,182,0.42068419211503405,0.420692675258686,8.48314365192726e-06
174,187,0.41821376230448265,0.41821454485988885,7.825554061979823e-07
174,195,0.4213479499282839,0.4213514102661814,3.4603378974984444e-06
174,208,0.42431616953655327,0.42431668358171437,5.14045161104093e-07
175,141,0.41149977493022377,0.41149977774847374,2.8182499667295247e-09
175,154,0.43387396812323453,0.4338739687579615,6.34726993187229e-10
175,162,0.4023624398820046,0.4023624430453392,3.163334594269429e-09
175,167,0.42543765776415887,0.4254376578341639,7.000500179543678e-11
175,183,0.42357312532057817,0.4235731281246731,2.8040949562324613e-09
175,188,0.4433670187683101,0.44336701885485824,8.654815752962008e-11
175,196,0.42167753363973914,0.4216775343211553,6.814161457313617e-10
175,209,0.4096647502352269,0.4096647504695186,2.3429169715427633e-10
176,142,0.4199999621296009,0.41999996212998186,3.8097303090012247e-13
176,155,0.43343548547147126,0.43343548547386007,2.388811370934718e-12
176,163,0.4114737089861376,0.41147370898627095,1.333377852574813e-13
176,168,0.4103199306074539,0.41031993061505345,7.599532114710428e-12
176,184,0.43024553524854137,0.4302455352485856,4.424238753131249e-14
176,189,0.4121724583678777,0.4121724583699659,2.088218487017457e-12
176,197,0.4352062904782641,0.4352062904786343,3.7020386756125845e-13
176,210,0.4103667706882762,0.41036677068892025,6.440403765850533e-13
177,143,0.41705802962192057,0.41705927313328417,1.2435113636022344e-06
177,156,0.4114249009245598,0.4114277949646331,2.8940400733090677e-06
177,164,0.4082930471229304,0.40829348538813026,4.382651998535714e-07
177,169,0.4302928962415853,0.43029666159594127,3.7653543559779123e-06
177,185,0.4305075926910648,0.43050765194316254,5.925209772827955e-08
177,190,0.4150847623554211,0.4150859593245984,1.1969691773305868e-06
177,198,0.4119806429918202,0.411980782958982,1.3996716180519897e-07
177,211,0.4208664988663965,0.4208666235282689,1.246618724359827e-07
178,144,0.4277637800370691,0.4281807566700116,0.00041697663294248954
178,157,0.4253928561821465,0.42567603567499385,0.0002831794928473408
178,165,0.41503347572501814,0.4151958056017681,0.00016232987674996702
178,170,0.41466355294595114,0.41470762218496277,4.406923901162374e-05
178,186,0.4351597744767532,0.4351824165749323,2.264209817909313e-05
178,191,0.4085243118625753,0.40854612435107734,2.181248850202655e-05
178,199,0.4071398871892317,0.4071556069242748,1.5719735043107086e-05
178,212,0.4226144081484937,0.4226215915366263,7.18338813260333e-06
179,145,0.39929855511192225,0.39929855673910875,1.6271864966554972e-09
179,158,0.43853897159548616,0.4385389717787856,1.8329943118899905e-10
179,166,0.4104352405374517,0.41043524241678636,1.879334687870937e-09
179,171,0.4167934965457682,0.41679349655351755,7.749356711883593e-12
179,187,0.426576689437579,0.42657669105860613,1.6210271458483305e-09
179,192,0.4457156836882168,0.4457156837071692,1.8952395208771122e-11
179,200,0.4173809776597423,0.41738097809105834,4.3131603844059896e-10
179,213,0.41912158962912854,0.4191215896851721,5.604355868271682e-11
180,146,0.4414695034543465,0.44146950345470426,3.577693696854567e-13
180,159,0.401559809734999,0.401559809735796,7.970291093783999e-13
180,167,0.41306575752078845,0.4130657575212489,4.604649994632837e-13
180,172,0.4177818807124483,0.41778188071796696,5.518641099655497e-12
180,188,0.42598780166503963,0.42598780166559413,5.545008896490344e-13
180,193,0.43111616439433076,0.4311161643949657,6.34936547783127e-13
180,201,0.41324587053109346,0.41324587053136574,2.7228219678931964e-13
180,214,0.427818333919978,0.42781833392013513,1.571520691356909e-13
181,147,0.4288567798469423,0.4288567835182766,3.6713342921324e-09
181,160,0.4316068697026079,0.43160688006838255,1.0365774627540958e-08
181,168,0.42201453346842255,0.4220145346122718,1.1438492375503984e-09
181,173,0.4219828830883017,0.4219829021339792,1.904567753507891e-08
181,189,0.4143772524860098,0.4143772526633259,1.773161062423867e-10
181,194,0.41356252240270314,0.4135625277061726,5.30346944138671e-09
181,202,0.4119435417212174,0.411943542297441,5.762236243711527e-10
181,215,0.4018480210848946,0.401848021879178,7.942834168161994e-10
182,148,0.4117723785348898,0.4121770109261665,0.0004046323912766936
182,161,0.41231033110775045,0.41257765784086414,0.00026732673311369304
182,169,0.4214278813579631,0.4215817237795901,0.0001538424216269707
182,174,0.41364249879729864,0.41368485072794403,4.235193064539011e-05
182,190,0.4308223297513347,0.43084367637148024,2.1346620145523687e-05
182,195,0.41417046510283423,0.41419183964232575,2.1374539491525457e-05
182,203,0.4426219988115337,0.4426353187365304,1.3319924996701982e-05
182,216,0.433147101784008,0.43315404109140543,6.939307397424432e-06
183,149,0.40997491774676215,0.4099751644933095,2.4674654736100976e-07
183,162,0.41726878881616414,0.4172688575856763,6.876951214040972e-08
183,170,0.4220024375382879,0.4220026482477091,2.107094211889482e-07
183,175,0.4056452120578836,0.40564522003340886,7.975525240233594e-09
183,191,0.40572885100542677,0.40572897116999546,1.2016456868435554e-07
183,196,0.42561042574901076,0.4256104334158558,7.666845047715753e-09
183,204,0.4308535657375098,0.43085360597421224,4.0236702414375713e-08
183,217,0.44616557853306027,0.44616559528315036,1.6750090092720882e-08
184,150,0.4299472526401028,0.4299472526401142,1.1379786002407855e-14
184,163,0.39789563382553456,0.3978956338255372,2.6645352591003757e-15
184,171,0.4189680150672983,0.418968015067315,1.6708856520608606e-14
184,176,0.42824844266011725,0.4282484426601342,1.6930901125533637e-14
184,192,0.40528781197453795,0.4052878119745866,4.8627768478581856e-14
184,197,0.42805928307295676,0.42805928307296764,1.0880185641326534e-14
184,205,0.4249440072257986,0.4249440072258328,3.419486915845482e-14
184,218,0.40595061938657306,0.40595061938657606,2.9976021664879227e-15
185,151,0.4289061977592052,0.42890620055438977,2.795184583792576e-09
185,164,0.4241029655080656,0.4241029752797207,9.771655096191267e-09
185,172,0.41972929818648275,0.41972929899139677,8.049140243215902e-10
185,177,0.41069255665460147,0.4106925756112634,1.895666190687706e-08
185,193,0.3935618906801897,0.39356189076721054,8.702083498235424e-11
185,198,0.42077687974159733,0.42077688482206305,5.080465714790705e-09
185,206,0.4217795534330486,0.42177955375854603,3.2549740680565264e-10
185,219,0.4201443298110621,0.42014433016922764,3.581655527717942e-10
186,152,0.4385965170591754,0.43860088951412485,4.3724549494417175e-06
186,165,0.4324048038240877,0.4324104160686945,5.612244606822969e-06
186,173,0.42037104494795974,0.42037233001811236,1.2850701526234687e-06
186,178,0.40974709232694523,0.4097514701998066,4.3778728613941276e-06
186,194,0.405410458674208,0.4054106235652774,1.6489106940964504e-07
186,199,0.4324593408491346,0.4324606343216306,1.293472496000092e-06
186,207,0.4287666463528751,0.4287668378783168,1.915254417284018e-07
186,220,0.4195735766116666,0.4195737215200921,1.4490842548120497e-07
187,153,0.39566120805196225,0.3956614632365456,2.5518458335316296e-07
187,166,0.4235485185011845,0.42354857814235664,5.964117211210151e-08
187,174,0.4348966429537163,0.4348968594555831,2.1650186682320438e-07
187,179,0.4215159987455563,0.42151600384380866,5.09825237582362e-09
187,195,0.41057054465631004,0.4105706696781041,1.250217940840237e-07
187,200,0.4309977512230906,0.43099776347759355,1.22545029679344e-08
187,208,0.4333434209622855,0.4333434549541404,3.399185488639489e-08
187,221,0.42670990697379796,0.426709913095743,6.1219450619987015e-09
188,154,0.4128457398412137,0.4128457398722376,3.102390566667168e-11
188,167,0.4282299519186529,0.42822995192457347,5.920597345721035e-12
188,175,0.41681422106324345,0.416814221098041,3.479755372737259e-11
188,180,0.41838714611789873,0.4183871461194714,1.5726864255327655e-12
188,196,0.41126583999107486,0.41126584002445044,3.337558007743269e-11
188,201,0.3967007448169259,0.39670074482006423,3.1383229348591613e-12
188,209,0.4177558523528533,0.417755852366001,1.3147705146820954e-11
188,222,0.41929679422449856,0.41929679422904464,4.54608573008386e-12
189,155,0.42111303788273197,0.4211130378914565,8.724521105563099e-12
189,168,0.4165231917591306,0.4165231917881569,2.9026281378463636e-11
189,176,0.42618411937774886,0.42618411938014816,2.399302978517426e-12
189,181,0.4104143253690644,0.41041432543627054,6.720612955035676e-11
189,197,0.4084225873818065,0.40842258738307063,1.2641554469894345e-12
189,202,0.41498363276859995,0.4149836327909661,2.2366164476039785e-11
189,210,0.4293655338364252,0.42936553383863385,2.2086776851892864e-12
189,223,0.4236290272132013,0.42362902721594925,2.7479685194009562e-12
190,156,0.4486424819100744,0.4486467315052438,4.2495951694254686e-06
190,169,0.4070619941874333,0.4070675117408561,5.517553422818011e-06
190,177,0.40670589922676353,0.40670717661627875,1.2773895152196069e-06
190,182,0.4422759210299788,0.4422801072382583,4.1862082794663635e-06
190,198,0.4177308023768393,0.41773099858512547,1.9620828617394892e-07
190,203,0.4166009564032102,0.41660209314186086,1.136738650653335e-06
190,211,0.4048700461892237,0.40487022090856006,1.7471933638768533e-07
190,216,0.41130677871061294,0.41130741537670434,6.366660914025601e-07
191,157,0.4198900929215075,0.4198979342869824,7.841365474936524e-06
191,170,0.4163652942962467,0.416368430914535,3.1366182883241223e-06
191,178,0.4104885099638556,0.4104926846915465,4.174727690875457e-06
191,183,0.4176921545889876,0.4176925538692315,3.992802438679277e-07
191,199,0.42232751783039213,0.42232876189286644,1.2440624743148554e-06
191,204,0.40844427329831173,0.4084445393317304,2.660334186832536e-07
191,212,0.38943578738293166,0.38943636362730305,5.762443713863696e-07
191,217,0.425972442871659,0.42597254146442315,9.85927641750095e-08
192,158,0.42709378239920637,0.4270937824077656,8.559208897196413e-12
192,171,0.40189967709120944,0.40189967709157093,3.6148861681795097e-13
192,179,0.4217334813683997,0.4217334813785873,1.018757300741413e-11
192,184,0.4272303586814914,0.42723035868151693,2.55351295663786e-14
192,200,0.3993580084136735,0.3993580084338307,2.015715372394311e-11
192,205,0.4062995982810939,0.4062995982816722,5.78315173527244e-13
192,213,0.4173790418738028,0.4173790418764191,2.6162960686804126e-12
192,218,0.41726084513066386,0.41726084513072803,6.417089082333405e-14
193,159,0.4103262927876941,0.4103262927894613,1.767197499447093e-12
193,172,0.4344313629962315,0.43443136300681917,1.0587697385489037e-11
193,180,0.41967591991651604,0.41967591991699355,4.775069228912798e-13
193,185,0.4181701873920914,0.4181701874207676,2.8676228058799325e-11
193,201,0.42562054389435006,0.42562054389487075,5.206945985491984e-13
193,206,0.4328267343027188,0.4328267343079159,5.1971205117240515e-12
193,214,0.4181486170726223,0.41814861707295303,3.3073543903583413e-13
193,219,0.38418843292694665,0.3841884329326726,5.725919738353014e-12
194,160,0.42440448648611057,0.4244045064318308,1.9945720242109388e-08
194,173,0.42829993098796276,0.428299967733701,3.674573822998184e-08
194,181,0.4227492976188771,0.4227493032356603,5.616783205208975e-09
194,186,0.42750126820424283,0.4275013142635128,4.605926995360221e-08
194,202,0.4108981118088712,0.41089811286547195,1.0566007513368447e-09
194,207,0.41009836977742053,0.41009838117111497,1.1393694432371149e-08
194,215,0.43425883851417413,0.4342588399716104,1.4574362827701748e-09
194,220,0.42063169119435617,0.4206316999877122,8.793356043312883e-09
195,161,0.43479702008447924,0.43480507870484714,8.05862036790117e-06
195,174,0.4236282755051146,0.42363152410131877,3.2485962041528538e-06
195,182,0.4223313805962616,0.422335556889821,4.176293559421396e-06
195,187,0.41146724214145985,0.4114676430854053,4.009439454333297e-07
195,200,0.42498897177481215,0.42498905609504967,8.432023751447915e-08
195,203,0.42154922467506145,0.42155036228603715,1.1376109756988662e-06
195,208,0.42726432763532185,0.42726459115858656,2.6352326470968634e-07
195,216,0.426736752256992,0.42673738964950536,6.373925133806857e-07
196,162,0.4306888629296406,0.4306888659720114,3.0423707997329075e-09
196,175,0.41862559480215983,0.4186255954841706,6.820107811833509e-10
196,183,0.4032942306888961,0.4032942333857275,2.6968314248421166e-09
196,188,0.4190281408078527,0.4190281408910364,8.318368216464478e-11
196,201,0.41981100806943106,0.4198110081029575,3.3526459386479246e-11
196,204,0.42126845995423123,0.42126846181825006,1.8640188281793257e-09
196,209,0.42759027491212614,0.4275902751373793,2.25253149466198e-10
196,217,0.4307396526698923,0.4307396535843807,9.14488429426541e-10
197,163,0.428814018526451,0.4288140185265093,5.828670879282072e-14
197,176,0.41411869021775505,0.4141186902179761,2.2104540420286867e-13
197,184,0.41490001176504043,0.4149000117650613,2.0872192862952943e-14
197,189,0.4254541067758389,0.4254541067764564,6.175060462965121e-13
197,202,0.42023863118126814,0.4202386311828982,1.630084955905886e-12
197,205,0.41520012152222874,0.41520012152256075,3.3201219551415306e-13
197,210,0.4051436756354095,0.4051436756356651,2.556288514199423e-13
197,218,0.4070569106143664,0.4070569106144088,4.241051954068098e-14
198,164,0.42497551721310345,0.4249755413443277,2.4131224241052962e-08
198,177,0.42121353078558404,0.4212135776747062,4.688912214056984e-08
198,185,0.4222061671013481,0.4222061725640512,5.462703067671271e-09
198,190,0.4308100428042586,0.43081010182039436,5.901613575609588e-08
198,203,0.4224865432805135,0.42248658514684645,4.186633295599762e-08
198,206,0.42310621294459894,0.42310621373050367,7.85904730182807e-10
198,211,0.4209303708958365,0.42093038198833416,1.1092497642639643e-08
198,219,0.42490454827341967,0.42490454913814096,8.647212945689375e-10
199,165,0.4120930283025339,0.41209681220783134,3.783905297427559e-06
199,178,0.42659744360712804,0.42660038777987125,2.944172743213347e-06
199,186,0.41347288900013307,0.4134740897128522,1.200712719140462e-06
199,191,0.40609951188943966,0.40610069402218457,1.1821327449146324e-06
199,204,0.41721940201671587,0.41721959759718724,1.9558047137380186e-07
199,207,0.42302988312668666,0.4230300201918588,1.3706517215661407e-07
199,212,0.42657354898961436,0.4265739633137324,4.14324118014342e-07
199,220,0.42942178381247437,0.429421887626354,1.0381387965940903e-07
200,166,0.40319825619315347,0.40319826742399867,1.1230845198273443e-08
200,179,0.40619103135255946,0.40619103235560855,1.003049088232899e-09
200,187,0.4088336801136334,0.40883368974917655,9.635543141151004e-09
200,192,0.39308657587105295,0.39308657594906543,7.801248536054572e-11
200,195,0.4147114187026696,0.41471144113109093,2.2428421342368665e-08
200,205,0.4131396286817573,0.4131396287360823,5.432498895174831e-11
200,208,0.4229599985637734,0.4229600049781311,6.414357656137071e-09
200,213,0.4177147430897797,0.41771474334078373,2.510040508774125e-10
200,221,0.43614414628895093,0.4361441474706122,1.1816612688342332e-09
201,167,0.409778897344284,0.4097788973465454,2.26135776770775e-12
201,180,0.41784872249266747,0.4178487224932992,6.317169010117141e-13
201,188,0.432001066289046,0.43200106629181134,2.76534350973634e-12
201,193,0.4203353867811254,0.4203353867825863,1.4608869669530122e-12
201,196,0.43047794475485235,0.4304779447671668,1.2314427255688543e-11
201,206,0.4031238767421827,0.403123876747624,5.441314065990355e-12
201,209,0.42811321901066607,0.4281132190155582,4.892142246859521e-12
201,214,0.4247447152119266,0.424744715212451,5.244138456816927e-13
201,222,0.4363272132250614,0.4363272132267673,1.7059131884877843e-12
202,168,0.4159496639884941,0.4159496640905004,1.0200629230183722e-10
202,181,0.39992973133283194,0.39992973157154055,2.3870860843544506e-10
202,189,0.40944422657891266,0.4094442266043568,2.544414678951057e-11
202,194,0.4369845902537633,0.43698459065324174,3.994784503191795e-10
202,197,0.4310909158110899,0.43109091581509673,4.006850407023421e-12
202,207,0.40666240381700197,0.4066624042580842,4.410822262990166e-10
202,210,0.42969542365806485,0.4296954236650869,7.022049608451653e-12
202,215,0.42042703652412017,0.4204270366277922,1.0367201541683357e-10
202,223,0.40968597286122227,0.4096859728699772,8.754941216437828e-12
203,169,0.4341887572869526,0.4341921144555725,3.3571686198774486e-06
203,182,0.427836703686426,0.42783924599198114,2.542305555131019e-06
203,190,0.41642638323665765,0.41642744932926706,1.0660926094141487e-06
203,195,0.40512483566775925,0.4051259108215126,1.075153753360425e-06
203,198,0.41009708595777483,0.4100972104996297,1.2454185488453007e-07
203,208,0.4108381669014148,0.4108383334467048,1.6654529000348361e-07
203,211,0.4222681089279499,0.42226821985063523,1.1092268531465166e-07
203,216,0.4190704170449051,0.41907081350521963,3.9646031452234e-07
203,224,0.40500741053132494,0.4050074560504091,4.551908416861039e-08
204,170,0.42782868591400697,0.427828824816561,1.3890255401438623e-07
204,183,0.4155413972674362,0.41554143674840294,3.948096671813062e-08
204,191,0.44741667867512674,0.4474167579235078,7.924838107964405e-08
204,196,0.41697645913421405,0.416976464268429,5.134214942081883e-09
204,199,0.41490294887953605,0.41490301208814334,6.32086072926974e-08
204,209,0.45238369600846995,0.4523836976026199,1.594149978689785e-09
204,212,0.4050060724700618,0.40500610339070475,3.0920642934972875e-08
204,217,0.4122543192204924,0.4122543303576844,1.113719200196428e-08
204,225,0.3799487015196168,0.3799487060660762,4.5464594311539486e-09
205,171,0.4223363938746391,0.4223363938749886,3.494982081519993e-13
205,184,0.4098510565357516,0.40985105653577647,2.4868995751603507e-14
205,192,0.4027215288547577,0.4027215288556185,8.608114221431151e-13
205,197,0.4095595875708551,0.40955958757095867,1.035838081975271e-13
205,200,0.4224989500240069,0.422498950043976,1.996908194357161e-11
205,210,0.4373214842178248,0.4373214842179986,1.7380541450506826e-13
205,213,0.4234724862211914,0.42347248622374534,2.55395704584771e-12
205,218,0.4058421221703444,0.4058421221704069,6.250555628639631e-14
205,226,0.4100942483963906,0.4100942483968498,4.59243754136196e-13
206,172,0.4320003258387447,0.4320003258822833,4.35386171560026e-11
206,185,0.4189766863256589,0.4189766864433739,1.1771500441071225e-10
206,193,0.41329885504295105,0.4132988550489379,5.986822149139925e-12
206,198,0.4119315503536266,0.4119315506124158,2.5878921228184026e-10
206,201,0.40814302327869956,0.40814302328084867,2.1491142199181468e-12
206,211,0.4256029444828408,0.42560294471477306,2.3193225118234295e-10
206,214,0.42625791007323666,0.42625791007461006,1.3734013926125499e-12
206,219,0.4013667110777146,0.40136671110155464,2.384004105238091e-11
206,227,0.39780461428199787,0.3978046142861198,4.121925023525819e-12
207,173,0.4037578688146685,0.4037579120224303,4.3207761757368957e-08
207,186,0.44617169017368236,0.4461717443613476,5.418766524378782e-08
207,194,0.4239158424019798,0.42391585407043875,1.1668458921310076e-08
207,199,0.4144933550920645,0.4144933986709994,4.3578934905141864e-08
207,202,0.4180814879850537,0.4180814892028316,1.2177779340483141e-09
207,212,0.4282522059606715,0.42825222730740026,2.1346728773519175e-08
207,215,0.41788644366205274,0.41788644534229896,1.6802462199372314e-09
207,220,0.4355700645885989,0.43557007484030497,1.0251706039632325e-08
207,228,0.3986041866508513,0.39860418765217454,1.0013232465411193e-09
208,174,0.406636274114605,0.4066364146192261,1.4050462110448692e-07
208,187,0.4278044330734952,0.42780446639007313,3.33165779409228e-08
208,195,0.42647893195280884,0.42647901314125225,8.118844341264975e-08
208,200,0.4227751998752135,0.4227752078681082,7.992894679453855e-09
208,203,0.44012418461973163,0.44012424134210376,5.6722372132611554e-08
208,213,0.41010582738772583,0.41010582821764924,8.299234077746576e-10
208,216,0.4099949451033365,0.40999497966618886,3.4562852357922225e-08
208,221,0.4283461060384124,0.4283461100343272,3.995914821253166e-09
208,229,0.4206656785523124,0.42066568150540146,2.9530890510720553e-09
209,175,0.4327577729624562,0.4327577731648194,2.0236318176714008e-10
209,188,0.40589652041284935,0.4058965204394151,2.6565749600138133e-11
209,196,0.4111830073859454,0.41118300758030873,1.9436335874090105e-10
209,201,0.3965466843128774,0.39654668432371226,1.0834888541921828e-11
209,204,0.42239670698167464,0.4223967075039306,5.2225596069988e-10
209,214,0.43656705104080895,0.43656705104498134,4.172384659995032e-12
209,217,0.4229551807915802,0.4229551810522052,2.606250215642092e-10
209,222,0.4110965992425776,0.41109659926409936,2.1521784354661122e-11
209,230,0.43837314856184406,0.4383731485932013,3.1357250129815384e-11
210,176,0.4274623637808841,0.4274623637812792,3.951283744640932e-13
210,189,0.41786696198588386,0.4178669619869925,1.1086687123906813e-12
210,197,0.44625573166714017,0.4462557316674073,2.6711965972481266e-13
210,202,0.40763723468025925,0.4076372346831955,2.9362623443773828e-12
210,205,0.42453815833988934,0.4245381583404663,5.769829058976939e-13
210,215,0.4506836258102409,0.4506836258141841,3.9431791165611685e-12
210,218,0.4123311089033659,0.41233110890344105,7.51620987671231e-14
210,223,0.41872767232608044,0.4187276723266414,5.609401831918603e-13
210,231,0.4054552094091836,0.405455209409398,2.1438406605511773e-13
211,177,0.42423523051515405,0.42423527211135365,4.159619959587246e-08
211,190,0.409386363947747,0.4093864162926228,5.234487576721847e-08
211,198,0.43484131445741464,0.4348413254805544,1.1023139734334109e-08
211,203,0.4171104885253397,0.4171105256662947,3.714095497819869e-08
211,206,0.41305249349340234,0.4130524941921454,6.987430634097791e-10
211,216,0.4202622594236334,0.4202622820758096,2.265217624586313e-08
211,219,0.44009136825004647,0.4400913690188711,7.688246150827638e-10
211,224,0.419687782104185,0.4196877862744177,4.170232714706401e-09
211,232,0.41737612202072827,0.4173761224688899,4.4816161892669015e-10
212,178,0.4176541417473295,0.4176554862880201,1.3445406905621127e-06
212,191,0.424688707579074,0.42468924720378265,5.396247086397743e-07
212,199,0.4068923055132001,0.4068927133061996,4.0779299947946157e-07
212,204,0.41977855674921494,0.4197786465321449,8.978292997952053e-08
212,207,0.42094282389725474,0.4209428868436897,6.294643495330376e-08
212,217,0.42465541985265925,0.4246554533938072,3.3541147970161944e-08
212,220,0.45029854456194385,0.45029859226101693,4.76990730802207e-08
212,225,0.41363110664073877,0.41363111835869476,1.171795599441694e-08
212,233,0.4279499164232979,0.427949924790088,8.366790094083143e-09
213,179,0.43122257468484854,0.4312225747345131,4.966455025012806e-11
213,192,0.4217797717239698,0.4217797717282827,4.312883383761346e-12
213,200,0.4011257300225187,0.40112573012072034,9.820161350759804e-11
213,205,0.42248072373150697,0.42248072373432743,2.820466082908979e-12
213,208,0.4385942119562301,0.43859421220422706,2.4799695630406404e-10
213,218,0.4386820149976864,0.4386820149980002,3.138045379103005e-13
213,221,0.4183228994222134,0.41832289947491735,5.270395231349312e-11
213,226,0.4148677228092939,0.41486772281159456,2.3006596627794806e-12
213,234,0.40045479201647827,0.40045479201907863,2.6003643682770416e-12
214,180,0.43056910811004095,0.4305691081102515,2.1055379662016094e-13
214,193,0.4238787821151929,0.4238787821156836,4.906630657330879e-13
214,201,0.4218258008218737,0.4218258008222553,3.815836535636663e-13
214,206,0.41310861587860126,0.4131086158804298,1.828537321557633e-12
214,209,0.4238248796748147,0.42382487967629906,1.4843681839238343e-12
214,219,0.4272723250473982,0.4272723250494045,2.0062840278001204e-12
214,222,0.4153478414933411,0.4153478414938644,5.233036226570675e-13
214,227,0.4147854012811952,0.4147854012815616,3.664291092775329e-13
215,181,0.4247036249457093,0.4247036252780193,3.3231001284050876e-10
215,194,0.3990174235073997,0.3990174240638421,5.564423921633477e-10
215,202,0.43070179413979504,0.43070179424507177,1.0527673177662678e-10
215,207,0.4000676183276049,0.4000676189422014,6.145964848158769e-10
215,210,0.4200153140487008,0.42001531405835696,9.656164756677299e-12
215,220,0.4263471964228326,0.42634719691241274,4.895801541948686e-10
215,223,0.41580197868628394,0.4158019786983243,1.2040368702059823e-11
215,228,0.4293630763855051,0.429363076473246,8.774092563612612e-11
216,182,0.4238634746349205,0.423864752496517,1.2778615964825768e-06
216,190,0.4242967488610717,0.42429729912431646,5.502632447473843e-07
216,195,0.4448577559001034,0.4448583109740697,5.550739662907311e-07
216,203,0.42373556111093824,0.4237359264910243,3.653800860758949e-07
216,208,0.41413415228024725,0.4141342408524508,8.857220357150197e-08
216,211,0.42705606268961704,0.4270561217419308,5.905231376113207e-08
216,221,0.42126115112753726,0.42126116419429177,1.3066754511736889e-08
216,224,0.42589025595420305,0.42589028024009323,2.428589018776961e-08
216,229,0.41070421292874215,0.41070422321567407,1.0286931917402597e-08
217,183,0.41254923356713735,0.41254924769483636,1.412769901065758e-08
217,191,0.4237462762873082,0.4237463031172876,2.6829979404840998e-08
217,196,0.43514708468825597,0.43514708667096413,1.982708164316449e-09
217,204,0.4304013597172888,0.4304013692908691,9.573580261879044e-09
217,209,0.41808741795934645,0.41808741858545745,6.26110996382323e-10
217,212,0.4062461275611096,0.4062461381432037,1.0582094089883753e-08
217,222,0.4373585031652405,0.43735850335149723,1.8625673225969308e-10
217,225,0.4174681323865757,0.41746813407849115,1.691915441082159e-09
217,230,0.43088448585453465,0.43088448612983093,2.7529628576772325e-10
218,184,0.4100733891396154,0.4100733891396162,8.326672684688674e-16
218,192,0.4209687324769693,0.4209687324770322,6.289413434501512e-14
218,197,0.40202665065521576,0.4020266506552286,1.2823075934420558e-14
218,205,0.4170845669063915,0.4170845669064361,4.4575454438700035e-14
218,210,0.43712603945950373,0.4371260394595235,1.9761969838327786e-14
218,213,0.4070496004018626,0.40704960040206867,2.0605739337042905e-13
218,223,0.4197845142345239,0.4197845142345483,2.4424906541753444e-14
218,226,0.4144840005701658,0.4144840005702017,3.5860203695392556e-14
218,231,0.40184490634272246,0.4018449063427331,1.0658141036401503e-14
219,185,0.4198265177909065,0.4198265179193769,1.2847040098407092e-10
219,193,0.4273478591243317,0.4273478591308827,6.550981979103199e-12
219,198,0.41690309472725007,0.4169030950095722,2.8232211013445863e-10
219,206,0.3959611047176629,0.3959611047413365,2.36736186209896e-11
219,211,0.40955445417424396,0.4095544544272763,2.530323173211002e-10
219,214,0.41705108879643255,0.4170510887979325,1.4999668174198177e-12
219,224,0.4048816195100824,0.4048816196201319,1.1004952504833909e-10
219,227,0.434027917019587,0.4340279170240968,4.509836948329848e-12
219,232,0.3939220476578989,0.39392204767319305,1.529415483148e-11
220,186,0.4223668965709112,0.4223669370883346,4.051742341637521e-08
220,194,0.4143875867084347,0.4143875955054836,8.797048922648543e-09
220,199,0.41168911125687946,0.4116891438571391,3.2600259658455144e-08
220,207,0.43091446331858535,0.43091447333347266,1.0014887308340548e-08
220,212,0.4227884101498316,0.4227884261349434,1.598511178979578e-08
220,215,0.42781372640200405,0.4278137276825335,1.2805294602458162e-09
220,225,0.4237610791444003,0.4237610815568203,2.412419985997616e-09
220,228,0.42331260331203013,0.42331260407564836,7.636182242087841e-10
220,233,0.4074414916813649,0.4074414931900167,1.5086518145857042e-09
221,187,0.41495247865714574,0.4149524825080849,3.850939178651203e-09
221,200,0.44905007318559287,0.4490500741359571,9.503642317554295e-10
221,208,0.40952089367161876,0.4095208962390818,2.5674630199645776e-09
221,213,0.42874628502107376,0.42874628512678453,1.0571077346810398e-10
221,216,0.40926137360284426,0.4092613773309753,3.7281310261150225e-09
221,226,0.4258708627780896,0.4258708627964531,1.8363477405358708e-11
221,229,0.40927769922619744,0.4092776995801596,3.539621373782609e-10
221,234,0.42946538257857025,0.4294653825993255,2.0755230867308683e-11
222,188,0.41383583721042516,0.41383583721837225,7.947087432569333e-12
222,201,0.4082117159221824,0.4082117159254527,3.270272941335861e-12
222,209,0.42580888102647374,0.42580888104611414,1.9640400417131332e-11
222,214,0.4288228845716763,0.428822884572957,1.2806977700563493e-12
222,217,0.40540264177841434,0.40540264185170155,7.328720963428736e-11
222,227,0.39840257716018096,0.3984025771625465,2.365552198568821e-12
222,230,0.44625628238102255,0.446256282390138,9.115430632533617e-12
222,235,0.3890398232448612,0.3890398232469267,2.0655144261638725e-12
223,189,0.4101305579972274,0.41013055799862697,1.3995471448424723e-12
223,202,0.40328055326074386,0.40328055326445345,3.7095881921800355e-12
223,210,0.4178104298106131,0.4178104298111853,5.722089468918057e-13
223,215,0.42209467584908134,0.42209467585406313,4.9817927560980024e-12
223,218,0.4045096205345049,0.4045096205345998,9.492406860545088e-14
223,226,0.40566023939981444,0.40566023940039003,5.755951271169124e-13
223,228,0.42361443108530616,0.42361443108845565,3.149480676256644e-12
223,231,0.4052789779357484,0.4052789779360176,2.691735723203692e-13
223,236,0.4014351178166627,0.4014351178171329,4.702349620799851e-13
224,203,0.40307384979519145,0.4030738644977102,1.4702518758014094e-08
224,211,0.4192254367786524,0.41922544071519097,3.936538539583978e-09
224,216,0.41553322866963155,0.41553323765358907,8.983957522357144e-09
224,219,0.43306053920853677,0.43306053951850354,3.099667744699275e-10
224,227,0.4087773378730101,0.4087773379252122,5.2202075995211317e-11
224,229,0.41455005143353163,0.41455005221337826,7.798466317154862e-10
224,232,0.4285550921234064,0.4285550923041308,1.8072437990568346e-10
224,237,0.422249866621523,0.42224986668185693,6.033396005022951e-11
225,204,0.43172403979574625,0.4317240429181899,3.1224436369825526e-09
225,212,0.41117849710765675,0.41117850027445685,3.1668000999296453e-09
225,217,0.4487911268432395,0.4487911282046191,1.3613795646350013e-09
225,220,0.4347409646084089,0.43474096635552567,1.7471167845783953e-09
225,228,0.4173222784431867,0.41732227864903987,2.0585316784504926e-10
225,230,0.4300270131462469,0.43002701325128717,1.0504025427238162e-10
225,233,0.4155872490525629,0.4155872494073137,3.5475078430380336e-10
225,238,0.41920437177211395,0.4192043718176565,4.554256971545101e-11
226,205,0.39509552051104396,0.3950955205114466,4.02622379880313e-13
226,213,0.4205434171373116,0.4205434171391378,1.82620585320592e-12
226,218,0.42658844014555086,0.4265884401455947,4.3853809472693683e-14
226,221,0.4106900698226129,0.4106900698303615,7.748579555766355e-12
226,223,0.4311832333128492,0.4311832333130054,1.5620837956475953e-13
226,229,0.4083195651152981,0.4083195651208333,5.535183422722412e-12
226,231,0.40950649155062663,0.40950649155069274,6.611378111642807e-14
226,234,0.4305948568189409,0.4305948568193107,3.6981528950263964e-13
226,236,0.43302874685049114,0.4330287468506004,1.092459456231154e-13
227,206,0.4182812710332353,0.4182812710371916,3.956279748251745e-12
227,214,0.4242954452238242,0.4242954452241033,2.7911006839076435e-13
227,219,0.43478400860840066,0.43478400861275396,4.353295501857701e-12
227,222,0.42219221761605014,0.42219221761670805,6.579181643928678e-13
227,224,0.43127334864518063,0.43127334866630823,2.112759966976796e-11
227,230,0.412858248425613,0.41285824842653407,9.210965323802611e-13
227,232,0.42803532976142605,0.4280353297639781,2.5520696667058473e-12
227,235,0.4125266665558493,0.4125266665561181,2.687849942617504e-13
227,237,0.40522475972767447,0.4052247597285387,8.642531135194531e-13
228,207,0.4258791973652795,0.4258791977233484,3.5806890785750056e-10
228,215,0.42648258132066336,0.426482581405447,8.478362456543209e-11
228,220,0.4159995570367897,0.4159995573222624,2.854727010337399e-10
228,223,0.4031119413096824,0.40311194131691047,7.22805149067085e-12
228,225,0.43388263420956,0.43388263432835456,1.1879452976870652e-10
228,231,0.43016249195439515,0.4301624919569501,2.5549562465698727e-12
228,233,0.4246878511818746,0.4246878512473044,6.542982822210774e-11
228,236,0.4193657793818423,0.4193657793876799,5.837608174630304e-12
228,238,0.4329222600222971,0.43292226003533063,1.3033518708738256e-11
229,208,0.4044937989591756,0.40449380116476746,2.205591875803492e-09
229,216,0.4150575749312224,0.41505757823195455,3.300732132061057e-09
229,221,0.41560420465970155,0.4156042050686612,4.089596439271759e-10
229,224,0.4201882622384938,0.42018826287360767,6.351138504001597e-10
229,226,0.4091329643263718,0.4091329643414527,1.5080880988449508e-11
229,232,0.4162095202430771,0.41620952031434855,7.12714331996267e-11
229,234,0.4204939037919081,0.42049390380895374,1.7045642675128647e-11
229,237,0.41091558321659,0.41091558324041816,2.3828161666017422e-11
230,209,0.41318756412878904,0.413187564157917,2.91279778075193e-11
230,217,0.3854441628545823,0.38544416296327,1.0868772548633387e-10
230,222,0.4207631739000235,0.42076317390932116,9.297673742025836e-12
230,225,0.4178003610146665,0.41780036106909285,5.4426352313896587e-11
230,227,0.43882707996379805,0.4388270799672246,3.426536832051852e-12
230,233,0.4491159003838303,0.4491159004134943,2.9663993483808326e-11
230,235,0.411115267436485,0.4111152674395372,3.052169628148249e-12
230,238,0.4182944466641378,0.4182944466704887,6.3509197900657455e-12
231,210,0.40877339612487196,0.4087733961250639,1.9195756095768957e-13
231,218,0.42768240834303606,0.4276824083430677,3.164135620181696e-14
231,223,0.4084261429082678,0.40842614290850365,2.358668815816145e-13
231,226,0.4084562036188169,0.408456203619023,2.061129045216603e-13
231,228,0.4302827227029938,0.4302827227040055,1.0117462423409052e-12
231,234,0.39779563054603506,0.39779563054626677,2.3170354523927017e-13
231,236,0.42839260249139943,0.4283926024915549,1.5548673459875317e-13
231,239,0.4114073038184765,0.41140730381859897,1.2245759961615477e-13
232,211,0.4058815730809356,0.40588157322791374,1.4697815187147967e-10
232,219,0.4240997523072875,0.42409975232229297,1.5005441333926228e-11
232,224,0.41409401295922005,0.41409401302307736,6.385730833002867e-11
232,227,0.4088307279291666,0.40883072793176367,2.5970892103543974e-12
232,229,0.40586650880784764,0.4058665088399788,3.213118660028158e-11
232,235,0.4183499013259332,0.4183499013267004,7.672196211672144e-13
232,237,0.4137529206879006,0.4137529206908658,2.965183654168868e-12
232,239,0.4311854900024436,0.4311854900030389,5.953015858040089e-13
233,212,0.40697567401569507,0.4069756766127554,2.597060344555757e-09
233,220,0.40278801737214015,0.4027880186845495,1.3124093478644738e-09
233,225,0.3980270328841093,0.39802703330562395,4.215146565123007e-10
233,228,0.43302507802412693,0.43302507816335606,1.3922912822650346e-10
233,230,0.4344653070733839,0.43446530714310677,6.972289412487953e-11
233,235,0.42525861176030455,0.42525861177423585,1.393130055760139e-11
233,236,0.42223071204921364,0.4222307120621971,1.2983447650327662e-11
233,238,0.41530790311206744,0.4153079031416888,2.962136091966272e-11
233,239,0.4215738961268363,0.4215738961383734,1.153710460499724e-11
234,213,0.41518762762083405,0.4151876276228963,2.0622392682412283e-12
234,221,0.4082115420825248,0.40821154209128496,8.760159264653566e-12
234,226,0.421345361711121,0.42134536171149123,3.7020386756125845e-13
234,229,0.42751379295542946,0.42751379296168934,6.259881502046483e-12
234,231,0.42024785377792295,0.420247853777998,7.505107646466058e-14
234,236,0.4002779758931285,0.40027797589325864,1.3011813848606835e-13
234,237,0.42822151757605487,0.42822151757661625,5.613842724017104e-13
234,239,0.40772302307617037,0.40772302307628766,1.172950625516478e-13
235,222,0.42293397490707163,0.42293397490882106,1.7494339310530904e-12
235,227,0.42892380536460667,0.4289238053653397,7.330247520087596e-13
235,230,0.42650898150155686,0.42650898150408445,2.5275892490128626e-12
235,232,0.41567792956135385,0.4156779295636241,2.2702395519047514e-12
235,233,0.4132125969987302,0.413212597003986,5.255795798575491e-12
235,237,0.4199373195084588,0.41993731950925317,7.943645741192995e-13
235,238,0.4118488411700522,0.4118488411712599,1.2077006061872453e-12
235,239,0.4044630786675852,0.40446307866803666,4.514721929638199e-13
236,223,0.4020146563741397,0.40201465637482503,6.853406731011091e-13
236,226,0.41795947308511067,0.41795947308556564,4.549693954913892e-13
236,228,0.41020347931980317,0.4102034793240045,4.201361480937749e-12
236,231,0.4165066397517518,0.4165066397520023,2.5052182550666657e-13
236,233,0.38884815465045186,0.3888481546552569,4.8050452505776775e-12
236,234,0.42610965827469993,0.42610965827521474,5.148104165186851e-13
236,237,0.42744827958599557,0.42744827958675696,7.613909502879324e-13
236,238,0.43719608970665913,0.43719608970779184,1.132705040873816e-12
236,239,0.4284146411836515,0.4284146411840756,4.2404968425557854e-13
237,224,0.431102499435253,0.4311024994577374,2.2484403228162364e-11
237,227,0.42359191795291795,0.42359191795378637,8.684164498617974e-13
237,229,0.4314050900970531,0.4314050901081634,1.1110334874331329e-11
237,232,0.4176289236107927,0.41762892361372506,2.9323765637911947e-12
237,234,0.4156990093789415,0.4156990093796775,7.360223541752475e-13
237,235,0.42944566853772437,0.4294456685379983,2.739475313262574e-13
237,236,0.4035870186343275,0.4035870186345599,2.324251902052765e-13
237,238,0.41438760565323357,0.4143876056537074,4.738431869100168e-13
237,239,0.4228174220687319,0.42281742206894285,2.1094237467877974e-13
238,225,0.4295828618208361,0.42958286184160144,2.0765333896832772e-11
238,228,0.4168455938109299,0.41684559382066527,9.735379169484304e-12
238,230,0.4181792375756522,0.4181792375811147,5.462519325760695e-12
238,233,0.4341382887293031,0.43413828874046384,1.1160738999649311e-11
238,235,0.4100335226090365,0.4100335226103058,1.2692624729027102e-12
238,236,0.416017251729781,0.4160172517309704,1.1894374374321615e-12
238,237,0.43394694638089526,0.4339469463825893,1.6940338021242951e-12
238,239,0.4243937386136497,0.42439373861462465,9.749423490745812e-13
239,231,0.4068130162570766,0.40681301625728916,2.1255219806448622e-13
239,232,0.4243685808348393,0.4243685808365959,1.7565948695619227e-12
239,233,0.42843060744752187,0.4284306074522535,4.731603997498723e-12
239,234,0.4142129482710744,0.4142129482714883,4.1389114358025836e-13
239,235,0.40795330098151183,0.40795330098200294,4.91107154942938e-13
239,236,0.41680274268576084,0.4168027426862216,4.6074255521944e-13
239,237,0.4264477098986613,0.42644770989927755,6.162292898181931e-13
239,238,0.4312094335580164,0.43120943355903407,1.0176859355226497e-12
