source,target,before,after,delta
0,1,0.43882270132169754,0.43882270132172074,2.3203661214665772e-14
0,2,0.431969038150955,0.43196903815101106,5.6066262743570405e-14
0,3,0.4155022790962722,0.415502279096469,1.96787031114809e-13
0,4,0.4208589296411936,0.42085892964147126,2.7766677845875165e-13
0,5,0.4342748356038932,0.43427483560448044,5.872524688754766e-13
0,6,0.42756225828327793,0.4275622582832977,1.9761969838327786e-14
0,7,0.4092732348856459,0.4092732348856814,3.552713678800501e-14
0,8,0.422047350651685,0.4220473506524234,7.383538225269604e-13
1,0,0.42391635502585323,0.42391635502586344,1.021405182655144e-14
1,2,0.4109715608562508,0.4109715608562573,6.494804694057166e-15
1,3,0.41249509436097326,0.4124950943609925,1.9262369477246466e-14
1,4,0.431739077142672,0.43173907714271553,4.3520742565306136e-14
1,6,0.42639263278686534,0.42639263278686723,1.887379141862766e-15
1,9,0.42994296284795314,0.42994296284806993,1.1679546219056647e-13
1,11,0.41513900193188674,0.4151390019318975,1.0769163338864018e-14
1,14,0.43939455924646764,0.43939455924647497,7.327471962526033e-15
2,0,0.428101868480578,0.42810186848062265,4.463096558993129e-14
2,1,0.4263957033504271,0.426395703350441,1.3933298959045715e-14
2,3,0.4294719703985738,0.4294719703986766,1.0275114092905824e-13
2,4,0.41361317376433526,0.4136131737644944,1.591504705800162e-13
2,5,0.4252151774675955,0.42521517746789245,2.969291479359981e-13
2,7,0.41125124723122103,0.41125124723124257,2.1538326677728037e-14
2,10,0.4081663890560357,0.4081663890562006,1.64923630308067e-13
2,12,0.41576132152235656,0.415761321522723,3.664291092775329e-13
2,15,0.40231277012750033,0.4023127701275266,2.6256774532384952e-14
3,0,0.4095765075422797,0.4095765075425764,2.967071033310731e-13
3,1,0.41385886328978083,0.41385886328985033,6.94999613415348e-14
3,2,0.43699242473209127,0.4369924247322773,1.8601786777594498e-13
3,5,0.42786533572304625,0.4278653357258338,2.787547970228843e-12
3,6,0.4121530276192061,0.4121530276192648,5.873079800267078e-14
3,8,0.42768699245988023,0.4276869924633649,3.484657007390979e-12
3,11,0.4359383952498142,0.43593839525012973,3.155253835984695e-13
3,13,0.39700121248016923,0.3970012124873308,7.1615491314958035e-12
3,16,0.41059049459388963,0.4105904945977637,3.8740677332782525e-12
4,0,0.44343764460528945,0.4434376446053834,9.392486788328824e-14
4,1,0.4252427076212134,0.42524270762126537,5.1958437552457326e-14
4,2,0.41910536724777003,0.41910536724784875,7.87148124459236e-14
4,6,0.4429738774237879,0.44297387742383193,4.4020342926387457e-14
4,7,0.4179857208753656,0.4179857208754579,9.225953334635051e-14
4,9,0.40347043418696593,0.40347043418886686,1.900923862763193e-12
4,12,0.40851754872407897,0.40851754872572577,1.6467938124264947e-12
4,17,0.4385312832158204,0.43853128323445845,1.863803555934851e-11
5,0,0.41217558861203846,0.4121755886133714,1.332933763364963e-12
5,2,0.3942015669595127,0.39420156696030983,7.971401316808624e-13
5,3,0.4191586271323369,0.419158627136216,3.879063736889066e-12
5,8,0.4324934780323561,0.4324934780511394,1.878330824212071e-11
5,10,0.41553103068371333,0.4155310306898111,6.09778894045121e-12
5,13,0.4095352492529138,0.4095352492965959,4.36821134819354e-11
5,18,0.43147750454619865,0.43147750458549633,3.9297676224236966e-11
5,26,0.4262358093102238,0.4262358094554605,1.4523671154620388e-10
6,0,0.4303966650614029,0.4303966650614123,9.381384558082573e-15
6,1,0.4298400639474387,0.42984006394744045,1.7763568394002505e-15
6,3,0.4285026344996361,0.42850263449965215,1.6042722705833512e-14
6,4,0.4117098725897958,0.4117098725898321,3.630429290524262e-14
6,9,0.4339282181663472,0.43392821816644483,9.764411501578252e-14
6,11,0.41093057752100104,0.41093057752101086,9.825473767932635e-15
6,14,0.41530751521227754,0.41530751521228315,5.6066262743570405e-15
6,19,0.4166463593418844,0.4166463593418844,0.0
6,27,0.438425681561718,0.43842568156172357,5.551115123125783e-15
7,0,0.4412656212480122,0.44126562124802354,1.1324274851176597e-14
7,2,0.41836230528710544,0.41836230528711355,8.104628079763643e-15
7,4,0.40025556143526264,0.40025556143531404,5.140332604014475e-14
7,10,0.43998186959361285,0.4399818695936537,4.085620730620576e-14
7,12,0.417851077776319,0.4178510777764381,1.1907141939104804e-13
7,15,0.4302498991555304,0.43024989915553874,8.326672684688674e-15
7,20,0.42453621528763946,0.42453621528786956,2.300937218535637e-13
7,28,0.4188230140089965,0.4188230140090157,1.9206858326015208e-14
8,0,0.4374761061918697,0.4374761061935198,1.650068970349139e-12
8,3,0.43167460662474233,0.43167460662952356,4.781230966699468e-12
8,5,0.433606860778499,0.43360686079700045,1.8501422616168384e-11
8,11,0.4183114810194649,0.41831148102119287,1.7279511155265936e-12
8,13,0.4291999875718147,0.4291999876251233,5.330857977270398e-11
8,16,0.42506986705949507,0.4250698670845387,2.5043633833377044e-11
8,21,0.44417170079225843,0.4441717009813204,1.890619882871647e-10
8,29,0.41700736170502073,0.4170073618010593,9.603856598872085e-11
9,1,0.43094379817558104,0.43094379817572454,1.4349632593280148e-13
9,4,0.4265280998174687,0.4265280998194238,1.9551027463649007e-12
9,6,0.4001622640079145,0.400162264008036,1.2151391004522338e-13
9,12,0.4203938097284205,0.42039380973295737,4.536870878979471e-12
9,14,0.42904151447818173,0.4290415144786009,4.1916470294722785e-13
9,17,0.40500430446790453,0.40500430451884234,5.093780952591942e-11
9,22,0.38808637227995313,0.38808637229239906,1.2445933172955392e-11
9,30,0.4325834139799679,0.432583414065868,8.590006483899515e-11
10,2,0.41668920748230165,0.41668920748258764,2.859934511434403e-13
10,5,0.3986410264454831,0.3986410264495201,4.036992962141994e-12
10,7,0.41571017765504104,0.41571017765520835,1.673106098110111e-13
10,13,0.40970202390103205,0.40970202391084865,9.816591983735634e-12
10,15,0.41448595262527854,0.4144859526254927,2.141620214501927e-13
10,18,0.4464489336392208,0.44644893364934546,1.0124678873069115e-11
10,23,0.4201610616776795,0.4201610616791312,1.4516721158486234e-12
10,31,0.40469195093677524,0.4046919509471958,1.042055330913172e-11
11,1,0.41729848572114636,0.4172984857211716,2.525757381022231e-14
11,3,0.4314472274431556,0.4314472274433573,2.0167201242315969e-13
11,6,0.42366695420652484,0.4236669542065469,2.2037927038809357e-14
11,8,0.4060368909883557,0.4060368909890955,7.397971124589731e-13
11,14,0.41682121672244316,0.41682121672249034,4.718447854656915e-14
11,16,0.43387026231974135,0.4338702623206115,8.701372955499664e-13
11,19,0.4102619982635993,0.4102619982636172,1.787459069646502e-14
11,24,0.423734522953398,0.4237345229537117,3.1374902675906924e-13
11,32,0.42078490336995017,0.4207849033700251,7.494005416219807e-14
12,2,0.41958892719300755,0.4195889271931875,1.7996715229173788e-13
12,4,0.41877507940859476,0.4187750794102025,1.6077139619596892e-12
12,7,0.40711365089381335,0.407113650894023,2.0966561820046081e-13
12,9,0.42156372810795417,0.4215637281122588,4.304612222227888e-12
12,15,0.40913102607710006,0.4091310260773254,2.2531976284767552e-13
12,17,0.41114160455386434,0.41114160459580296,4.193861924406406e-11
12,20,0.39606797103346947,0.396067971040573,7.103539978459139e-12
12,25,0.4164281308062308,0.4164281308645568,5.832601068789245e-11
12,33,0.4275857554800178,0.42758575550343064,2.341282723250515e-11
13,3,0.4224751940859281,0.4224751941047307,1.880262612274919e-11
13,5,0.42202976150553606,0.4220297615934089,8.787282013145159e-11
13,8,0.40020573752577826,0.4002057376343957,1.086174483688751e-10
13,10,0.4166989195612393,0.41669891958973165,2.84923751259214e-11
13,16,0.417035316859765,0.41703531697146423,1.1169920544062961e-10
13,18,0.41991959324453665,0.4199195934869713,2.4243462792838955e-10
13,21,0.4339813103187101,0.4339813118898695,1.5711593692735448e-09
13,26,0.41082545130076886,0.4108254527910705,1.490301659856641e-09
13,34,0.40291245944587484,0.4029124624510599,3.0051850452572637e-09
14,1,0.4237615723796502,0.4237615723796502,0.0
14,6,0.4098205491053233,0.4098205491053233,0.0
14,9,0.4281233798858178,0.42812337988584526,2.7478019859472624e-14
14,11,0.4407353846120586,0.4407353846120586,0.0
14,19,0.4295018719750019,0.4295018719750019,0.0
14,22,0.4219729006300306,0.42197290063009574,6.511458039426543e-14
14,27,0.42865722041315873,0.4286572204131602,1.4432899320127035e-15
14,35,0.41732684912171164,0.4173268491217753,6.367129046225273e-14
15,2,0.4095287646360374,0.4095287646360517,1.432187701766452e-14
15,7,0.4071748040662081,0.4071748040662193,1.1213252548714081e-14
15,10,0.42882194235762533,0.4288219423576868,6.145084441300241e-14
15,12,0.41789402963762545,0.4178940296378214,1.9595436384634013e-13
15,20,0.4045449722472738,0.4045449722476515,3.7769787297747826e-13
15,23,0.40049500104263713,0.40049500104269153,5.440092820663267e-14
15,28,0.42306768709486453,0.42306768709489656,3.2029934260435766e-14
15,36,0.40862531864523066,0.40862531864526713,3.647082635893639e-14
16,3,0.41156410649992126,0.41156410650476244,4.841183010029226e-12
16,8,0.40957934813762503,0.40957934816040464,2.2779611530410193e-11
16,11,0.4018764843815595,0.4018764843833642,1.8047230376794232e-12
16,13,0.41974309125196696,0.41974309130280096,5.083400367311697e-11
16,21,0.4032074625824926,0.4032074627594724,1.769797641770765e-10
16,24,0.4346213977923079,0.4346213977994696,7.161715664949497e-12
16,29,0.4465406607693379,0.4465406608617232,9.238532161504054e-11
16,37,0.4337708370608452,0.4337708370954872,3.4642011481622603e-11
16,50,0.41897108486930074,0.41897108497758845,1.0828771213056143e-10
17,4,0.4238418307700533,0.4238418308254524,5.539912972807315e-11
17,9,0.42753037111462655,0.4275303712641016,1.4947504345386164e-10
17,12,0.42740626911455304,0.4274062692424716,1.2791856462968099e-10
17,22,0.42749188863990883,0.42749188899861257,3.5870373338298123e-10
17,25,0.4197222222201081,0.41972222484640603,2.6262979568869582e-09
17,30,0.41998303847737156,0.4199830417142061,3.2368345226352346e-09
17,38,0.39940947484741507,0.39940948297874607,8.131330997418473e-09
17,51,0.4292274560727405,0.4292274727721638,1.6699423288635273e-08
18,5,0.4480517916454881,0.44805179168872067,4.323258417926468e-11
18,10,0.4200800120677606,0.42008001208480344,1.7042867117567084e-11
18,13,0.4284086619687545,0.42840866209765255,1.2889805889315653e-10
18,23,0.403852143860279,0.40385214387246504,1.2186029962890643e-11
18,26,0.4284096086419744,0.42840960907692566,4.349512416901291e-10
18,31,0.4113381490999302,0.41133814921661704,1.166868268676069e-10
18,39,0.42659338910117955,0.42659338965555177,5.543722148004804e-10
18,52,0.4252892623941221,0.42528926285681373,4.6269160725032066e-10
19,6,0.43406845589698767,0.4340684558969907,3.0531133177191805e-15
19,11,0.42977216595206574,0.4297721659520781,1.2378986724570495e-14
19,14,0.39838922936277404,0.39838922936278254,8.493206138382448e-15
19,24,0.4154806113003253,0.41548061130036373,3.8413716652030416e-14
19,27,0.43491349267834617,0.4349134926783543,8.104628079763643e-15
19,32,0.40657804993448216,0.4065780499344922,1.0047518372857667e-14
19,40,0.40682088524444615,0.40682088524445287,6.716849298982197e-15
19,45,0.42320903705507257,0.4232090370550899,1.7319479184152442e-14
19,53,0.4248024497243047,0.4248024497243054,7.216449660063518e-16
20,7,0.3995854939455182,0.3995854939459382,4.199973702156967e-13
20,12,0.42059676603394147,0.4205967660414091,7.467637619384959e-12
20,15,0.43287526577903584,0.432875265779487,4.5113912605643236e-13
20,25,0.41202029567217247,0.4120202957887926,1.1662015797497816e-10
20,28,0.4216465112569016,0.42164651125817026,1.2686518502391664e-12
20,33,0.4135334138248034,0.4135334138716419,4.683847754094472e-11
20,41,0.4369819849939678,0.436981984996663,2.6952329257312613e-12
20,46,0.4353887251630688,0.4353887254137391,2.5067026232505896e-10
20,54,0.40917663686379924,0.4091766369097424,4.5943138182735765e-11
21,8,0.4265843307821311,0.4265843313106441,5.285130111332137e-10
21,13,0.4276808509671633,0.42768085290912905,1.9419657548702673e-09
21,16,0.42428390796137394,0.4242839084960107,5.346367792924411e-10
21,26,0.4050610274731665,0.405061035707126,8.23395945870331e-09
21,29,0.4215001742574625,0.42150017733059125,3.07312875147403e-09
21,34,0.4286952111881898,0.42869522905038665,1.786219683275192e-08
21,42,0.4314805322309362,0.43148054702286626,1.479193006970192e-08
21,47,0.4330347626254586,0.4330347971703209,3.45448623040312e-08
21,55,0.39408999152103913,0.39409003811180754,4.659076840995979e-08
22,9,0.4092136081609939,0.4092136081739207,1.2926826276071779e-11
22,14,0.4056999005912081,0.4056999005922432,1.0351164370092647e-12
22,17,0.41125359456076327,0.41125359468650574,1.2574247199026445e-10
22,27,0.41673501529341306,0.41673501529443246,1.0194067812108187e-12
22,30,0.4082801748823519,0.40828017509439785,2.1204593636525715e-10
22,35,0.4211192372845317,0.4211192373145594,3.002770254667553e-11
22,43,0.43674123127492587,0.43674123158188344,3.0695757047283223e-10
22,48,0.4133771562399384,0.4133771562568627,1.6924295298537118e-11
22,56,0.40570859662747977,0.4057085968724545,2.4497470718642944e-10
23,10,0.40756563974391163,0.4075656397450271,1.1154410728408948e-12
23,15,0.4361039009973011,0.43610390099745877,1.5765166949677223e-13
23,18,0.43399290927185186,0.4339929092769347,5.082823051338892e-12
23,28,0.4102441997508578,0.41024419975120713,3.493316746983055e-13
23,31,0.4066046903308404,0.406604690336077,5.236588940249476e-12
23,36,0.40734755570640263,0.4073475557070435,6.408762409648716e-13
23,44,0.4387856176076635,0.4387856176122985,4.635014594356335e-12
23,49,0.43578777365620225,0.43578777365637195,1.6969758931395518e-13
23,57,0.41620808023404243,0.41620808023566563,1.6232015731532101e-12
24,11,0.42091839458753433,0.4209183945879809,4.465872116554692e-13
24,16,0.40892851559067916,0.4089285155958687,5.189515484005369e-12
24,19,0.42853247442020975,0.4285324744202892,7.943645741192995e-14
24,29,0.4329505538330462,0.43295055385000175,1.6955548076680316e-11
24,32,0.41284926579962716,0.4128492657999696,3.4244829194562953e-13
24,37,0.4206291000126426,0.42062910001973514,7.09254877051535e-12
24,45,0.3951038390438789,0.3951038390444487,5.697664562376303e-13
24,58,0.4352122434204304,0.43521224342409365,3.663236380901935e-12
25,12,0.39116309077846534,0.3911630909571624,1.786970571515667e-10
25,17,0.4218512924959691,0.4218512951299565,2.6339874170666633e-09
25,20,0.39275207078313823,0.39275207112747507,3.4433683682166816e-10
25,30,0.4188046128295056,0.4188046173522113,4.522705709941732e-09
25,33,0.41390098894493965,0.41390099025171206,1.3067724125015445e-09
25,38,0.42861179879926065,0.42861181016313876,1.1363878116288362e-08
25,46,0.4208871660109298,0.4208871741882265,8.17729672863976e-09
25,59,0.40254540187760235,0.4025454332322043,3.1354601970345897e-08
26,5,0.41000003076533276,0.41000003117602285,4.106900930445079e-10
26,13,0.432972028237547,0.4329720301119056,1.874358612763416e-09
26,18,0.40629476277475557,0.40629476392813185,1.1533762833693117e-09
26,21,0.4274508723988216,0.42745088078174603,8.382924410188508e-09
26,31,0.41501302691122804,0.415013028094402,1.183173947705285e-09
26,34,0.4243333442404564,0.42433336165261826,1.741216187900463e-08
26,39,0.40207138195789793,0.4020713923606294,1.0402731454028924e-08
26,47,0.4355136936011762,0.4355137273132392,3.371206297453355e-08
26,60,0.40660355129950093,0.4066035927946328,4.1495131886115644e-08
27,6,0.44554653135963285,0.44554653135963285,0.0
27,14,0.41031192469081207,0.41031192469081207,0.0
27,19,0.3996226870023286,0.3996226870023286,0.0
27,22,0.41226408723549335,0.4122640872355369,4.3576253716537394e-14
27,32,0.43119193758468,0.43119193758468,0.0
27,35,0.3997111385267783,0.3997111385268205,4.218847493575595e-14
27,40,0.4425043388410195,0.4425043388410195,0.0
27,48,0.4019029304659105,0.4019029304659342,2.3703261575747092e-14
27,61,0.44434189953099834,0.44434189953100744,9.103828801926284e-15
28,7,0.4053504023767443,0.40535040237677067,2.6367796834847468e-14
28,15,0.4035456573996636,0.40354565739969317,2.958744360626042e-14
28,20,0.4177344519367865,0.4177344519377112,9.247047572102929e-13
28,23,0.4121648220001397,0.41216482200022536,8.565370634983083e-14
28,33,0.42698521812599877,0.4269852181291862,3.1874503036988244e-12
28,36,0.4285902197292158,0.42859021972927586,6.006306563222097e-14
28,41,0.3978486633003492,0.3978486633005182,1.6903145549918008e-13
28,49,0.408265798224392,0.4082657982244109,1.887379141862766e-14
28,62,0.4080925716454982,0.40809257164562446,1.262323578998803e-13
29,8,0.4169272116032178,0.41692721176325215,1.600343746410715e-10
29,16,0.43914328838304734,0.43914328854992835,1.6688100901163239e-10
29,21,0.416708588432388,0.4167085904593567,2.026968703994214e-09
29,24,0.4091810622841472,0.40918106232520507,4.105787931862892e-11
29,34,0.4121852365886929,0.41218524004647367,3.4577807839220043e-09
29,37,0.41140644405528154,0.4114064442950722,2.3979068730639597e-10
29,42,0.41047947149463376,0.4104794748859432,3.3913094554804957e-09
29,50,0.4441852872476759,0.4441852880736433,8.25967405582162e-10
29,63,0.4175540087395622,0.41755401385242696,5.1128647426956775e-09
30,9,0.4237554025675676,0.4237554028329325,2.6536489672324137e-10
30,17,0.4314118981982304,0.4314119015652988,3.36706840187162e-09
30,22,0.43365294767280116,0.43365294830977225,6.369710869869039e-10
30,25,0.4199472886579602,0.41994729334901326,4.691053046013138e-09
30,35,0.40934306532997516,0.4093430659527552,6.227800497526914e-10
30,38,0.4207324171769796,0.4207324317949015,1.4617921872961404e-08
30,43,0.40806765458243904,0.4080676630230214,8.440582344171332e-09
30,51,0.44004089425167275,0.4400409242942224,3.004254967020614e-08
30,64,0.42846293961866166,0.4284629779092525,3.829059080917574e-08
31,10,0.4295007282581386,0.42950072827562386,1.7485235481728978e-11
31,18,0.43304730821736015,0.43304730833367655,1.1631640095544071e-10
31,23,0.4092663048866694,0.40926630489917865,1.2509271396510258e-11
31,26,0.4232060073840045,0.42320600782903633,4.450318447091206e-10
31,36,0.4138296949461347,0.41382969495478555,8.65085780787922e-12
31,39,0.4128855344731017,0.4128855350402746,5.671728642298035e-10
31,44,0.4095554498964159,0.40955545000184895,1.05433051178494e-10
31,52,0.4203504851195018,0.4203504855929007,4.733989311667131e-10
31,65,0.40062844976701906,0.40062845006138953,2.9437047244229575e-10
32,11,0.43836029451037706,0.43836029451044994,7.288614156664153e-14
32,19,0.39417032533984836,0.39417032533986296,1.459943277382081e-14
32,24,0.4402466563297912,0.44024665633002746,2.362554596402333e-13
32,27,0.4164220429098887,0.41642204290992313,3.441691376337985e-14
32,37,0.407661254325118,0.40766125432598316,8.651412919391532e-13
32,40,0.41784596425882503,0.41784596425885123,2.6201263381153694e-14
32,45,0.41734562399405617,0.4173456239941536,9.742207041085749e-14
32,53,0.41468995060151054,0.4146899506015204,9.880984919163893e-15
32,66,0.4246540256749343,0.42465402567498944,5.512257317263902e-14
33,12,0.41645183189191887,0.4164518319401543,4.8235415661679326e-11
33,20,0.40761157451959024,0.40761157461223246,9.26422272229388e-11
33,25,0.4215748757159711,0.42157487664159543,9.256243549415899e-10
33,28,0.4148548999833781,0.41485489999119857,7.820466496610834e-12
33,38,0.4311197475672891,0.43111975023146937,2.664180265288252e-09
33,41,0.4074297556492662,0.40742975566475115,1.5484946658261833e-11
33,46,0.3957685574332309,0.395768559479626,2.046395108923349e-09
33,54,0.40317286966920385,0.40317286997244084,3.032369910727084e-10
33,67,0.4114209478072676,0.4114209509500789,3.1428112889919646e-09
34,13,0.42217960449529274,0.42217961468341125,1.018811851549728e-08
34,21,0.4330694658139246,0.4330695191930889,5.337916431091827e-08
34,26,0.4098566322778484,0.40985668372701645,5.144916803700994e-08
34,29,0.42737711520682475,0.42737712915687337,1.3950048616262478e-08
34,39,0.4127006593549597,0.4127007273379675,6.798300777877131e-08
34,42,0.40438189822092024,0.4043819938472083,9.562628805470652e-08
34,47,0.41816721575821775,0.4181676527901623,4.370319445778925e-07
34,55,0.42421836648812766,0.4242189920851492,6.255970215196527e-07
34,68,0.41584269886274744,0.4158441717827487,1.4729200012442156e-06
35,14,0.42537563759638747,0.4253756375974017,1.0142442441463118e-12
35,22,0.40539344334837135,0.4053934433784786,3.010725002638992e-11
35,27,0.41555809911212405,0.41555809911312275,9.987011218015596e-13
35,30,0.40426063758847997,0.4042606377962113,2.0773133213580763e-10
35,40,0.42968625377481345,0.4296862537755724,7.58948459633757e-13
35,43,0.41397175916385787,0.4139717594645708,3.0071295453737434e-10
35,48,0.4064599282899722,0.40645992830655203,1.6579848605147163e-11
35,56,0.40526056613646533,0.4052605663764556,2.3999024989507234e-10
35,69,0.39472811184782747,0.3947281119797788,1.319513387443294e-10
36,15,0.4196687998981243,0.41966879989823314,1.088573675644966e-13
36,23,0.40847806239641565,0.40847806239704704,6.313838341043265e-13
36,28,0.39281718615245015,0.3928171861526906,2.404743071338089e-13
36,31,0.4123542035908703,0.41235420359445746,3.5871305925638808e-12
36,41,0.4105539325007775,0.4105539325012045,4.269917752708352e-13
36,44,0.41931415987549564,0.419314159878671,3.1753488727304102e-12
36,49,0.4378308772135192,0.43783087721363606,1.1685097334179773e-13
36,57,0.42384832619423074,0.42384832619534335,1.1126100041281006e-12
36,70,0.41272946019223583,0.41272946019262063,3.8480330033507926e-13
37,16,0.4151742232974763,0.41517422333446824,3.699196504669544e-11
37,24,0.42302392859629034,0.4230239286067482,1.0457856802759125e-11
37,29,0.41791772642620834,0.41791772656667864,1.4047030205688316e-10
37,32,0.4196148292713443,0.419614829273312,1.967703777694396e-12
37,42,0.42847092393848957,0.4284709243751541,4.3666453786173065e-10
37,45,0.42473365103521554,0.4247336510383542,3.1386560017665488e-12
37,50,0.42702941109656206,0.42702941125958294,1.6302087457731318e-10
37,58,0.40185346036490327,0.40185346038769826,2.279498811930125e-11
37,71,0.40198266136370786,0.4019826615470711,1.8336321350176377e-10
38,17,0.4460821333109811,0.44608215745104096,2.414005983997214e-08
38,25,0.42639066865035635,0.4263907023332622,3.3682905853371636e-08
38,30,0.42181846932965567,0.4218185116863954,4.2356739726745474e-08
38,33,0.4053171208210042,0.40531713090879345,1.008778927058529e-08
38,43,0.40505123526195025,0.40505129760807,6.2346119766854e-08
38,46,0.4176729669572979,0.41767304531671595,7.835941806533242e-08
38,51,0.4103188514519755,0.4103192270647101,3.75612734582198e-07
38,59,0.41458219849347117,0.41458273496944464,5.364759734782787e-07
38,72,0.4130798445026663,0.41308111276411413,1.2682614478065624e-06
39,18,0.420678760063527,0.4206787615815649,1.5180379175916414e-09
39,26,0.41394189449947333,0.41394190506997075,1.0570497421813485e-08
39,31,0.4060595953994058,0.40605959695660415,1.5571983702500347e-09
39,34,0.40996541980485357,0.40996544299126597,2.3186412401177137e-08
39,44,0.4132386362981036,0.41323863766779906,1.3696954681563511e-09
39,47,0.41199078441652254,0.41199082933862996,4.4922107422795676e-08
39,52,0.4131552791498742,0.4131552905226391,1.1372764896488974e-08
39,60,0.4005178025016358,0.40051785780983695,5.530820113008872e-08
39,73,0.41387045096539665,0.4138704951035837,4.413818704973593e-08
40,19,0.417501715932552,0.417501715932552,0.0
40,27,0.42698959920032464,0.4269895992003247,5.551115123125783e-17
40,32,0.43115013306560973,0.43115013306560973,0.0
40,35,0.4414125245453155,0.44141252454535973,4.424238753131249e-14
40,48,0.4162260751580009,0.4162260751580258,2.4868995751603507e-14
40,53,0.4232542643361584,0.4232542643361584,0.0
40,61,0.4367156404548371,0.43671564045484673,9.658940314238862e-15
40,74,0.4219991568358094,0.42199915683581174,2.3314683517128287e-15
41,20,0.39714742442670803,0.3971474244276182,9.101608355877033e-13
41,28,0.42665425753026687,0.4266542575303476,8.071321389024888e-14
41,33,0.4082061579594216,0.4082061579624907,3.0691005292737827e-12
41,36,0.4324416359897347,0.43244163598979257,5.789813073420191e-14
41,49,0.4059062886249555,0.4059062886249715,1.6042722705833512e-14
41,54,0.43714137796887187,0.43714137797181724,2.945366173179309e-12
41,62,0.43100475239844194,0.43100475239856917,1.2723155862204294e-13
41,75,0.42432997582142135,0.4243299758246208,3.199440712364776e-12
42,21,0.422417428529808,0.4224174442695775,1.5739769487765898e-08
42,29,0.4174531899767166,0.41745319547242976,5.495713162328997e-09
42,34,0.40622720353719316,0.40622723670906064,3.3171867475090266e-08
42,37,0.44162356222717575,0.4416235636014255,1.3742497695368172e-09
42,50,0.423042594581029,0.4230425996425008,5.061471797240813e-09
42,55,0.410734030723657,0.4107341176485671,8.692491010320325e-08
42,63,0.45769394930232554,0.4576939903661051,4.106377954338214e-08
42,76,0.4141293155249682,0.41412945962824,1.4410327181524352e-07
43,22,0.4315415387815314,0.431541539723837,9.423056224200366e-10
43,30,0.43097804887724284,0.4309780574513735,8.574130683225434e-09
43,35,0.41380280399996294,0.41380280492128096,9.213180218736738e-10
43,38,0.4049643439648392,0.4049643656816489,2.1716809683880456e-08
43,51,0.42987199886675925,0.4298720435097618,4.464300257245313e-08
43,56,0.4133911668613331,0.41339117684574034,9.984407245422489e-09
43,64,0.43633872016302233,0.43633877708623325,5.692321092265473e-08
43,77,0.41481043180826677,0.414810478305939,4.6497672212542085e-08
44,23,0.4196656412310487,0.4196656412420593,1.1010581335568759e-11
44,31,0.4349427440999451,0.43494274420504025,1.0509515480094933e-10
44,36,0.41961291410176355,0.4196129141093788,7.615241770508874e-12
44,39,0.41873340893532796,0.4187334094333773,4.980493240047679e-10
44,52,0.4219635870356005,0.42196358745131385,4.1571335263057563e-10
44,57,0.40145261117578135,0.401452611204299,2.851763269973162e-11
44,65,0.4247394490607478,0.42473944931927476,2.585269776034238e-10
44,78,0.42526406847447396,0.4252640685853346,1.1086065399013023e-10
45,19,0.415999922407892,0.41599992240791406,2.2037927038809357e-14
45,24,0.4441590156342499,0.4441590156345966,3.4666713943920513e-13
45,32,0.4110414403296636,0.41104144032974893,8.532063944244328e-14
45,37,0.41477598307820607,0.41477598307940516,1.1990963777464003e-12
45,53,0.40424866067474474,0.4042486606747602,1.5432100042289676e-14
45,58,0.42767059504720284,0.4276705950480108,8.079648061709577e-13
45,66,0.41763084830433905,0.41763084830442787,8.881784197001252e-14
45,79,0.4370087705200859,0.437008770520749,6.630807014573747e-13
46,20,0.4275371818189378,0.427537182638178,8.192402312090508e-10
46,25,0.4285028868661865,0.42850289570330524,8.837118758986406e-09
46,33,0.418341302360935,0.41834130549170606,3.1307710868233585e-09
46,38,0.43364013148156366,0.4336401591974154,2.7715851724785523e-08
46,54,0.4163748346190588,0.4163748373159248,2.6968660082893336e-09
46,59,0.42864800257305063,0.4286480793051171,7.673206647851316e-08
46,67,0.412109058022172,0.4121090883663095,3.034413748048692e-08
46,80,0.4233680550721913,0.42336818456232644,1.294901351700517e-07
47,21,0.4177190539223911,0.4177191648497515,1.109273604082972e-07
47,26,0.4282714144018273,0.4282715213534189,1.0695159158302658e-07
47,34,0.4040519725894049,0.4040524180390938,4.4544968891280234e-07
47,39,0.42918426278605887,0.42918440416320935,1.4137715048656574e-07
47,55,0.40883164524861615,0.4088329561865336,1.3109379174425229e-06
47,60,0.41369251462430834,0.41369373000921705,1.2153849087148672e-06
47,68,0.41893329502374627,0.4189363826655303,3.0876417840275394e-06
47,81,0.4216789899545763,0.42168283663918155,3.8466846052354065e-06
48,22,0.4097165471161461,0.4097165471323228,1.617672662490577e-11
48,27,0.41959099128991834,0.4195909912904549,5.365707878013382e-13
48,35,0.414989655216447,0.4149896552322523,1.5805301512017422e-11
48,40,0.42886690881805556,0.42886690881846323,4.076738946423575e-13
48,56,0.4189331940911308,0.4189331942200783,1.2894751932890358e-10
48,61,0.4112695251893607,0.41126952519304966,3.688938043922008e-12
48,69,0.43063490706902,0.43063490713991676,7.089673292881571e-11
48,82,0.39977455689162894,0.3997745569197715,2.8142543850862012e-11
49,23,0.41127748708535844,0.41127748708548106,1.2262413306984854e-13
49,28,0.43008645104503995,0.4300864510450974,5.745404152435185e-14
49,36,0.41326846688005286,0.41326846688013863,8.576472865229334e-14
49,41,0.43368135850320666,0.43368135850331074,1.0408340855860843e-13
49,57,0.42581762869090223,0.42581762869109874,1.965094753586527e-13
49,62,0.42099673027882517,0.42099673027889634,7.116529587847253e-14
49,70,0.43799405157642796,0.4379940515764992,7.122080702970379e-14
49,83,0.4161305521512389,0.4161305521513157,7.682743330406083e-14
50,16,0.4287558851329344,0.4287558852722538,1.393193893584055e-10
50,29,0.412758190171168,0.4127581907312457,5.600777064351803e-10
50,37,0.411789563222548,0.4117895634185988,1.9605078671602882e-10
50,42,0.4377796269222839,0.4377796287543507,1.8320668315752187e-09
50,58,0.44195449065746256,0.44195449073834,8.087741587559094e-11
50,63,0.39993010615358915,0.3999301088616486,2.708059443357058e-09
50,71,0.4055542446131138,0.40555424532833495,7.152211600747194e-10
50,84,0.4149094661375745,0.4149094691970324,3.059457909238006e-09
51,17,0.41765558137780684,0.4176556332802258,5.1902418973792663e-08
51,30,0.39977862433818195,0.399778715419862,9.108168003146844e-08
51,38,0.39679471725956916,0.39679509785350653,3.8059393736578073e-07
51,43,0.4158616379816439,0.41586177205524716,1.3407360327510887e-07
51,59,0.4054135672283964,0.405414722437124,1.1552087276212042e-06
51,64,0.43310801327371357,0.4331091250462628,1.1117725492448827e-06
51,72,0.4446560188134373,0.4446587475768897,2.7287634524197912e-06
51,85,0.4337507259694356,0.4337542296234372,3.5036540015909168e-06
52,18,0.4097954540801462,0.4097954553270695,1.2469232868461688e-09
52,31,0.4383730479635578,0.43837304924266657,1.2791087633523546e-09
52,39,0.4228121873435633,0.4228121986458455,1.1302282221237192e-08
52,44,0.4072055605567819,0.4072055616818991,1.125117166100864e-09
52,60,0.4203839878278895,0.4203840330851575,4.525726798876306e-08
52,65,0.42367670388583517,0.4236767092263142,5.340479003468346e-09
52,73,0.4253328582717787,0.42533289438981925,3.611804055836387e-08
52,86,0.42932561665861246,0.42932563584163846,1.918302600101285e-08
53,19,0.4197349040740289,0.4197349040740289,0.0
53,32,0.43608757651269864,0.4360875765126993,6.661338147750939e-16
53,40,0.4381490966408502,0.43814909664085255,2.3314683517128287e-15
53,45,0.40566541534822537,0.4056654153482309,5.551115123125783e-15
53,61,0.40996692822474057,0.40996692822477043,2.986499936241671e-14
53,66,0.38717155158734573,0.38717155158734845,2.7200464103316335e-15
53,74,0.4092541970298699,0.4092541970298776,7.66053886991358e-15
53,87,0.42681565336648236,0.4268156533664843,1.942890293094024e-15
54,20,0.4227626022360619,0.4227626022853937,4.93318164096479e-11
54,33,0.3998426663642169,0.39984266652669476,1.6247786449596902e-10
54,41,0.4120633916383245,0.41206339164767686,9.352352225988625e-12
54,46,0.4242505878763331,0.42425058874570726,8.693741837539903e-10
54,62,0.42789767171910476,0.4278976717261859,7.081168984512942e-12
54,67,0.4520349510864328,0.45203495241380076,1.3273679377867609e-09
54,75,0.4262524239084587,0.42625242408157554,1.7311685418519573e-10
54,88,0.4033296681915477,0.4033296697871206,1.5955728960292959e-09
55,21,0.4371105530044901,0.43711071630105724,1.6329656715718954e-07
55,34,0.41900006434323034,0.41900073770352025,6.733602899156033e-07
55,42,0.42494244653661384,0.4249427401095407,2.935729268571663e-07
55,47,0.43419506401488644,0.43419645040515337,1.3863902669219996e-06
55,63,0.4273672592691928,0.4273677147678034,4.5549861060756314e-07
55,68,0.41662165348731467,0.4166264220404966,4.768553181933033e-06
55,76,0.4296041305333754,0.42960768157523865,3.551041863281146e-06
55,89,0.4080158758347383,0.4080247936207898,8.917786051498844e-06
56,22,0.41081146260315266,0.41081146335515756,7.520049027931464e-10
56,35,0.41824926575420923,0.41824926648946564,7.352564113105586e-10
56,43,0.4195312717565384,0.4195312817474089,9.990870464271495e-09
56,48,0.4234537768662072,0.42345377727560674,4.0939951428953236e-10
56,64,0.4308889880111681,0.43088903348011137,4.546894327717155e-08
56,69,0.42979435279087613,0.4297943570533119,4.2624357932119494e-09
56,77,0.4312250486601486,0.43122508579879537,3.7138646769019346e-08
56,90,0.4167153013156965,0.4167153209697815,1.965408497062171e-08
57,23,0.4133073928603183,0.4133073928634815,3.1631919306107648e-12
57,36,0.4203123179567164,0.4203123179589067,2.19030349413174e-12
57,44,0.4111119126345904,0.41111191265938896,2.479855210069104e-11
57,49,0.4209143626408892,0.42091436264138476,4.955480470414386e-13
57,65,0.43591069833703855,0.4359106984029401,6.590156198527097e-11
57,70,0.4144806346866468,0.41448063468903695,2.3901436385642683e-12
57,78,0.414333349302811,0.41433334933142163,2.8610613878043978e-11
57,91,0.4197753750647415,0.41977537507346613,8.724632127865561e-12
58,24,0.4098328830108192,0.40983288301389503,3.075817378572765e-12
58,37,0.4404622303205226,0.4404622303324992,1.1976586389295107e-11
58,45,0.39912004532104267,0.39912004532222334,1.1806666755376227e-12
58,50,0.42664197259033926,0.4266419726231567,3.281741545180239e-11
58,66,0.420239236917736,0.4202392369183674,6.313838341043265e-13
58,71,0.4341874538464495,0.43418745388298746,3.653793934077498e-11
58,79,0.4133554013192292,0.41335540132505016,5.820954829260927e-12
58,92,0.42107428469687125,0.42107428472774394,3.0872693290717734e-11
59,25,0.433702020184823,0.4337021274200626,1.072352395770082e-07
59,38,0.3919671605952478,0.39196773552529623,5.749300484580999e-07
59,46,0.42834600063955747,0.42834625068531496,2.5004575748832636e-07
59,51,0.42336038151780403,0.4233616043468889,1.2228290848792511e-06
59,67,0.4195405513514222,0.4195409391700071,3.878185849126581e-07
59,72,0.4031271061880368,0.40313131626618687,4.210078150046481e-06
59,80,0.4206761474031794,0.4206793248491587,3.177445979329896e-06
59,93,0.43026632091398187,0.430274174902766,7.853988784112254e-06
60,26,0.42954990176779645,0.42955004916099043,1.4739319398326955e-07
60,39,0.4285711757422639,0.4285713707125932,1.9497032932580538e-07
60,47,0.40863270571981275,0.4086340137669189,1.3080471061299725e-06
60,52,0.4044766537068555,0.40447681356048837,1.598536328861755e-07
60,68,0.42684320232422723,0.4268477316524827,4.529328255453713e-06
60,73,0.43347064926258794,0.4334719348572379,1.2855946499579218e-06
60,81,0.427436196384577,0.42744182459105345,5.628206476426811e-06
60,94,0.4059152120209706,0.4059194595437684,4.247522797817815e-06
61,27,0.42942385823485785,0.4294238582350746,2.1677104555806181e-13
61,40,0.42651230402636964,0.42651230402653423,1.6459056340067946e-13
61,48,0.42452614570590813,0.42452614570950425,3.5961233990633446e-12
61,53,0.4039620695722684,0.4039620695723083,3.991251773527438e-14
61,69,0.4259758501656293,0.4259758501942536,2.86243251323981e-11
61,74,0.4341865538500159,0.43418655385042954,4.1361358782410207e-13
61,82,0.4225282206337493,0.42252822064511053,1.1361245277896614e-11
61,95,0.41886345047904794,0.41886345048079,1.7420509479393331e-12
62,28,0.4069147896444233,0.40691478964443406,1.0769163338864018e-14
62,41,0.42432738434583067,0.42432738434585215,2.148281552649678e-14
62,49,0.4006949530895957,0.4006949530895981,2.4424906541753444e-15
62,54,0.39963478784020473,0.3996347878406587,4.539701947692265e-13
62,70,0.405175985696145,0.4051759856961567,1.1712852909795402e-14
62,75,0.4356879364518382,0.43568793645233156,4.933831121434196e-13
62,83,0.43212479578073754,0.4321247957807519,1.4377388168895777e-14
62,96,0.45071349119624277,0.4507134911966834,4.4064751847372463e-13
63,29,0.4404094066411151,0.44040941515222537,8.511110261011368e-09
63,42,0.40134351724522266,0.4013435592526671,4.2007444467362376e-08
63,50,0.4182045908547261,0.4182045986588915,7.804165369496019e-09
63,55,0.43321670766214476,0.4332168441146665,1.364525217262269e-07
63,71,0.4381494363547808,0.43814944521839055,8.863609735065836e-09
63,76,0.41200264048823626,0.4120028667998881,2.2631165186304258e-07
63,84,0.407304746034027,0.4073048199051651,7.387113809542711e-08
63,97,0.4349955799088171,0.43499583698793953,2.5707912243433384e-07
64,30,0.44034906565372206,0.4403491969133857,1.3125966363825015e-07
64,43,0.4118687506484347,0.4118689439683488,1.9331991407689486e-07
64,51,0.42262834441820346,0.42262954091563243,1.1964974289679908e-06
64,56,0.43266303226143854,0.4326631865700436,1.5430860506038258e-07
64,72,0.43156387338359364,0.43156801903303876,4.145649445119748e-06
64,77,0.4280636044173926,0.42806485970228003,1.255284887424768e-06
64,85,0.40916482359357703,0.40917013182219863,5.308228621603295e-06
64,98,0.4057901544580498,0.40579438460737727,4.230149327488775e-06
65,31,0.4232252796980031,0.42322528040493784,7.069347329746734e-10
65,44,0.4310836937741761,0.43108369439611927,6.21943163636729e-10
65,52,0.408285136269958,0.4082851412269748,4.9570167970358625e-09
65,57,0.4258527802587524,0.4258527804334191,1.7466672552757245e-10
65,73,0.4069658285046427,0.40696584718252404,1.8677881352680004e-08
65,78,0.4296996131607244,0.4296996142526852,1.0919607995596436e-09
65,86,0.4194149210670449,0.4194149310274379,9.960392954866393e-09
65,99,0.44110925921632976,0.44110926269457496,3.4782451918680124e-09
66,32,0.41476547065072017,0.41476547065075325,3.3084646133829665e-14
66,45,0.4172680087045646,0.41726800870462505,6.045164369083977e-14
66,53,0.42551411190058774,0.42551411190059624,8.493206138382448e-15
66,58,0.4265995946588536,0.4265995946591271,2.735034421164073e-13
66,74,0.4166382479685696,0.41663824796864274,7.316369732279782e-14
66,79,0.44602940469962193,0.446029404699847,2.2504220709151923e-13
66,87,0.41412128520271124,0.41412128520274105,2.980948821118545e-14
66,100,0.4221931200200297,0.4221931200201919,1.6220358389773537e-13
67,33,0.40751554007285923,0.40751554495263925,4.879780024502622e-09
67,46,0.41779378596928807,0.417793816737227,3.0767938918874194e-08
67,54,0.3951907499919398,0.3951907541915983,4.199658509840276e-09
67,59,0.422811373942122,0.4228114939178688,1.199757468373086e-07
67,75,0.40800674720262864,0.40800675176834356,4.565714917248442e-09
67,80,0.4218630756297152,0.42186327817180375,2.02542088545421e-07
67,88,0.40980265840607566,0.4098027156986114,5.729253571562509e-08
67,101,0.42062309818084204,0.4206233354449329,2.3726409087432287e-07
68,34,0.43516274942262134,0.43517060586679185,7.85644417050646e-06
68,47,0.41231130201591704,0.4123277423779896,1.6440362072545067e-05
68,55,0.41140933775279265,0.41143412838452004,2.479063172738938e-05
68,60,0.39815543475611953,0.39817879583339566,2.336107727612946e-05
68,76,0.41630149633942637,0.41634824902530465,4.675268587828185e-05
68,81,0.4202551014620572,0.4204230284815943,0.00016792701953710631
68,89,0.4286305115150836,0.42893166477161876,0.00030115325653518044
68,102,0.4284076419936663,0.42884049320987827,0.0004328512162119491
69,35,0.43722220152131597,0.4372222018953623,3.740463494494861e-10
69,48,0.43602002382831506,0.43602002403668866,2.0837359615555329e-10
69,56,0.4024421063776558,0.4024421103935757,4.015919874422735e-09
69,61,0.4518942896482283,0.4518942897339955,8.576717114294752e-11
69,77,0.43438219008742585,0.43438220860345467,1.8516028821302655e-08
69,82,0.4132742453116105,0.4132742461429799,8.313694177530806e-10
69,90,0.426891433958273,0.4268914437666116,9.80833858577057e-09
69,103,0.4282989843725571,0.4282989870521424,2.679585331399892e-09
70,36,0.4420054991393985,0.4420054991400217,6.231681837221004e-13
70,49,0.4245177832382716,0.42451778323841766,1.4604983888943934e-13
70,57,0.4048275052031783,0.4048275052052667,2.088440531622382e-12
70,62,0.4186143952349296,0.4186143952352338,3.042011087472929e-13
70,78,0.4127620664295176,0.4127620664368647,7.347067398910667e-12
70,83,0.4131215858526549,0.41312158585302683,3.7192471324942744e-13
70,91,0.3926901434849617,0.392690143487303,2.3413493366319926e-12
70,104,0.4113609310661804,0.41136093106673144,5.510591982726964e-13
71,37,0.4268041365150217,0.42680413673802536,2.2300367108485375e-10
71,50,0.4104443278841032,0.4104443286071945,7.230913090516822e-10
71,58,0.4194397040394334,0.4194397041310735,9.16400844097609e-11
71,63,0.4289810434259709,0.42898104652278074,3.096809864100436e-09
71,79,0.43046022136985085,0.4304602214446249,7.47740758200166e-11
71,84,0.42457310575860013,0.4245731092577057,3.499105560855753e-09
71,92,0.42667848231171074,0.4266784829962836,6.845728428572784e-10
71,105,0.437002871550278,0.43700287453605224,2.985774238961625e-09
72,38,0.41793422972536404,0.4179410441406828,6.8144153187454926e-06
72,51,0.41902222225907354,0.41903687882292245,1.4656563848913784e-05
72,59,0.424578571717016,0.4246006427054911,2.2070988475064723e-05
72,64,0.40102812797760257,0.40104969936967005,2.1571392067487594e-05
72,80,0.4339328099260166,0.4339750954555237,4.228552950708009e-05
72,85,0.41165002241615434,0.4118041235376567,0.0001541011215023813
72,93,0.44069806531964517,0.4409642780782829,0.0002662127586377516
72,106,0.4108415332900947,0.4112444246672518,0.00040289137715709966
73,39,0.43789518107260433,0.4378953200349183,1.3896231398913272e-07
73,52,0.42722536522253385,0.4272254791824237,1.1395988985807293e-07
73,60,0.41148822366036086,0.4114894183976003,1.1947372394183198e-06
73,65,0.4275408228677364,0.42754088453874844,6.167101201937086e-08
73,81,0.4211614169724157,0.42116519843682926,3.781464413543656e-06
73,86,0.43394696230868507,0.43394740409574734,4.4178706226638553e-07
73,94,0.4056830940676055,0.40568594014468623,2.8460770807314795e-06
73,107,0.41435659299023747,0.41435782163249374,1.2286422562679533e-06
74,40,0.4048441370887552,0.40484413708879796,4.2743586448068527e-14
74,53,0.4354347803761084,0.43543478037611844,1.0047518372857667e-14
74,61,0.43440006181643964,0.4344000618168241,3.844702334276917e-13
74,66,0.4254420072989764,0.42544200729900705,3.064215547965432e-14
74,82,0.4084097665649524,0.40840976656790945,2.957023514937873e-12
74,87,0.42330218317453266,0.42330218317455964,2.6978419498391304e-14
74,95,0.3984932366876126,0.3984932366880636,4.509725926027386e-13
74,108,0.41039203867303425,0.41039203867307034,3.608224830031759e-14
75,41,0.4130330687880031,0.41303306879819757,1.0194456390166806e-11
75,54,0.42601998596240864,0.4260199861361721,1.7376344807473743e-10
75,62,0.4256656885898839,0.42566568859760257,7.718659045252707e-12
75,67,0.42929316425952063,0.4292931657067443,1.4472236742335554e-09
75,83,0.4301296642584456,0.4301296642658633,7.417677583276827e-12
75,88,0.4071591644216094,0.40715916616126135,1.739651978027723e-09
75,96,0.4205996611292182,0.4205996612977879,1.6856971374323848e-10
75,109,0.4205772611416753,0.4205772625972715,1.455596199129161e-09
76,42,0.4357779613208341,0.4357785025195339,5.411986997994056e-07
76,55,0.4373134955280199,0.4373172667312719,3.7712032520120786e-06
76,63,0.42251989241236004,0.42252073286326547,8.4045090542606e-07
76,68,0.40881327273064416,0.4088224810050125,9.20827436834415e-06
76,84,0.4327100050331835,0.43271098878581876,9.837526352418635e-07
76,89,0.40410753246134834,0.40412477902869176,1.7246567343420782e-05
76,97,0.42726654956319693,0.42727420698529156,7.657422094631272e-06
76,110,0.414053731347911,0.41407497412892197,2.1242781010955003e-05
77,43,0.40663088391932967,0.40663102520455324,1.4128522357603757e-07
77,56,0.4153291029256666,0.41532921569726394,1.1277159733813491e-07
77,64,0.4181537716855885,0.41815494663614294,1.1749505544611516e-06
77,69,0.41196245553516964,0.4119625139101652,5.83749955596069e-08
77,85,0.3984830487312727,0.3984867595901533,3.71085888056788e-06
77,90,0.3923313990475324,0.3923318592748394,4.602273069864715e-07
77,98,0.42695291505979227,0.4269558643327276,2.949272935315328e-06
77,111,0.41722447129204715,0.41722565310342935,1.181811382200415e-06
78,44,0.42881464171095707,0.428814641935702,2.2474494487667585e-10
78,57,0.4150346583783155,0.41503465844223847,6.392297802193525e-11
78,65,0.4328012395943021,0.43280124057738706,9.83084946781787e-10
78,70,0.41950993001909415,0.41950993003710235,1.8008206037478658e-11
78,86,0.44051921989320286,0.44051922320349257,3.3102897090131478e-09
78,91,0.4148038685319114,0.4148038686060813,7.41698924500156e-11
78,99,0.4214132510966871,0.42141325229319676,1.1965096691213262e-09
78,112,0.42412990959842867,0.4241299097937789,1.9535023598749035e-10
79,45,0.42473863624287794,0.4247386362438411,9.631739850135546e-13
79,58,0.40256976651714066,0.40256976652292764,5.786982004707397e-12
79,66,0.43010860810436835,0.4301086081048841,5.157541060896165e-13
79,71,0.4052315993216883,0.40523159935138536,2.9697078129942156e-11
79,87,0.43285604423772817,0.43285604423810925,3.81084053202585e-13
79,92,0.40285595848432165,0.4028559585094156,2.5093926936392563e-11
79,100,0.41434186616517865,0.41434186616855895,3.380296043076214e-12
79,113,0.4336293911244723,0.4336293911418385,1.736621957348916e-11
80,46,0.4299894669217641,0.4299899389534334,4.720316693074267e-07
80,59,0.4106828663506775,0.4106862372263329,3.3708756553840757e-06
80,67,0.4167606863268096,0.41676141871407335,7.323872637243767e-07
80,72,0.4231978503986781,0.42320610528655256,8.254887874481476e-06
80,88,0.42127723014644236,0.42127812334571724,8.931992748761886e-07
80,93,0.4385852123210816,0.43860063131467747,1.541899359586152e-05
80,101,0.4179484715014505,0.4179556506034178,7.179101967347279e-06
80,114,0.436489967986993,0.43650957091092807,1.9602923935047034e-05
81,47,0.42338570370287804,0.423402799384404,1.7095681525969297e-05
81,60,0.3926013280332793,0.39262552502551784,2.4196992238545434e-05
81,68,0.4373884922142504,0.43754014252313356,0.00015165030888314446
81,73,0.416534680816699,0.41655148558538885,1.6804768689870908e-05
81,89,0.4164572440549855,0.4167570613018927,0.0002998172469071969
81,94,0.4200131965258769,0.4201563776704176,0.00014318114454070496
81,102,0.4397202476426517,0.4401395353798279,0.0004192877371761994
81,115,0.4357618545022643,0.4360472220640448,0.00028536756178049183
82,48,0.4117672047726086,0.41176720484949286,7.688427672292164e-11
82,61,0.4208065022864485,0.4208065023181004,3.16519033205509e-11
82,69,0.4265270691533915,0.42652706994096073,7.875692320524763e-10
82,74,0.418769932294536,0.4187699323031807,8.64469607009255e-12
82,90,0.4199279700533235,0.419927973620033,3.566709483315833e-09
82,95,0.4135113182192713,0.41351131825636345,3.709216267466786e-11
82,103,0.4211930242912972,0.4211930252730352,9.817380242083118e-10
82,116,0.4129921449550233,0.41299214506178433,1.0676104444939938e-10
83,49,0.41750220744464017,0.41750220744466116,2.098321516541546e-14
83,62,0.44071498398595454,0.4407149839860137,5.917488721252084e-14
83,70,0.4264230415067721,0.4264230415068418,6.966649479522857e-14
83,75,0.42614074273295394,0.4261407427350261,2.0721757643116234e-12
83,91,0.4026954153615925,0.4026954153618073,2.148281552649678e-13
83,96,0.4249896591430759,0.4249896591449267,1.8507972932013672e-12
83,104,0.42123123564593484,0.4212312356460208,8.593126210598712e-14
83,117,0.42670536516059193,0.4267053651618484,1.256494908119521e-12
84,50,0.4250558770641823,0.42505588614778334,9.083601038017974e-09
84,63,0.414463161740397,0.4144632369262391,7.518584210775003e-08
84,71,0.439142561179257,0.43914257149739866,1.0318141674403591e-08
84,76,0.4204243853999828,0.4204246528787424,2.67478759641282e-07
84,92,0.4055039290727919,0.405503937711983,8.639191084736098e-09
84,97,0.4259716788108824,0.4259719826557116,3.0384482924139533e-07
84,105,0.42274372880447114,0.42274380142088736,7.261641621347792e-08
84,118,0.3934106788945782,0.39341094155004175,2.626554635454248e-07
85,51,0.40143018663117774,0.40144571428737524,1.5527656197500406e-05
85,64,0.41919852738157554,0.41922128608526454,2.2758703689007564e-05
85,72,0.42304128002121466,0.42317961536662163,0.00013833534540697023
85,77,0.42898339689612663,0.42899978677440537,1.638987827873306e-05
85,93,0.4202129012997151,0.42048232185497453,0.0002694205552594142
85,98,0.41097947403143126,0.41112187424762836,0.00014240021619710275
85,106,0.39595677617705516,0.39635284230704454,0.00039606612998938084
85,119,0.43618375882232635,0.43645477577174,0.0002710169494136716
86,52,0.4101955670520149,0.41019562321347686,5.616146198095251e-08
86,65,0.4216716593726503,0.4216716898180278,3.044537749685716e-08
86,73,0.39654504265349977,0.3965454744800704,4.3182657061269225e-07
86,78,0.417197921191788,0.4171979319026001,1.0710812126113467e-08
86,94,0.4236797164668338,0.42368110272770426,1.3862608704839907e-06
86,99,0.4316098578020025,0.4316098958232078,3.802120529527997e-08
86,107,0.43548147007255483,0.4354820696547514,5.995821965587567e-07
86,120,0.430308876624892,0.43030896716654954,9.054165756028354e-08
87,53,0.42584668330100306,0.4258466833010076,4.551914400963142e-15
87,66,0.41865767253832215,0.41865767253834885,2.6700863742235015e-14
87,74,0.4543995528243146,0.4543995528243639,4.929390229335695e-14
87,79,0.43153906220549754,0.43153906220564786,1.503241975342462e-13
87,95,0.417684744934567,0.4176847449347773,2.103317520152359e-13
87,100,0.42208003001592354,0.42208003001603245,1.0891287871572786e-13
87,108,0.4206489938088056,0.42064899380882353,1.7930101847696278e-14
87,121,0.4295832950118138,0.4295832950118779,6.411537967210279e-14
88,54,0.44732500492978844,0.4473250100668403,5.137051839465556e-09
88,67,0.4156786127714295,0.4156786708060505,5.803462099773782e-08
88,75,0.4193989613689856,0.41939896695384515,5.584859574803147e-09
88,80,0.397285413886185,0.39728566283358363,2.4894739864000925e-07
88,96,0.41318378253431737,0.41318378752191454,4.9875971686041964e-09
88,101,0.41260473952794685,0.41260503115521957,2.916272727193636e-07
88,109,0.4102250235151131,0.4102250818954704,5.838035732619318e-08
88,122,0.4281701693494046,0.428170421991068,2.5264166336746996e-07
89,55,0.42682696506336004,0.4268764486272905,4.9483563930474705e-05
89,68,0.4360383985942654,0.43634357559290066,0.00030517699863524816
89,76,0.42643200929371805,0.4265253935182023,9.338422448423866e-05
89,81,0.4072469292890831,0.407583748719907,0.0003368194308238648
89,97,0.43656271291032356,0.4366683494797657,0.00010563656944212463
89,102,0.42993273248446573,0.43080225843862624,0.0008695259541605105
89,110,0.432981611779848,0.43379569434986154,0.0008140825700135301
89,123,0.43189313254314565,0.43297613737719426,0.0010830048340486065
90,56,0.42976029034281854,0.42976034758453835,5.724171980858728e-08
90,69,0.41710225029803616,0.4171022799362611,2.963822492985102e-08
90,77,0.4036957793374122,0.40369623325274917,4.5391533698424524e-07
90,82,0.4363939379943458,0.43639394913308005,1.1138734268278938e-08
90,98,0.42628956448305594,0.42629105723604555,1.492752989606938e-06
90,103,0.4111772811935424,0.4111773185261757,3.733263326255454e-08
90,111,0.44917257773387276,0.4491731762068221,5.98472949364659e-07
90,124,0.42021495704271866,0.4202150503826567,9.333993805649143e-08
91,57,0.40293844136517415,0.40293844137430346,9.129308420341431e-12
91,70,0.4117374208214627,0.41173742082426257,2.7998714458021823e-12
91,78,0.40706418592244403,0.4070641859567844,3.434036388583195e-11
91,83,0.42616954601925033,0.4261695460206098,1.3594680936535042e-12
91,99,0.42728590071657435,0.4272859008108289,9.425454861045068e-11
91,104,0.4354320962963871,0.4354320962985178,2.1307400288606004e-12
91,112,0.4310629609976355,0.43106296102333264,2.569711110567141e-11
91,125,0.4143119815486799,0.4143119815524048,3.724909269919863e-12
92,58,0.4188458651553466,0.4188458652321573,7.681066893638899e-11
92,71,0.42269633516150307,0.4226963358428774,6.813743458344845e-10
92,79,0.42918564544302806,0.42918564550570437,6.267630858758366e-11
92,84,0.42912936347919345,0.42912936640116367,2.921970221336778e-09
92,100,0.42066202304127037,0.42066202308556366,4.429329125699155e-11
92,105,0.430310738821946,0.4303107413153591,2.493413142623524e-09
92,113,0.4354366094609739,0.4354366098476603,3.866864051182972e-10
92,126,0.4090656965875084,0.40906569825742367,1.669915261626187e-09
93,59,0.4208934107834317,0.4209365660026392,4.3155219207502427e-05
93,72,0.4273873746083527,0.4276548540693801,0.00026747946102739784
93,80,0.43074237860548,0.43082509283598813,8.271423050815185e-05
93,85,0.4084343365073812,0.4087362342150742,0.0003018977076930107
93,101,0.4399167306214803,0.44001325460885005,9.652398736975654e-05
93,106,0.4199254217597585,0.42071403512523425,0.0007886133654757543
93,114,0.41680495963598313,0.417541540083053,0.0007365804470698678
93,127,0.4298738057615356,0.43085516412224795,0.0009813583607123366
94,60,0.4199759199973916,0.4199980764558992,2.215645850761616e-05
94,73,0.41460883270691057,0.4146241564239037,1.5323716993143055e-05
94,81,0.4454248548202231,0.44558447686707775,0.0001596220468546572
94,86,0.4149470628540647,0.4149545539717911,7.491117726410312e-06
94,102,0.42231920670028744,0.4227315252775644,0.0004123185772769711
94,107,0.4454223036943589,0.4454447237865824,2.2420092223474075e-05
94,115,0.4282730692396478,0.42854553745219104,0.00027246821254323095
94,128,0.4279988293428707,0.4280416120972927,4.278275442198831e-05
95,61,0.42444916252050957,0.4244491625222665,1.7569279364693102e-12
95,74,0.42011638861493333,0.4201163886154212,4.87887508171525e-13
95,82,0.4148339029228934,0.4148339029363106,1.341721178604871e-11
95,87,0.4283383542483547,0.42833835424847805,1.233457780358549e-13
95,103,0.4073455925387024,0.4073455925805085,4.1806114126075045e-11
95,108,0.43442968109717756,0.43442968109734376,1.6620038678638593e-13
95,116,0.4233363028858366,0.42333630289166885,5.832223592960872e-12
95,129,0.4011626382079648,0.40116263820826026,2.954858580039854e-13
96,62,0.40283652410801785,0.4028365241149079,6.8900440908237215e-12
96,75,0.41759868167704656,0.4175986818455511,1.6850454365169298e-10
96,83,0.43050196852743244,0.4305019685340537,6.621259096561971e-12
96,88,0.3980831609037239,0.398083162457836,1.5541120612638792e-09
96,104,0.4133515462510658,0.41335154625704723,5.981437567470493e-12
96,109,0.40351291578940773,0.40351291708974246,1.3003347287821043e-09
96,117,0.4046229534818678,0.40462295358433525,1.0246747894626651e-10
96,130,0.4320883686797665,0.4320883695268176,8.47051095931306e-10
97,63,0.4454033262489058,0.44540427820217615,9.519532703783362e-07
97,76,0.4282665763737546,0.4282742068083557,7.630434601113567e-06
97,84,0.4405063277792124,0.44050744201553016,1.1142363177674142e-06
97,89,0.42433353163496346,0.42435300156592176,1.9469930958304627e-05
97,105,0.4288970332481351,0.4288979538178235,9.205696883674008e-07
97,110,0.43835204915325066,0.4383760260626426,2.3976909391931756e-05
97,118,0.40434241832977297,0.4043499322252148,7.51389544184633e-06
97,131,0.4118232618526808,0.41184217165261144,1.890979993063313e-05
98,64,0.4276968615221041,0.42771914983898385,2.22883168797261e-05
98,77,0.42690207196950886,0.42691806010844763,1.5988138938771712e-05
98,85,0.400232664388176,0.4003921758179084,0.0001595114297324174
98,90,0.4117277948235489,0.41173590101889046,8.106195341583966e-06
98,106,0.42733229245414456,0.42774995014542794,0.0004176576912833796
98,111,0.40765290677275123,0.4076747961462432,2.1889373491956743e-05
98,119,0.42220726815922854,0.42248448780517867,0.00027721964595012194
98,132,0.38754364950099074,0.3875882826806341,4.463317964337188e-05
99,65,0.39333325251311174,0.39333325609844705,3.5853353064219107e-09
99,78,0.4146580192811751,0.4146580206497614,1.3685862998435994e-09
99,86,0.4315234425636112,0.43152345524173524,1.2678124050591322e-08
99,91,0.43469905861145336,0.4346990588629847,2.5153135130295823e-10
99,107,0.4041086868946432,0.40410871807271787,3.1178074677562506e-08
99,112,0.3936833267262632,0.3936833273951476,6.688843923186027e-10
99,120,0.4185554326991012,0.4185554425221214,9.823020175048214e-09
99,133,0.4239578184527908,0.42395781976200536,1.3092145700888125e-09
100,66,0.4118499192301272,0.4118499192304928,3.6559644200906405e-13
100,79,0.4176344271299523,0.41763442713329046,3.3381630792916894e-12
100,87,0.4153942357094341,0.41539423570970363,2.6950663922775675e-13
100,92,0.41832160578953753,0.4183216058071204,1.758287959674476e-11
100,108,0.40246185145176094,0.40246185145199903,2.380873276308648e-13
100,113,0.4290452220466222,0.4290452220587928,1.2170597862848354e-11
100,121,0.4217904551438589,0.42179045514522606,1.367184143674649e-12
100,134,0.4358869561890154,0.43588695619587825,6.862843626720405e-12
101,67,0.4180744274868073,0.41807528326726157,8.557804542785874e-07
101,80,0.4178149032588853,0.4178220567354654,7.15347658009069e-06
101,88,0.42124065274899875,0.42124169640879183,1.0436597930874036e-06
101,93,0.4097262155744554,0.4097441709670799,1.795539262450241e-05
101,109,0.4169341677047847,0.4169350287337863,8.610290015975686e-07
101,114,0.40336576815795966,0.40338859045072817,2.2822292768509556e-05
101,122,0.4409055325857064,0.4409127894953551,7.256909648700738e-06
101,135,0.4070943404143999,0.40711280193704236,1.8461522642454486e-05
102,68,0.44055218205983815,0.44768457596817685,0.007132393908338697
102,81,0.4233910518134312,0.4304705453636636,0.0070794935502324075
102,89,0.45138129616687467,0.46569270392285445,0.014311407755979777
102,94,0.40983505287078176,0.41661822777347934,0.006783174902697586
102,110,0.44577008897824555,0.46610228072931426,0.020332191751068707
102,115,0.4017491024977635,0.41528105971274604,0.013531957214982515
102,123,0.4337503437886828,0.5180215327775818,0.08427118898889896
102,136,0.4125946567127516,0.4329908214764161,0.020396164763664515
103,69,0.42785502175229906,0.4278550244822368,2.7299377203249264e-09
103,82,0.4215327637286768,0.4215327647844058,1.055729004217909e-09
103,90,0.41174759068978656,0.41174760319002424,1.2500237678292336e-08
103,95,0.42307240014789654,0.42307240027518084,1.2728429421571263e-10
103,111,0.42363767592547474,0.42363770572566484,2.9800190093354217e-08
103,116,0.41204538414022507,0.41204538450681644,3.665913683725819e-10
103,124,0.41009945672022013,0.41009946491361143,8.193391298760844e-09
103,137,0.4183063330150356,0.41830633373047765,7.154420389454685e-10
104,70,0.41547822884374136,0.41547822884396823,2.2687407508215074e-13
104,83,0.4183105984136083,0.41831059841381224,2.0394796962364126e-13
104,91,0.41282366958547473,0.41282366958618594,7.112088695748753e-13
104,96,0.4174857916473535,0.4174857916528735,5.519973367285047e-12
104,112,0.40457891032093984,0.4045789103225867,1.646849323577726e-12
104,117,0.4154859217789007,0.4154859217826477,3.747002708109903e-12
104,125,0.42617208471815654,0.4261720847185623,4.057865155004947e-13
104,138,0.4233882816914518,0.4233882816933666,1.9148016505710075e-12
105,71,0.44866468135999726,0.44866468992722,8.567222709032762e-09
105,84,0.40780031129710065,0.4078003827555006,7.145839997502179e-08
105,92,0.4116196310500543,0.41161963822361824,7.173563965068297e-09
105,97,0.4109605640982172,0.4109608129311428,2.4883292559785275e-07
105,113,0.4142014235064071,0.41420142826922257,4.7628154753454055e-09
105,118,0.44654912770811617,0.44654934280697584,2.1509885966830566e-07
105,126,0.42485211498154213,0.4248521538914595,3.890991739918803e-08
105,139,0.4119574306524412,0.41195755417958546,1.235271442356911e-07
106,72,0.4228496653546794,0.42953693084120953,0.006687265486530147
106,85,0.4002015641108679,0.40694631270341475,0.0067447485925468675
106,93,0.40035532222556613,0.4134536479904972,0.013098325764931085
106,98,0.4333068949073084,0.44023152877668653,0.006924633869378138
106,114,0.4139122334963617,0.43360032172879304,0.019688088232431344
106,119,0.4325246456729855,0.44566163744892623,0.013136991775940743
106,127,0.41767852291504326,0.49951760953891633,0.08183908662387307
106,140,0.42669749339533336,0.44660051069144113,0.019903017296107772
107,73,0.427822717129047,0.42782401651358987,1.2993845428521666e-06
107,86,0.40958403155314094,0.4095846793732486,6.478201076687284e-07
107,94,0.44014260559170676,0.4401468707866248,4.265194918029458e-06
107,99,0.4053559636488368,0.40535607365050946,1.1000167265962091e-07
107,115,0.4313350405900726,0.43134322252799856,8.181937925955118e-06
107,120,0.41374349179086406,0.41374375491480736,2.63123943300414e-07
107,128,0.4296025755247962,0.4296058479256994,3.272400903198136e-06
107,141,0.4228899137968371,0.42289034326515224,4.294683151329082e-07
108,74,0.42160839017407625,0.42160839017410584,2.958744360626042e-14
108,87,0.4235371975613159,0.4235371975613264,1.049160758270773e-14
108,95,0.4325297050965399,0.4325297050966653,1.2539969063141143e-13
108,100,0.41389304096679097,0.41389304096685475,6.378231276471524e-14
108,116,0.4215639056195407,0.42156390561990176,3.610445276081009e-13
108,121,0.40781090217062305,0.4078109021706613,3.824718319833664e-14
108,129,0.433766277061001,0.4337662770610155,1.4488410471358293e-14
108,142,0.4224024359175065,0.42240243591752447,1.7985612998927536e-14
109,75,0.44098386962802166,0.440983874222104,4.594082336772942e-09
109,88,0.4145233293694749,0.41452338702029085,5.765081595443533e-08
109,96,0.4478204860392001,0.4478204901419823,4.102782169557173e-09
109,101,0.43254583971518035,0.43254607847510335,2.387599229991544e-07
109,117,0.4254419757835793,0.4254419785666803,2.7831010274148582e-09
109,122,0.42139949224439766,0.4213996990881708,2.068437731650441e-07
109,130,0.4341395917934852,0.43413962273380385,3.094031864048219e-08
109,143,0.4105188268439997,0.4105189494011647,1.2255716497211466e-07
110,76,0.4198435154448976,0.4199736803485872,0.0001301649036895558
110,89,0.4327419002765822,0.43359939291253313,0.0008574926359509183
110,97,0.38455071104312105,0.38469794059531687,0.00014722955219581557
110,102,0.43287648099769027,0.43412479431154843,0.0012483133138581626
110,118,0.4270209027716565,0.4271493439968748,0.00012844122521832313
110,123,0.41326353426459694,0.4148183318302745,0.001554797565677557
110,131,0.42461168981157976,0.42543752966743437,0.0008258398558546043
110,144,0.41910395472985995,0.4203668572906107,0.0012629025607507338
111,77,0.41280652405241725,0.41280775467534586,1.2306229286163095e-06
111,90,0.4186533587308815,0.41865399029329475,6.315624132557929e-07
111,98,0.39246417445038345,0.39246828264229505,4.1081919116003895e-06
111,103,0.42310520258917494,0.42310530208032754,9.949115259422214e-08
111,119,0.42038424085380954,0.42039183045132894,7.589597519397362e-06
111,124,0.43539449205460895,0.43539474119597493,2.4914136598219727e-07
111,132,0.40885852776117726,0.40886162726494013,3.0995037628711586e-06
111,145,0.41752383496950196,0.4175242204634497,3.8549394776321577e-07
112,78,0.4142886323493545,0.41428863244523373,9.587924898468714e-11
112,91,0.4215561815402977,0.4215561815682595,2.7961799542453036e-11
112,99,0.42332685320429264,0.4233268534696786,2.65385935449558e-10
112,104,0.4239981033829746,0.42399810338844496,5.4703463980843026e-12
112,120,0.39215169143300516,0.3921516919801868,5.471816333368906e-10
112,125,0.4334761622349731,0.4334761622446735,9.700407144208611e-12
112,133,0.42558662452852664,0.42558662466168534,1.3315870628360926e-10
112,146,0.42928691469141433,0.4292869147069224,1.5508039297174037e-11
113,79,0.4347091062744134,0.4347091063162445,4.183109414412911e-11
113,92,0.42452432894870396,0.4245243293263904,3.776864376803246e-10
113,100,0.42435392958282003,0.4243539296123896,2.956956901556396e-11
113,105,0.42535808285558985,0.42535808448597445,1.6303846051002324e-09
113,121,0.4156447031590601,0.4156447031756861,1.6625978371820338e-11
113,126,0.4354142296053784,0.43541423069777524,1.0923968396525652e-09
113,134,0.41796156832283565,0.41796156846143345,1.3859779990355037e-10
113,147,0.41610207498273794,0.41610207550791356,5.251756252100392e-10
114,80,0.40401833746566873,0.40413992367299034,0.00012158620732161118
114,93,0.4146668847024587,0.41544963751014213,0.0007827528076834178
114,101,0.41985096418713225,0.4199928347594658,0.00014187057233355782
114,106,0.4334408561899556,0.434640729746313,0.0011998735563574225
114,122,0.4331465869436024,0.4332698747711622,0.0001232878275597704
114,127,0.4310321086993543,0.43252525103302986,0.0014931423336755345
114,135,0.43534377170321187,0.43614622077825743,0.0008024490750455637
114,148,0.39539562313738086,0.39660769814516883,0.0012120750077879716
115,81,0.4083110613305739,0.4086296668145946,0.00031860548402073974
115,94,0.382934941015405,0.3832074958759313,0.0002725548605262973
115,102,0.418150591924436,0.41897174065025067,0.0008211487258146799
115,107,0.42048946974659934,0.42053419897748373,4.4729230884388294e-05
115,123,0.40385958597724475,0.4048823370561869,0.0010227510789421745
115,128,0.43315746411744593,0.43324284236999916,8.53782525532254e-05
115,136,0.4086397642657272,0.40941105326367855,0.0007712889979513693
115,149,0.4036845411778665,0.40378850120319226,0.00010396002532575555
116,82,0.41731870052672826,0.41731870056713416,4.04059008474178e-11
116,95,0.4241460335682055,0.4241460335744,6.194489365896061e-12
116,103,0.4320542716672038,0.43205427179309075,1.258869675169194e-10
116,108,0.412505618393269,0.41250561839377026,5.012656956182582e-13
116,124,0.4163036090097933,0.41630360930310734,2.933140397232137e-10
116,129,0.4183856746999003,0.4183856747007913,8.910094884129194e-13
116,137,0.40764636033158214,0.40764636036570545,3.412331528451773e-11
116,150,0.3918553892555917,0.39185538925708585,1.4941381465405357e-12
117,83,0.41328866560784405,0.41328866561229216,4.44810854816069e-12
117,96,0.405819904587505,0.405819904688708,1.0120299043236969e-10
117,104,0.4192358893126821,0.4192358893167049,4.0228376185780235e-12
117,109,0.4377836445011035,0.4377836453771734,8.760698833043534e-10
117,125,0.4308846981791231,0.43088469818326025,4.137135078963183e-12
117,130,0.42231232172263294,0.4223123222932772,5.706442540720502e-10
117,138,0.4185366223777619,0.41853662241294953,3.5187630587074636e-11
117,151,0.4247054187520211,0.42470541901145886,2.5943774906167505e-10
118,84,0.4172468986353975,0.4172478685206757,9.6988527820141e-07
118,97,0.3920724956806737,0.3920800531995107,7.557518837020272e-06
118,105,0.4369597455644755,0.43696054683471813,8.012702426563045e-07
118,110,0.40254045533589755,0.40256143657204035,2.0981236142803006e-05
118,126,0.4277834574380851,0.4277839693193217,5.118812366200487e-07
118,131,0.4276028818669287,0.4276194245014443,1.6542634515614996e-05
118,139,0.3937020600095397,0.39370552253967206,3.46253013233655e-06
118,152,0.44674823700277255,0.44675689121869805,8.654215925496533e-06
119,85,0.4020015480424475,0.40230439404539103,0.00030284600294355757
119,98,0.4199093338243917,0.42018558275026713,0.00027624892587541083
119,106,0.42496376621615706,0.42575425840264924,0.0007904921864921866
119,111,0.39889760703967686,0.39893920012732015,4.159308764328795e-05
119,127,0.39652310251131156,0.3975067986971586,0.0009836961858470383
119,132,0.41724864373565407,0.4173334687663334,8.482503067935854e-05
119,140,0.42338654193769554,0.4241336499347521,0.000747107997056573
119,153,0.41494871148950946,0.41504583366983017,9.712218032070785e-05
120,86,0.40988074038304007,0.4098807718493398,3.1466299732496594e-08
120,99,0.423738973592825,0.4237389841760732,1.0583248222229003e-08
120,107,0.4214850257364621,0.42148510351432883,7.77778667027107e-08
120,112,0.4251540335935368,0.42515403515498934,1.5614525228357934e-09
120,128,0.4302779946686119,0.43027812562915857,1.3096054668482182e-07
120,133,0.41535173499181405,0.41535173805580555,3.0639915049590627e-09
120,141,0.4258115675784204,0.42581160559115633,3.8012735903425465e-08
120,154,0.42135123458452894,0.42135123913566064,4.551131693730781e-09
121,87,0.4300765694789939,0.43007656947914674,1.528221993396528e-13
121,100,0.4254853915766571,0.4254853915779821,1.324995668738893e-12
121,108,0.432307623280095,0.43230762328023015,1.351696532481128e-13
121,113,0.4374767627703677,0.4374767627770609,6.693201548557681e-12
121,129,0.43395535213347397,0.433955352133642,1.6803225477701744e-13
121,134,0.4042458699301916,0.4042458699339695,3.777866908194483e-12
121,142,0.39573559110474577,0.3957355911050982,3.5244029916725594e-13
121,155,0.46045343086135054,0.4604534308629394,1.5888401705410615e-12
122,88,0.4300818058577398,0.43008271171031287,9.058525730631928e-07
122,101,0.44042963130548696,0.4404369105344769,7.279228989964803e-06
122,109,0.40074621524877135,0.40074696256943454,7.473206631858353e-07
122,114,0.4431217102389023,0.4431415823655661,1.987212666382243e-05
122,130,0.4276391379828908,0.42763961580483834,4.77821947508783e-07
122,135,0.39644962939582407,0.39646570106650175,1.6071670677686445e-05
122,143,0.4030593000868945,0.40306275654127416,3.456454379657803e-06
122,156,0.4168181093432786,0.4168266002305838,8.490887305201422e-06
123,89,0.4272333960705496,0.4418554292071426,0.014622033136592993
123,102,0.4124849545270426,0.48986742595850574,0.07738247143146315
123,110,0.4086469814942304,0.42940052750702223,0.020753546012791835
123,115,0.4226077289449578,0.43643499685629383,0.013827267911336039
123,131,0.4299739686163552,0.4439855012456477,0.0140115326292925
123,136,0.40027718623807845,0.4210956143023846,0.02081842806430617
123,144,0.4295635927000243,0.507320244176712,0.07775665147668764
123,157,0.4367527063991457,0.45139584905053026,0.014643142651384555
124,90,0.39841815704697653,0.3984181896239522,3.2576975672604647e-08
124,103,0.42752260909474243,0.4275226178676219,8.772879478424755e-09
124,111,0.40916923165721636,0.40916930949816993,7.784095357177279e-08
124,116,0.40124215237806576,0.4012421533132469,9.351811547375632e-10
124,132,0.4071560807157801,0.4071562166600806,1.3594430053887052e-07
124,137,0.42597367506262107,0.4259736768881601,1.8255390532573301e-09
124,145,0.4279774164038577,0.42797744887382616,3.2469968436199537e-08
124,158,0.4055129330604706,0.4055129358093996,2.7489290288507107e-09
125,91,0.42477339490545685,0.42477339490709565,1.6388002066491936e-12
125,104,0.4285655803088278,0.4285655803094176,5.898059818321144e-13
125,112,0.41158913837356087,0.41158913837736605,3.8051783946002615e-12
125,117,0.39212821737240094,0.3921282173805839,8.182954314150948e-12
125,133,0.43425054257322876,0.4342505425801354,6.9066419250418676e-12
125,138,0.41200516867943193,0.4120051686836155,4.183542401392515e-12
125,146,0.4245482638352828,0.42454826383665567,1.3728462811002373e-12
125,159,0.42634729024771434,0.4263472902492968,1.5824563881494669e-12
126,92,0.4372656535007403,0.43726565811500545,4.614265136648754e-09
126,105,0.4339680145532161,0.4339680526177914,3.806457532506968e-08
126,113,0.4314639101976009,0.43146391326239764,3.0647967497188233e-09
126,118,0.4427069623249407,0.44270709824914717,1.3592420644581438e-07
126,134,0.4241550227119178,0.4241550243328083,1.6208904773939992e-09
126,139,0.4209301822039288,0.42093026030024344,7.809631463739919e-08
126,147,0.41980067563185985,0.4198006864312938,1.0799433958208482e-08
126,160,0.41770234446626037,0.41770237711041003,3.264414966119844e-08
127,93,0.4195974418028306,0.4329775670537722,0.013380125250941621
127,106,0.385288387937296,0.4604905154156649,0.07520212747836891
127,114,0.41114520254222797,0.43123453411263873,0.020089331570410762
127,119,0.39667129747022417,0.41009160518939497,0.013420307719170799
127,135,0.41646707185245657,0.43014917418620147,0.013682102333744894
127,140,0.41787169423514176,0.4381804773039736,0.020308783068831826
127,148,0.4122401919239177,0.4877655458179301,0.07552535389401238
127,161,0.4365698265643796,0.4503821508146482,0.013812324250268626
128,94,0.43394755678915364,0.4339558823205079,8.32553135426961e-06
128,107,0.4153286822123195,0.4153321502446033,3.468032283793221e-06
128,115,0.4219389606154711,0.42195494997816296,1.5989362691870568e-05
128,120,0.40704899128761096,0.40704948232520377,4.910375928091071e-07
128,136,0.4155607978573208,0.41558127154373997,2.0473686419164583e-05
128,141,0.42231214278398665,0.42231294517084705,8.023868603990181e-07
128,149,0.4119537181990573,0.4119613614958374,7.643296780102116e-06
128,162,0.40002070270246926,0.40002163769651783,9.349940485736674e-07
129,95,0.41863566006686204,0.4186356600669264,6.433742427702782e-14
129,108,0.42639892091637915,0.42639892091638326,4.107825191113079e-15
129,116,0.4101819447394195,0.41018194473960373,1.8424151093654473e-13
129,121,0.4157664396615203,0.4157664396615389,1.8596235662471372e-14
129,137,0.4324258189106458,0.43242581891100595,3.601563491884008e-13
129,142,0.4297282976125563,0.42972829761256637,1.0047518372857667e-14
129,150,0.4351264597264352,0.4351264597264468,1.1601830607332886e-14
129,163,0.42980581874983814,0.4298058187498405,2.3314683517128287e-15
130,96,0.4018679143972108,0.4018679170094499,2.6122390917038274e-09
130,109,0.4102198607592321,0.410219891201682,3.044244989425238e-08
130,117,0.4153385827255253,0.4153385844975819,1.7720565570478186e-09
130,122,0.42757395511325186,0.427574086109889,1.3099663714877252e-07
130,138,0.4310891264590432,0.43108912735974314,9.006999590610576e-10
130,143,0.42070840948971006,0.42070848714303644,7.76533263802115e-08
130,151,0.4219843639614574,0.42198437264745725,8.685999863811134e-09
130,164,0.43413036477489214,0.4341303957466622,3.097177003752449e-08
131,97,0.40144424555464014,0.40154565664909414,0.00010141109445399588
131,110,0.4398366817443989,0.4406167146034603,0.0007800328590614192
131,118,0.4336798501264589,0.43376830532622584,8.845519976696803e-05
131,123,0.4156414009712572,0.4166780010483128,0.0010366000770556383
131,139,0.40382060365549444,0.4038646362796647,4.4032624170242674e-05
131,144,0.4188476152332034,0.41968961004271377,0.0008419948095103602
131,152,0.40917730981294304,0.4094528472263892,0.00027553741344615856
131,165,0.4113749687971552,0.4117004389907771,0.00032547019362189067
132,98,0.4343501167203658,0.4343587363780287,8.619657662911617e-06
132,111,0.41496533370656785,0.41496866649746283,3.332790894983173e-06
132,119,0.41991488133023624,0.41993082511430296,1.5943784066718703e-05
132,124,0.43330886237891114,0.4333093611471759,4.98768264745042e-07
132,140,0.4258102957991351,0.4258305927942223,2.0296995087210057e-05
132,145,0.43851496757466324,0.43851573964063817,7.720659749299585e-07
132,153,0.432676308511965,0.4326836692245563,7.360712591331087e-06
132,166,0.4255405624080969,0.42554146008453236,8.976764354629019e-07
133,99,0.4203011939873405,0.42030119452176024,5.344197306911269e-10
133,112,0.42836671456083075,0.4283667146999952,1.3916445773531905e-10
133,120,0.4130873275526178,0.4130873286571086,1.1044908321267144e-09
133,125,0.42710273152609374,0.427102731544877,1.878325273096948e-11
133,141,0.40658551226690676,0.40658551395872894,1.6918221823480906e-09
133,146,0.41345903123279276,0.4134590312629138,3.012101679189527e-11
133,154,0.41856618883774477,0.418566189224645,3.8690023407284e-10
133,167,0.42692124861572656,0.42692124865838915,4.266259567842212e-11
134,100,0.4354565537427961,0.4354565537585594,1.576327957053536e-11
134,113,0.4265593204463674,0.4265593205800119,1.33644484368034e-10
134,121,0.4114192500010546,0.4114192500099266,8.87195872323332e-12
134,126,0.41281859831381945,0.41281859887839034,5.645708900381408e-10
134,142,0.4130043091259211,0.4130043091299008,3.979705454071336e-12
134,147,0.4273185187885899,0.42731851906058477,2.7199487107054665e-10
134,155,0.42134310744755865,0.421343107475619,2.806033183588852e-11
134,168,0.4062425356949496,0.40624253579329633,9.834671965691655e-11
135,101,0.4036831628286143,0.4037819560989789,9.87932703646055e-05
135,114,0.4082697023140019,0.40902288373079543,0.0007531814167935358
135,122,0.4267425871042401,0.42682843171766327,8.58446134231472e-05
135,127,0.4201377170714005,0.4211405872006674,0.001002870129266864
135,143,0.41862686571523805,0.41867139515210255,4.452943686450439e-05
135,148,0.4264614364346726,0.42727553192124734,0.0008140954865747396
135,156,0.41332250685327837,0.41359871076438326,0.0002762039111048886
135,169,0.44364914101056985,0.443968938794326,0.0003197977837561261
136,102,0.43219613085558706,0.4334486489587654,0.001252518103178335
136,115,0.4188632128567628,0.4196815796319125,0.0008183667751496815
136,123,0.4308356520605842,0.4323956882436703,0.0015600361830860887
136,128,0.41360455288761383,0.41373046099254546,0.00012590810493162685
136,144,0.4147429223799952,0.416010078878852,0.0012671564988567807
136,149,0.42524380237523574,0.42539712292185655,0.0001533205466208165
136,157,0.4274177710324028,0.42827892683087954,0.0008611557984767315
136,170,0.4117657347071747,0.41189531317301986,0.0001295784658451593
137,103,0.41938343890581775,0.41938343915529436,2.494766060401332e-10
137,116,0.41157764810768493,0.4115776481425225,3.4837577267410325e-11
137,124,0.3896495162977302,0.38964951687899285,5.812626491241701e-10
137,129,0.4395991072514028,0.4395991072531683,1.7655321649101552e-12
137,145,0.406045259039886,0.4060452599262107,8.863247358270598e-10
137,150,0.4282224090361231,0.4282224090390853,2.9622415631536114e-12
137,158,0.40384787987378173,0.40384787997529153,1.0150980056522485e-10
137,171,0.4346563236882715,0.4346563236925394,4.267919351264027e-12
138,104,0.39939465875827956,0.399394658760304,2.0244361742527417e-12
138,117,0.4240955599273461,0.4240955599620477,3.470157494689374e-11
138,125,0.42377197287788515,0.4237719728799755,2.0903279107642447e-12
138,130,0.4129547935202738,0.41295479381007766,2.898038475862563e-10
138,146,0.41234958631839486,0.41234958632087354,2.4786839247781245e-12
138,151,0.4116836456275516,0.4116836457591896,1.3163797829562895e-10
138,159,0.4223150106581042,0.42231501066467825,6.574074618015402e-12
138,172,0.444873091539085,0.4448730915757802,3.6695202432213136e-11
139,105,0.42096388779565846,0.4209642966757713,4.088801128232511e-07
139,118,0.40379097013755766,0.4037942089688662,3.2388313085385256e-06
139,126,0.43747794280033425,0.4374782042578144,2.614574801662606e-07
139,131,0.43148241053937647,0.43149042420506906,8.013665692585548e-06
139,147,0.41161415104777466,0.41161425772585025,1.0667807559539e-07
139,152,0.39660208389139673,0.39660628343727045,4.199545873717625e-06
139,160,0.4133519838965184,0.41335261775725823,6.338607398403973e-07
139,173,0.4253814334436821,0.4253826852254189,1.251781736766322e-06
140,106,0.42609942305653664,0.4273122930523804,0.001212869995843746
140,119,0.44233677701706503,0.443132619361519,0.0007958423444539564
140,127,0.42783773135399655,0.4293470461654236,0.0015093148114270205
140,132,0.4318111550529784,0.4319367390152893,0.0001255839623108823
140,148,0.425604141638683,0.4268293452771122,0.0012252036384292064
140,153,0.4160991247096841,0.4162428733154744,0.0001437486057903059
140,161,0.4263600134929643,0.4271762879567097,0.0008162744637453812
140,174,0.414949356479227,0.41507528154380186,0.00012592506457487218
141,107,0.422066785464754,0.4220669144539355,1.2898918150261451e-07
141,120,0.43824645272968377,0.43824649191012216,3.918043839368224e-08
141,128,0.43010154620775476,0.430101763532321,2.173245662318024e-07
141,133,0.41609110638882546,0.41609111134639454,4.957569077479462e-09
141,149,0.4099100129298553,0.4099102752838433,2.623539879786918e-07
141,154,0.40837875134887647,0.40837875871622414,7.367347676368041e-09
141,162,0.4248737462248097,0.424873818388607,7.216379727115196e-08
141,175,0.4196043060602302,0.4196043143637803,8.303550125265957e-09
142,108,0.40010490109907887,0.40010490109913854,5.967448757360216e-14
142,121,0.42668275928891664,0.42668275928925314,3.3650859876388495e-13
142,129,0.42681157398208286,0.4268115739821587,7.582823258189819e-14
142,134,0.41800125754893913,0.41800125755057743,1.6383006062881122e-12
142,150,0.41040298290257615,0.4104029829026885,1.1235457009206584e-13
142,155,0.41278914492913094,0.41278914492982227,6.91335877434085e-13
142,163,0.39692651894321973,0.3969265189432787,5.895284260759581e-14
142,176,0.4326735564544874,0.43267355645471295,2.2554180745260055e-13
143,109,0.41533338706052625,0.4153337807876079,3.9372708166007797e-07
143,122,0.4198570216287641,0.41986026961159656,3.2479828324660787e-06
143,130,0.390792968336727,0.39079322019277424,2.518560472397624e-07
143,135,0.417649430421215,0.4176575582547201,8.127833505122695e-06
143,151,0.4237556936371906,0.42375580135701135,1.0771982072999009e-07
143,156,0.387552162854526,0.38755646275405675,4.299899530768592e-06
143,164,0.4142451382848905,0.41424578275141133,6.444665208160671e-07
143,177,0.4155995139521846,0.41560079378937254,1.279837187950772e-06
144,110,0.39870050005268876,0.41905377395423055,0.02035327390154179
144,123,0.42895587198928214,0.5132565480797769,0.0843006760904948
144,131,0.40805578793576897,0.4217832768531158,0.01372748891734682
144,136,0.398966133057916,0.419383425646201,0.020417292588285008
144,152,0.4058688185420875,0.41256175241002235,0.006692933867934847
144,157,0.4294240219934454,0.4437717079119574,0.014347685918511988
144,165,0.42361967818113416,0.43074814852799675,0.007128470346862592
144,178,0.4004721180217462,0.4072218266482264,0.006749708626480222
145,111,0.44491698709930516,0.4449171084504193,1.21351114157342e-07
145,124,0.4048617459186282,0.40486177881088115,3.289225292135711e-08
145,132,0.42507427730069997,0.42507448932128655,2.1202058658742473e-07
145,137,0.4037100630463785,0.4037100658817024,2.83532386458063e-09
145,153,0.42553776546487293,0.4255380120323473,2.4656747438234206e-07
145,158,0.41708177925954837,0.4170817835291275,4.269579134685841e-09
145,166,0.39828427276317674,0.39828433122728035,5.846410361387555e-08
145,179,0.41535222176906517,0.41535222687124257,5.102177402793728e-09
146,112,0.42100156182177534,0.42100156182841647,6.641132088702761e-12
146,125,0.43788254743549104,0.43788254743706234,1.571298646751984e-12
146,133,0.4066881381578829,0.40668813816994825,1.2065348720113889e-11
146,138,0.4369280381270167,0.43692803813411185,7.095157794623219e-12
146,154,0.41468186007281443,0.4146818600900798,1.7265355811701966e-11
146,159,0.41521078407700496,0.4152107840796889,2.683964162031316e-12
146,167,0.4308859009787621,0.43088590098206486,3.302746964806147e-12
146,180,0.43154620843386715,0.43154620843475616,8.890110869685941e-13
147,113,0.4229315872327414,0.4229315885144478,1.2817064076742213e-09
147,126,0.43943843669079685,0.43943844661577325,9.92497639629164e-09
147,134,0.42020359247955025,0.42020359315900535,6.79455103291815e-10
147,139,0.4465752909252643,0.44657532128989397,3.0364629644008545e-08
147,155,0.43966971229889634,0.4396697125451672,2.462708370565281e-10
147,160,0.4100117265184097,0.41001173928733353,1.2768923807193744e-08
147,168,0.42327501510682575,0.42327501647437116,1.367545410246862e-09
147,181,0.42465572144618563,0.42465572500615373,3.5599680980880066e-09
148,114,0.4061517327578817,0.42585782387384236,0.019706091115960667
148,127,0.4083812988693333,0.4902457678600252,0.08186446899069194
148,135,0.41252865032961245,0.4259348581305557,0.01340620780094326
148,140,0.40713278192193614,0.4270540050079819,0.01992122308604577
148,156,0.41474998927071455,0.4214864215093299,0.006736432238615364
148,161,0.41009106450689203,0.423625683909544,0.013534619402651993
148,169,0.42132415535846596,0.4282986157886369,0.00697446043017097
148,182,0.41792433797241796,0.4246137220628266,0.0066893840904086455
149,115,0.41153934581721846,0.41155881893031415,1.9473113095691552e-05
149,128,0.4254567645783689,0.4254644242885776,7.659710208718362e-06
149,136,0.39359693796334366,0.3936218717053858,2.4933742042154705e-05
149,141,0.43271534041771054,0.4327163166643769,9.76246666339886e-07
149,157,0.411066698803478,0.4110869546535027,2.0255850024686328e-05
149,162,0.4359306564857401,0.4359317940992777,1.1376135375940066e-06
149,170,0.4171924707433018,0.41720034848033694,7.877737035144605e-06
149,183,0.41373739489755224,0.4137383668260205,9.719284682629947e-07
150,116,0.39107148848751316,0.39107148848758483,7.166489623955385e-14
150,129,0.41679347270440886,0.41679347270441214,3.2751579226442118e-15
150,137,0.4179134790041832,0.4179134790043228,1.3961054534661343e-13
150,142,0.43187660102763886,0.4318766010276399,1.0547118733938987e-15
150,158,0.4084798716603496,0.40847987166056016,2.1055379662016094e-13
150,163,0.4355438183908115,0.4355438183908115,0.0
150,171,0.41774590566732056,0.41774590566732667,6.106226635438361e-15
150,184,0.4099296033918731,0.4099296033918731,0.0
151,117,0.4129737343436983,0.4129737350896665,7.459682316302008e-10
151,130,0.40529769318552816,0.40529770138388355,8.198355383459699e-09
151,138,0.40384310664849854,0.4038431070277243,3.792257619039674e-10
151,143,0.411227503836313,0.411227535888406,3.2052092979739655e-08
151,159,0.43368016069544246,0.43368016083493927,1.394968029977406e-10
151,164,0.42271261404705057,0.42271262686263206,1.2815581484915128e-08
151,172,0.4332155459124197,0.4332155468741311,9.617114327120646e-10
151,185,0.4249974216770775,0.4249974245326827,2.8556051967498775e-09
152,118,0.4111045562378308,0.4111478761818979,4.331994406708839e-05
152,131,0.416966475978404,0.4172384010967525,0.00027192511834844835
152,139,0.4082483774521207,0.4082699585319272,2.158107980648749e-05
152,144,0.4170500316707515,0.41746014216063926,0.00041011048988776055
152,160,0.4153691745315409,0.41537660642086044,7.431889319564622e-06
152,165,0.43022385042862804,0.4303825900897821,0.00015873966115403926
152,173,0.4176961447923497,0.4177111615280672,1.5016735717521268e-05
152,186,0.4187936201907623,0.41881517220048775,2.1552009725478438e-05
153,119,0.4334422798109776,0.4334604547550898,1.8174944112214764e-05
153,132,0.3998954751601339,0.3999027688298306,7.293669696706306e-06
153,140,0.41366274380299334,0.41368587056508876,2.3126762095426745e-05
153,145,0.4241281956194006,0.4241290820269122,8.864075115577741e-07
153,161,0.4291259060594068,0.4291444244186411,1.851835923427636e-05
153,166,0.4017585679624537,0.4017595985465937,1.030584140027102e-06
153,174,0.42011929312948487,0.4201266327075786,7.3395780937346444e-06
153,187,0.4274517849944513,0.42745266866876225,8.836743109474909e-07
154,120,0.4124904042258576,0.4124904058891706,1.663312987343346e-09
154,133,0.40939100304894954,0.40939100344418683,3.9523728734280894e-10
154,141,0.4133778446609873,0.4133778472101591,2.5491717625669708e-09
154,146,0.3986159585447697,0.39861595858929216,4.4522441289274184e-11
154,162,0.40726643334256835,0.4072664362526355,2.9100671317117133e-09
154,167,0.42133430375068076,0.4213343038137642,6.308342737071371e-11
154,175,0.4357309050552585,0.4357309057083381,6.530795904069464e-10
154,188,0.42256083435550656,0.42256083443501036,7.950379243837347e-11
155,121,0.41288847477748747,0.41288847478075774,3.270272941335861e-12
155,134,0.42922154513811667,0.4292215451636747,2.555805567183711e-11
155,142,0.4232608894470582,0.4232608894485314,1.4732104425263515e-12
155,147,0.42710731229927673,0.4271073123917623,9.248557475416419e-11
155,163,0.4409406696612621,0.44094066966177436,5.122569035620472e-13
155,168,0.4147849460619902,0.41478494609574146,3.375127954896584e-11
155,176,0.43822254398649546,0.43822254398923466,2.7391977575064175e-12
155,189,0.44245666156945856,0.4424566615783101,8.851530619580217e-12
156,122,0.4175029115704428,0.41754611645609174,4.3204885648961966e-05
156,135,0.4221075956554462,0.42238228368429265,0.00027468802884644816
156,143,0.4208146121527645,0.4208370337451535,2.2421592389021416e-05
156,148,0.44022077662879894,0.4406300834996733,0.0004093068708743708
156,164,0.41264431713244937,0.4126518795415337,7.562409084338473e-06
156,169,0.42441356351229814,0.4245742308464094,0.0001606673341112419
156,177,0.42011261568126507,0.4201279275935411,1.5311912276050332e-05
156,190,0.4133730945497176,0.4133951430254983,2.204847578068936e-05
157,123,0.4430528803103022,0.4441375181485211,0.0010846378382188826
157,136,0.4220228488267993,0.42283972774424317,0.000816878917443864
157,144,0.4205489997176936,0.42143001407204794,0.000881014354354337
157,149,0.42827838189091255,0.42838822430643514,0.00010984241552258744
157,165,0.42362217589479456,0.42396222774091724,0.0003400518461226798
157,170,0.4125806998099199,0.4126735362715982,9.283646167829174e-05
157,178,0.414073444444145,0.4143648066951188,0.0002913622509738145
157,191,0.4322436752379185,0.43229337345177415,4.9698213855642326e-05
158,124,0.4168413474112211,0.4168413482943184,8.830973174944745e-10
158,137,0.4318537894466018,0.43185378954935694,1.0275513773194689e-10
158,145,0.39420764002146885,0.3942076413680378,1.3465689674418968e-09
158,150,0.43447966232720026,0.43447966233170116,4.500899652981616e-12
158,166,0.4105387570624903,0.41053875861445166,1.5519613372205754e-09
158,171,0.40349990350133874,0.4034999035078228,6.484035530718302e-12
158,179,0.40186033820687744,0.40186033839109636,1.842189178979936e-10
158,192,0.4178564743754403,0.41785647439214546,1.6705137273476112e-11
159,125,0.42303367873133635,0.4230336787321109,7.745470931297405e-13
159,138,0.4340280529760321,0.43402805298251473,6.48264775193752e-12
159,146,0.4093944514214447,0.40939445142237385,9.291456493087935e-13
159,151,0.42159854935436114,0.42159854940410424,4.974309852912029e-11
159,167,0.4223074674543955,0.42230746745559133,1.1958212198237561e-12
159,172,0.42385692294699107,0.423856922960764,1.377292724313861e-11
159,180,0.42562825581738317,0.4256282558180405,6.573075417293239e-13
159,193,0.43312172944968447,0.4331217294517055,2.021049994027635e-12
160,126,0.4240779975034444,0.4240780902181969,9.271475254202244e-08
160,139,0.3881509157099151,0.38815150131224085,5.856023257422294e-07
160,147,0.4319438702131501,0.4319439082374978,3.802434767052887e-08
160,152,0.41459419640288037,0.4145956017762506,1.405373370233498e-06
160,168,0.41557732148315424,0.41557733227407156,1.079091732636428e-08
160,173,0.4376721008920209,0.4376725294283463,4.2853632536976605e-07
160,181,0.42668682464629976,0.4266868549848056,3.033850581868336e-08
160,194,0.4234549527164281,0.42345500923920737,5.652277929035776e-08
161,127,0.4100321205461132,0.41104531915418635,0.0010131986080731403
161,140,0.4166768353602691,0.4174458069430087,0.000768971582739586
161,148,0.4260973078121421,0.4269197878961864,0.0008224800840442859
161,153,0.4234061152421173,0.4235059500176032,9.983477548591857e-05
161,169,0.4235135943659291,0.42383637929436135,0.0003227849284322404
161,174,0.4387178124307163,0.4388052549561142,8.744252539794051e-05
161,182,0.42801633281571577,0.4282938661061505,0.0002775332904347283
161,195,0.43910316583925785,0.4391488856604037,4.571982114587314e-05
162,128,0.4221574008837179,0.42215765560146584,2.5471774794949553e-07
162,141,0.41824255680235467,0.41824262972964604,7.29272913724266e-08
162,149,0.40853907454621385,0.40853938205099954,3.075047856904156e-07
162,154,0.40976260734951414,0.4097626159060717,8.556557573591306e-09
162,170,0.40308954156486515,0.40308980316009263,2.615952274798161e-07
162,175,0.4171259988718869,0.41712600851557136,9.643684462101731e-09
162,183,0.4225774141675609,0.42257748721050387,7.304294297183489e-08
162,196,0.406730157430772,0.40673016681467,9.383897991988022e-09
163,129,0.41672071088870705,0.4167207108887343,2.7255975254547593e-14
163,142,0.4093754750970473,0.40937547509709865,5.134781488891349e-14
163,150,0.41899320656478645,0.41899320656482586,3.941291737419306e-14
163,155,0.41279325885258433,0.41279325885280294,2.1860291354869332e-13
163,171,0.4255094790370837,0.4255094790371407,5.700995231450179e-14
163,176,0.4133905629520462,0.41339056295211873,7.255307465925398e-14
163,184,0.4108488385277592,0.41084883852776605,6.827871601444713e-15
163,197,0.42832185785777,0.4283218578578197,4.9682480351975755e-14
164,130,0.4154157480729037,0.41541583450031033,8.642740662034853e-08
164,143,0.4296370389639095,0.42963763576265035,5.967987408705966e-07
164,151,0.42165001493945214,0.4216500519766541,3.703720197201221e-08
164,156,0.4288548137827856,0.4288562229428007,1.4091600150645256e-06
164,172,0.3922927646655578,0.39229277392408646,9.258528665956334e-09
164,177,0.4134636642114782,0.413464093403166,4.2919168780075623e-07
164,185,0.42503959965239513,0.4250396281940647,2.8541669583326268e-08
164,198,0.41695548146284717,0.41695554959290365,6.8130056485316e-08
165,131,0.4313862454159608,0.43167676170395897,0.0002905162879981438
165,144,0.4168340724876329,0.4172604223020905,0.000426349814457605
165,152,0.43791412934528395,0.4380578767005789,0.000143747355294932
165,157,0.4095305891468494,0.4098324751838277,0.00030188603697828276
165,173,0.4231357728224312,0.42315251065569504,1.673783326383571e-05
165,178,0.4106719790395725,0.41081745747373943,0.00014547843416695683
165,186,0.3928789337248785,0.39290286628442184,2.3932559543360377e-05
165,199,0.39651820498122387,0.39653489588636026,1.669090513639615e-05
166,132,0.447097307707004,0.44709755539886203,2.4769185802409055e-07
166,145,0.41356305932509885,0.41356311824867265,5.892357379799762e-08
166,153,0.4244898578947763,0.42449014594093987,2.8804616358790724e-07
166,158,0.4001589258574687,0.40015893083051535,4.97304664115461e-09
166,174,0.41248230065270935,0.41248255101419024,2.5036148088020127e-07
166,179,0.4057333193501774,0.4057333252930165,5.942839054196014e-09
166,187,0.4329629712025528,0.4329630301611302,5.895857740911836e-08
166,200,0.42369692135695874,0.42369693590845936,1.4551500615578306e-08
167,133,0.4148151673000415,0.4148151673174849,1.744343558485184e-11
167,146,0.4286493085068534,0.4286493085102746,3.421207761533651e-12
167,154,0.3903288761197154,0.39032887614467654,2.4961144262647394e-11
167,159,0.4110593789597772,0.41105937896363626,3.859079722445813e-12
167,175,0.4431490348445228,0.44314903487278084,2.825806255657426e-11
167,180,0.4247005028887327,0.4247005028900109,1.2781997682509427e-12
167,188,0.4176943418621887,0.4176943418681298,5.9411364716766e-12
167,201,0.42106634353226663,0.42106634353485606,2.589428671484484e-12
168,134,0.3891556567034605,0.3891556569029804,1.9951990060107505e-10
168,147,0.4295849236368575,0.42958492483564237,1.1987848491656905e-09
168,155,0.4136058736826636,0.41360587375573366,7.307005001067068e-11
168,160,0.4237490137884386,0.42374901715143226,3.362993661326641e-09
168,176,0.41287315263325,0.4128731526511398,1.7889800751902385e-11
168,181,0.43577833182745707,0.43577833281142186,9.839647985288025e-10
168,189,0.44424820513589336,0.4442482051992621,6.336875468804237e-11
168,202,0.41621243688212356,0.4162124370804787,1.983551656259408e-10
169,135,0.430659171888569,0.4309445366817339,0.0002853647931648773
169,148,0.4312689057502396,0.43168188843590766,0.00041298268566808405
169,156,0.4072985139941601,0.40744284260698244,0.0001443286128223198
169,161,0.4294827064480187,0.4297697923419501,0.0002870858939313936
169,177,0.40518778411994766,0.40520443276536017,1.664864541250921e-05
169,182,0.4043571995351097,0.40450087802020035,0.00014367848509067027
169,190,0.4526589574130306,0.4526828459616956,2.3888548665029763e-05
169,203,0.3972886216659697,0.3973030950108992,1.4473344929544218e-05
170,136,0.4085418837460511,0.40856295839730244,2.1074651251340448e-05
170,149,0.41499630822955125,0.4150041747849067,7.866555355451332e-06
170,157,0.4166317416246239,0.41664886177851906,1.7120153895155976e-05
170,162,0.41766099559960557,0.4176619575801359,9.6198053034513e-07
170,178,0.4079768138624166,0.40798564476698884,8.830904572265652e-06
170,183,0.41585621959068714,0.4158570414893691,8.218986819463758e-07
170,191,0.3883953929879125,0.388399123571063,3.7305831505074494e-06
170,204,0.4274049813639477,0.4274055359628303,5.545988825961246e-07
171,137,0.4191773311119762,0.419177331112023,4.679590048795035e-14
171,150,0.4111706433555449,0.411170643355546,1.1102230246251565e-15
171,158,0.40326232897914116,0.4032623289792118,7.066569551739121e-14
171,163,0.4169772496093729,0.4169772496093729,0.0
171,179,0.43590580162412046,0.43590580162420506,8.459899447643693e-14
171,184,0.41952592735259703,0.41952592735259703,0.0
171,192,0.4130610521209247,0.41306105212093114,6.439293542825908e-15
171,205,0.42580472772476946,0.4258047277247737,4.218847493575595e-15
172,138,0.40211982896939674,0.4021198290606251,9.122835820107866e-11
172,151,0.4133323991103438,0.4133323999687284,8.58384585633587e-10
172,159,0.4264500139870417,0.4264500140206184,3.3576696978343534e-11
172,164,0.42727239846730547,0.4272724014505652,2.9832597503443026e-09
172,180,0.42888224130030433,0.4288822413094839,9.17954601220572e-12
172,185,0.42439434255697334,0.4243943432336631,6.766897597820787e-10
172,193,0.4271193062720771,0.42711930629965955,2.758243633493862e-11
172,206,0.43619448546135137,0.4361944855597456,9.83942372023705e-11
173,139,0.43188480039421917,0.4318859862623084,1.1858680892262718e-06
173,152,0.4160787320988726,0.4160815868649437,2.8547660710920297e-06
173,160,0.42703408085959105,0.427034520897517,4.400379259306142e-07
173,165,0.41955760516602914,0.41956137970674223,3.774540713097352e-06
173,181,0.42656472390073175,0.42656478449921914,6.059848739470297e-08
173,186,0.4200812200498219,0.4200823846658006,1.164615978710426e-06
173,194,0.4190855064423349,0.4190856195205674,1.1307823249984139e-07
173,207,0.42330404886435885,0.4233041803439434,1.3147958455306252e-07
174,140,0.42662221231954944,0.42664252990203777,2.0317582488327268e-05
174,153,0.4318834563229147,0.4318908345106969,7.378187782181023e-06
174,161,0.4214112316929387,0.4214274961274163,1.6264434477608614e-05
174,166,0.4123543714765318,0.41235527262347954,9.011469477293588e-07
174,182,0.41804718848469463,0.4180557544383115,8.565953616868072e-06
174,187,0.4295780245130895,0.42957879717226577,7.726591762513557e-07
174,195,0.43864849852001236,0.4386520419213401,3.543401327743556e-06
174,208,0.40703709476339783,0.40703759924973815,5.044863403136368e-07
175,141,0.43198439529928895,0.4319843981661335,2.8668445395396702e-09
175,154,0.4224081335508012,0.4224081342020515,6.512502759292715e-10
175,162,0.41787481117968867,0.41787481445231756,3.272628890105267e-09
175,167,0.4206172346459211,0.4206172347170663,7.114520084172682e-11
175,183,0.43639173397343345,0.43639173687352734,2.900093887259203e-09
175,188,0.42043490175683984,0.4204349018465018,8.966194453563503e-11
175,196,0.41810452061349096,0.4181045213280299,7.145389280260872e-10
175,209,0.41668294926789834,0.41668294951184215,2.4394380959691375e-10
176,142,0.4190379320262544,0.41903793202662226,3.678723992095456e-13
176,155,0.42481855545170066,0.4248185554539729,2.2722379533490766e-12
176,163,0.43645688987515263,0.43645688987528275,1.3011813848606835e-13
176,168,0.4177362435056576,0.41773624351290206,7.244482791435303e-12
176,184,0.4338868524459912,0.4338868524460357,4.451994328746878e-14
176,189,0.4259566174750561,0.4259566174770931,2.0370372055822372e-12
176,197,0.4078135126136595,0.40781351261401527,3.557709682411314e-13
176,210,0.4150464754589896,0.415046475459614,6.24389429049188e-13
177,143,0.4278839166346849,0.42788512760527836,1.210970593468197e-06
177,156,0.4231671998348664,0.4231700680797247,2.868244858289515e-06
177,164,0.43406500857001573,0.4340654473860396,4.388160238510963e-07
177,169,0.41508600921811795,0.41508977481387405,3.7655957561000264e-06
177,185,0.42039568797382404,0.4203957455426694,5.756884535745854e-08
177,190,0.4505215529828759,0.45052273534237103,1.1823594951443361e-06
177,198,0.4198278754010788,0.4198280129001133,1.3749903449156164e-07
177,211,0.4425595725454262,0.4425596947812699,1.2223584366921614e-07
178,144,0.4253690070964439,0.42578227542852654,0.00041326833208266134
178,157,0.3907676682340703,0.3910527254068986,0.0002850571728283402
178,165,0.4227584441699302,0.42291857036572655,0.00016012619579636178
178,170,0.41620985386913945,0.4162538693015825,4.4015432443034186e-05
178,186,0.4460548005748734,0.44607656451922806,2.1763944354658005e-05
178,191,0.41634796749745173,0.4163715497039693,2.3582206517547277e-05
178,199,0.4279257217521061,0.42794084359595064,1.5121843844556615e-05
178,212,0.4048542311800888,0.4048609624979256,6.7313178367944815e-06
179,145,0.4257977244260818,0.425797726037146,1.611064170958798e-09
179,158,0.4121129509416596,0.4121129511261796,1.8452001038227195e-10
179,166,0.43280417664505894,0.43280417850185865,1.8567997139840031e-09
179,171,0.42029485997236343,0.42029485998012117,7.757738895719513e-12
179,187,0.4291276093554706,0.4291276109725485,1.617077860505134e-09
179,192,0.4164445037982825,0.416444503818269,1.9986456933906993e-11
179,200,0.424089483560467,0.4240894840014104,4.4094339290978724e-10
179,213,0.4236484557989041,0.4236484558550022,5.609812614437715e-11
180,146,0.43379690533630666,0.43379690533665094,3.4428015993626104e-13
180,159,0.4188226427272887,0.418822642728072,7.833178550242792e-13
180,167,0.40902709356417816,0.40902709356463074,4.5258241598844506e-13
180,172,0.45093413496694096,0.4509341349720298,5.0888182556718675e-12
180,188,0.41778621731765553,0.41778621731821014,5.54611911951497e-13
180,193,0.39785038248698346,0.3978503824876293,6.458167334244536e-13
180,201,0.4282702868406652,0.42827028684093926,2.740585536287199e-13
180,214,0.4047605433078878,0.40476054330804667,1.588729148238599e-13
181,147,0.41761718666240827,0.4176171901060745,3.4436662410541885e-09
181,160,0.41638820952423367,0.4163882195061956,9.9819619236996e-09
181,168,0.40929448319907646,0.40929448428579884,1.0867223787514035e-09
181,173,0.42654547888656463,0.4265454972282472,1.834168256165114e-08
181,189,0.43566674430728686,0.4356667444789792,1.716923270222992e-10
181,194,0.43334203272302063,0.43334203773293734,5.009916703713202e-09
181,202,0.4092178949816041,0.4092178955250699,5.434657723846215e-10
181,215,0.4298974840519988,0.42989748479437656,7.42377770368563e-10
182,148,0.4096994707378142,0.41010570621101355,0.0004062354731993456
182,161,0.40132249285977606,0.4015969617830676,0.0002744689232915265
182,169,0.3881389183690249,0.388298490936603,0.00015957256757809235
182,174,0.4301376007683941,0.4301809794281912,4.337865979714417e-05
182,190,0.4096370418685295,0.40965895709927647,2.1915230746960557e-05
182,195,0.42694376750186197,0.42696646189948023,2.269439761826142e-05
182,203,0.4229682046380614,0.422981432445092,1.3227807030613548e-05
182,216,0.40335479507789374,0.40336171310780533,6.9180299115956245e-06
183,149,0.39817688846105265,0.3981771486244742,2.601634215282367e-07
183,162,0.42103462160982613,0.421034693355647,7.174582089541914e-08
183,170,0.40892609045807443,0.4089263117894766,2.2133140215041536e-07
183,175,0.40764766868115676,0.4076476769671814,8.286024644199586e-09
183,191,0.4202256516856389,0.42022578422460144,1.3253896252729547e-07
183,196,0.40794452211433113,0.40794453017693943,8.062608303216479e-09
183,204,0.4346317398783413,0.43463178258653073,4.270818942941901e-08
183,217,0.4139460269517523,0.41394604518963873,1.8237886423300154e-08
184,150,0.41560939758599286,0.41560939758600396,1.1102230246251565e-14
184,163,0.4307852883612108,0.4307852883612131,2.275957200481571e-15
184,171,0.40946048128010826,0.40946048128012474,1.6486811915683575e-14
184,176,0.41500888750664494,0.4150088875066601,1.5154544286133387e-14
184,192,0.4261277535708593,0.42612775357091165,5.234701561107613e-14
184,197,0.4256053335044356,0.42560533350444624,1.0658141036401503e-14
184,205,0.3998877376661848,0.3998877376662216,3.680389326632394e-14
184,218,0.4095240213989898,0.4095240213989933,3.497202527569243e-15
185,151,0.41363466897280915,0.4136346717146228,2.7418136649970393e-09
185,164,0.4138931372084959,0.4138931468337406,9.625244712374581e-09
185,172,0.42543323217928436,0.4254332329073559,7.280715474955457e-10
185,177,0.40651010140744,0.40651011975874823,1.835130825078579e-08
185,193,0.4261904020259101,0.42619040211304826,8.713818555605712e-11
185,198,0.4078846966573494,0.4078847016169578,4.959608390642245e-09
185,206,0.42234974844201245,0.42234974875330417,3.1129171462751515e-10
185,219,0.40854228757424776,0.40854228791956176,3.45313999616792e-10
186,152,0.4193575556390245,0.4193617832781326,4.227639108123071e-06
186,165,0.40473021961531147,0.40473579645744157,5.576842130095017e-06
186,173,0.425914807691006,0.42591605941732835,1.2517263223710273e-06
186,178,0.40503928305781395,0.4050435762868566,4.293229042662272e-06
186,194,0.40329077168958954,0.40329092911374653,1.5742415698793977e-07
186,199,0.4156651178274275,0.41566636883441416,1.2510069866689122e-06
186,207,0.40065976172671924,0.4006599449547443,1.8322802503023539e-07
186,220,0.4007644557402258,0.40076459080145865,1.350612328643308e-07
187,153,0.41727910826148723,0.41727935313974357,2.448782563391205e-07
187,166,0.41587729935430395,0.4158773574943653,5.814006132087712e-08
187,174,0.4324043470180097,0.4324045598579416,2.128399318457319e-07
187,179,0.434086884601632,0.43408688968084624,5.079214271397348e-09
187,195,0.4349539851889527,0.4349541115807494,1.2639179675089096e-07
187,200,0.41206273502577917,0.41206274744242244,1.2416643269119731e-08
187,208,0.4076935640337908,0.40769359720609843,3.317230762300838e-08
187,221,0.41032753481687234,0.41032754057541954,5.758547194645303e-09
188,154,0.4078174673125379,0.40781746734438634,3.1848468307060784e-11
188,167,0.41877101293723745,0.4187710129432898,6.05232530759281e-12
188,175,0.4128372226880096,0.4128372227240644,3.6054825791609346e-11
188,180,0.42767236196128744,0.4276723619628997,1.6122658763606523e-12
188,196,0.4020681774842203,0.40206817751915147,3.4931169068386225e-11
188,201,0.4191148727590149,0.4191148727622991,3.284206240294907e-12
188,209,0.43161152264426034,0.4316115226579885,1.3728185255246217e-11
188,222,0.4406312362891535,0.44063123629369866,4.545142040512928e-12
189,155,0.4250347399379194,0.4250347399464011,8.481715330077577e-12
189,168,0.41068949092039453,0.4106894909487642,2.836969548170032e-11
189,176,0.41876608108254276,0.418766081084898,2.355227124439807e-12
189,181,0.40261348147722,0.40261348154270293,6.548295239383606e-11
189,197,0.4298266422012005,0.4298266422024389,1.2383982728181309e-12
189,202,0.3966461960275428,0.39664619604924994,2.1707136088622292e-11
189,210,0.4117557224292492,0.4117557224314339,2.184696867857383e-12
189,223,0.41513629216103204,0.4151362921637247,2.6926794127746234e-12
190,156,0.4139760851359178,0.4139803292963255,4.244160407673725e-06
190,169,0.4048528999148171,0.4048584592697056,5.559354888495793e-06
190,177,0.4213124044800883,0.4213136636759991,1.2591959108188e-06
190,182,0.43485152829684526,0.4348557653478763,4.237051031030781e-06
190,198,0.399160182864174,0.39916037741717836,1.9455300437343226e-07
190,203,0.43933442791489646,0.439335527963692,1.1000487955548088e-06
190,211,0.42448776911671593,0.4244879420429568,1.7292624088227626e-07
190,216,0.4152126812754688,0.41521330044551696,6.191700481772422e-07
191,157,0.41886197122739954,0.4188709471978304,8.975970430868951e-06
191,170,0.4012407903287817,0.40124433308701385,3.542758232166765e-06
191,178,0.42129952212742133,0.42130415907232904,4.636944907709939e-06
191,183,0.41884669565438953,0.4188471442804841,4.4862609455131874e-07
191,199,0.411794378701858,0.4117957336378504,1.3549359924036608e-06
191,204,0.4154758848608495,0.41547618781070056,3.029498510387363e-07
191,212,0.41294226774755305,0.41294288837587384,6.206283207910168e-07
191,217,0.4371686680949644,0.43716878444914375,1.163541793469669e-07
192,158,0.4070108383349177,0.40701083834451673,9.599043782060335e-12
192,171,0.4210349778720767,0.4210349778724803,4.035660694512444e-13
192,179,0.40542754748430476,0.40542754749577015,1.1465384197606454e-11
192,184,0.4162373139891634,0.41623731398919384,3.042011087472929e-14
192,200,0.41903600394785606,0.41903600397081164,2.295558187981328e-11
192,205,0.4186628593316344,0.41866285933231767,6.832867605055526e-13
192,213,0.406445785102015,0.4064457851049324,2.917388552958755e-12
192,218,0.397566218288744,0.39756621828881633,7.233103005432895e-14
193,159,0.4169665143500242,0.41696651435180376,1.7795764861716634e-12
193,172,0.4125542705980164,0.4125542706080202,1.0003775585687436e-11
193,180,0.40687026287441946,0.4068702628749007,4.812261700237741e-13
193,185,0.4167785813250777,0.4167785813538638,2.8786084627085984e-11
193,201,0.416519701156454,0.41651970115698594,5.319633622491438e-13
193,206,0.42436150417535523,0.4243615041805347,5.1794679656325116e-12
193,214,0.4104921932521406,0.41049219325248343,3.4283687000424834e-13
193,219,0.4261077259577351,0.42610772596348806,5.752953669002636e-12
194,160,0.42027542041647925,0.4202754396640489,1.92475696492167e-08
194,173,0.4302521708602015,0.4302522063463579,3.54861564022535e-08
194,181,0.4358332211379359,0.43583322645592587,5.317989992814631e-09
194,186,0.4175489251207534,0.41754896937670144,4.4255948017379865e-08
194,202,0.41602556947242086,0.41602557046905764,9.966367731095715e-10
194,207,0.4157572866284295,0.41575729743620154,1.0807772066190324e-08
194,215,0.41152322807142233,0.4115232294335436,1.3621212491266022e-09
194,220,0.44481714647110304,0.4448171546347342,8.163631159963103e-09
195,161,0.4197150502536482,0.41972335255000587,8.302296357676209e-06
195,174,0.4236083577781696,0.423611697753642,3.3399754724161568e-06
195,182,0.40641866411474337,0.40642304289302583,4.3787782824655785e-06
195,187,0.4170503432463021,0.41705075332361785,4.1007731577114015e-07
195,200,0.42984936468578006,0.42984945416460296,8.947882290666342e-08
195,203,0.4132784014694044,0.41327954037861264,1.1389092082203511e-06
195,208,0.4274050392194242,0.42740530709391217,2.678744879802686e-07
195,216,0.41920310729490484,0.41920374847028974,6.411753848967194e-07
196,162,0.432598842859923,0.4325988460482108,3.1882878004374504e-09
196,175,0.4159917745522217,0.41599177526820225,7.15980552623563e-10
196,183,0.440014771296929,0.4400147741222048,2.82527579109626e-09
196,188,0.4219993050506854,0.42199930513789097,8.720557609365187e-11
196,201,0.41791632902874015,0.4179163290640084,3.526823277866242e-11
196,204,0.4182873527537216,0.418287354741415,1.9876933987639234e-09
196,209,0.44343278305780515,0.4434327832952459,2.3744073374132313e-10
196,217,0.4445179494277634,0.4445179504162813,9.885178786639415e-10
197,163,0.4195891615724451,0.41958916157250054,5.545564008002657e-14
197,176,0.41356908019886934,0.41356908019908367,2.1432855490388647e-13
197,184,0.42386502303281953,0.4238650230328405,2.098321516541546e-14
197,189,0.4325597798161691,0.43255977981677396,6.048495038157853e-13
197,202,0.42430400244874295,0.424304002450296,1.5530354779969002e-12
197,205,0.4188513770442409,0.4188513770445952,3.5427216715788745e-13
197,210,0.4109196057912913,0.41091960579154097,2.496891582381977e-13
197,218,0.40522438426134705,0.4052243842613895,4.246603069191224e-14
198,164,0.4264442265496554,0.4264442505624677,2.401281229413854e-08
198,177,0.43663508775886634,0.43663513360445527,4.584558893627744e-08
198,185,0.4261993328948465,0.42619933822024064,5.325394125677008e-09
198,190,0.4296592073628418,0.4296592657362851,5.837344330128502e-08
198,203,0.4369256386838196,0.4369256791222483,4.0438428661193626e-08
198,206,0.4174827905960879,0.4174827913556439,7.595560291839831e-10
198,211,0.4235395505941885,0.4235395615117032,1.0917514670083506e-08
198,219,0.42273324021982484,0.42273324106234317,8.425183328775177e-10
199,165,0.42385187687720005,0.42385563771262247,3.7608354224172302e-06
199,178,0.4137625219312047,0.41376541060371524,2.888672510525936e-06
199,186,0.4110887848523704,0.4110899457321089,1.1608797385043168e-06
199,191,0.4014256282884755,0.4014268934911215,1.2652026459836208e-06
199,204,0.4209652855675081,0.42096548500877273,1.9944126461446388e-07
199,207,0.4157710820788038,0.4157712133150683,1.3123626446676084e-07
199,212,0.39806138021530324,0.39806177718489943,3.969695961947295e-07
199,220,0.4110133884548657,0.4110134853200217,9.686515600737522e-08
200,166,0.41532188901041384,0.41532190045661366,1.1446199821296688e-08
200,179,0.408999056662179,0.40899905770402983,1.041850827832036e-09
200,187,0.41210263217507515,0.412102642080945,9.9058698466159e-09
200,192,0.42245876945067046,0.42245876953591865,8.524819739008649e-11
200,195,0.43532597599043865,0.4353259997577107,2.3767272039343368e-08
200,205,0.4354725762515594,0.4354725763109218,5.936240388138003e-11
200,208,0.42607361088353973,0.42607361742695954,6.543419805993267e-09
200,213,0.4210536509011199,0.42105365115947335,2.583534497446749e-10
200,221,0.4321516225905851,0.4321516237512158,1.1606307026568174e-09
201,167,0.41061265147612763,0.4106126514784527,2.325084569321234e-12
201,180,0.420585559212988,0.42058555921363827,6.502576255229542e-13
201,188,0.4154367818792924,0.4154367818821882,2.895794715129796e-12
201,193,0.4254330975410012,0.4254330975425737,1.5724643809278405e-12
201,196,0.40375873758088904,0.4037587375938519,1.2962853013220865e-11
201,206,0.4206660078415776,0.4206660078471811,5.60351764988809e-12
201,209,0.42059838041529984,0.4205983804204387,5.138833802931231e-12
201,214,0.4013118710303745,0.4013118710309311,5.56554802244591e-13
201,222,0.4550466924410617,0.45504669244277834,1.716626840675417e-12
202,168,0.41441019541049995,0.4144101955076736,9.717365800909761e-11
202,181,0.41284318549435484,0.4128431857210406,2.266857812571743e-10
202,189,0.42128768497761593,0.4212876850023299,2.4713953106214603e-11
202,194,0.4250018442262223,0.4250018446044989,3.7827663224021535e-10
202,197,0.41382844498473415,0.4138284449885475,3.8133385338312564e-12
202,207,0.42504845599669494,0.42504845641550876,4.1881381696029507e-10
202,210,0.41631196479842003,0.4163119648051773,6.757261417078553e-12
202,215,0.4338288728377876,0.4338288729351703,9.738271300463452e-11
202,223,0.41383916662564535,0.4138391666339884,8.343048474301895e-12
203,169,0.40742104688310826,0.40742431404520446,3.267162096198817e-06
203,182,0.4340362278785434,0.43403871226346036,2.4843849169564614e-06
203,190,0.42294924838141534,0.42295027532286966,1.0269414543184752e-06
203,195,0.40289083733331865,0.402891904362055,1.067028736367881e-06
203,198,0.43158448819515044,0.43158460782029295,1.1962514251395717e-07
203,208,0.41224448929900154,0.4122446480222456,1.587232440480868e-07
203,211,0.4246368760776025,0.4246369824251077,1.0634750524651793e-07
203,216,0.4172388698513364,0.4172392428956914,3.7304435501761546e-07
203,224,0.41709022203698515,0.4170902650825607,4.3045575548461557e-08
204,170,0.4277200403897054,0.42772018807106693,1.4768136152865097e-07
204,183,0.4299660498433601,0.42996609165415883,4.181079871212745e-08
204,191,0.42718119837109175,0.4271812868427348,8.847164306713395e-08
204,196,0.41462596164580623,0.414625967122929,5.477122755337405e-09
204,199,0.42198239074863503,0.42198245579606203,6.504742700030874e-08
204,209,0.4363816693285385,0.4363816710109574,1.6824188708852716e-09
204,212,0.40353401919902093,0.40353405133333337,3.213431243320741e-08
204,217,0.4476459676175565,0.4476459799048248,1.2287268313926347e-08
204,225,0.4491398745148979,0.44913987934102273,4.8261248331016304e-09
205,171,0.4150236533695742,0.4150236533699468,3.7259084706420253e-13
205,184,0.43038762981671447,0.43038762981674195,2.7478019859472624e-14
205,192,0.4359998757548602,0.4359998757558267,9.6650465408743e-13
205,197,0.4280792585469138,0.4280792585470205,1.0669243266647754e-13
205,200,0.4304286253497766,0.4304286253714773,2.1700696795079466e-11
205,210,0.41063751000728643,0.410637510007466,1.7957857423311907e-13
205,213,0.43169238376928565,0.43169238377200647,2.720823566448871e-12
205,218,0.4213974193631619,0.4213974193632287,6.683542608243442e-14
205,226,0.4290295056451483,0.42902950564561815,4.698463840213662e-13
206,172,0.42124825607220623,0.4212482561113061,3.9099889992399994e-11
206,185,0.4160122696432406,0.4160122697555326,1.1229200902462821e-10
206,193,0.4288746631724924,0.4288746631784182,5.925815393936773e-12
206,198,0.4101521954064985,0.4101521956563531,2.4985458146886685e-10
206,201,0.42104474041125245,0.4210447404133349,2.082445327289406e-12
206,211,0.42469861379622026,0.4246986140196461,2.2342583338996747e-10
206,214,0.4382014304076966,0.4382014304090473,1.3506973317589654e-12
206,219,0.4031647728057834,0.4031647728285345,2.2751134309828558e-11
206,227,0.4391404037985339,0.4391404038026086,4.074685033828018e-12
207,173,0.410984240593868,0.4109842823854778,4.179160978390328e-08
207,186,0.44263481333145427,0.44263486547593306,5.214447879042794e-08
207,194,0.41225151678592814,0.41225152784681274,1.1060884597124954e-08
207,199,0.41776693469645804,0.41776697667710755,4.1980649512218804e-08
207,202,0.40699936727792657,0.40699936842909445,1.1511678832398786e-09
207,212,0.401082363521914,0.4010823843023094,2.078039540442944e-08
207,215,0.4231341721285991,0.42313417370225476,1.5736556502332633e-09
207,220,0.42809823340229275,0.4280982429369769,9.534684153322814e-09
207,228,0.40566110678143696,0.40566110772846664,9.470296769009678e-10
208,174,0.4088946320347009,0.408894769548204,1.3751350308455201e-07
208,187,0.45186638092654186,0.4518664135209973,3.2594455467993555e-08
208,195,0.42872958881261675,0.42872967051528166,8.170266491136502e-08
208,200,0.4365599165226739,0.43655992457919274,8.056518840948712e-09
208,203,0.4314448705067293,0.43144492486845454,5.4361725232432434e-08
208,213,0.41453031568784704,0.4145303165029804,8.151333497075086e-10
208,216,0.40812049118049304,0.40812052447082364,3.329033060328612e-08
208,221,0.4294227050247154,0.42942270876371635,3.739000942193371e-09
208,229,0.41665239420819583,0.41665239709118784,2.882992011787877e-09
209,175,0.4190381707393516,0.419038170949472,2.1012036555134728e-10
209,188,0.41942874347918246,0.419428743506812,2.7629509791182727e-11
209,196,0.42046726295290465,0.4204672631569837,2.0407903145169826e-10
209,201,0.40674132456110207,0.40674132457241946,1.131739146842392e-11
209,204,0.4157354513537718,0.4157354519033596,5.495877641870095e-10
209,214,0.4356099317149331,0.4356099317192984,4.365285910523653e-12
209,217,0.41642396234901746,0.41642396262687786,2.778604013542463e-10
209,222,0.4233253244154843,0.42332532443690146,2.14171458345902e-11
209,230,0.4243932617218045,0.4243932617556849,3.3880398486729746e-11
210,176,0.42400788714488813,0.42400788714527593,3.878009025015672e-13
210,189,0.4125060412428662,0.4125060412439651,1.09889874977398e-12
210,197,0.40697530791945696,0.4069753079197169,2.599587212159804e-13
210,202,0.43473988635804856,0.43473988636087624,2.8276825325690425e-12
210,205,0.43045494404244117,0.4304549440430645,6.233347171757941e-13
210,215,0.42040807455390294,0.42040807455769114,3.788191982323497e-12
210,218,0.4213173183529908,0.4213173183530664,7.560618797697316e-14
210,223,0.40670578011466446,0.4067057801152125,5.480615961062085e-13
210,231,0.41623013796561925,0.4162301379658262,2.0694557179012918e-13
211,177,0.42123280430543397,0.4212328449104822,4.060504821268296e-08
211,190,0.4378415182281901,0.4378415699203863,5.1692196190167294e-08
211,198,0.4300065736196812,0.4300065844731302,1.0853449028402906e-08
211,203,0.4209975426840721,0.42099757850108227,3.581701019106376e-08
211,206,0.40187042678202073,0.40187042745616597,6.741452396319403e-10
211,216,0.4047542723605122,0.40475429431426857,2.195375636837582e-08
211,219,0.42960112051856025,0.42960112126634453,7.477842789427314e-10
211,224,0.42135633987852883,0.42135634393053734,4.0520085065054445e-09
211,232,0.42404047435592146,0.42404047479158713,4.356656702064754e-10
212,178,0.40379572205079717,0.4037969972674736,1.275216676421831e-06
212,191,0.4008785975727666,0.40087915904724897,5.61474482352331e-07
212,199,0.43689001942395767,0.43689040332240753,3.838984498627518e-07
212,204,0.4447325110929884,0.4447326008620544,8.976906601398937e-08
212,207,0.42244159819590726,0.42244165731674505,5.912083778092381e-08
212,217,0.44975361029611516,0.4497536451380892,3.4841974028143596e-08
212,220,0.4145329277745304,0.4145329714533663,4.3678835937033256e-08
212,225,0.42352491800020087,0.42352492933200414,1.133180327350658e-08
212,233,0.42766942175235684,0.4276694296514608,7.899103982023092e-09
213,179,0.40134241207495014,0.40134241212475313,4.9802995061298816e-11
213,192,0.3904352246803965,0.3904352246849119,4.515388063452974e-12
213,200,0.40412897073207904,0.404128970831739,9.965994696159441e-11
213,205,0.4283975430228572,0.42839754302582644,2.96923596820875e-12
213,208,0.4235585927845571,0.42355859302801074,2.4345364613154175e-10
213,218,0.4178258237817498,0.4178258237820635,3.13693515607838e-13
213,221,0.4199197288479649,0.4199197288979807,5.001576930396823e-11
213,226,0.4066616914931479,0.4066616914953432,2.1952994977425533e-12
213,234,0.4127197255310794,0.4127197255335568,2.4774071682998056e-12
214,180,0.3896273165076482,0.3896273165078666,2.183808689437683e-13
214,193,0.4130216922205092,0.4130216922210414,5.321854068540688e-13
214,201,0.41895642562011104,0.4189564256205167,4.056754931980322e-13
214,206,0.4081702522931342,0.4081702522950315,1.8973156379331613e-12
214,209,0.4413799861258671,0.44137998612744417,1.5770718064800349e-12
214,219,0.43906183302727075,0.4390618330293694,2.0986545834489334e-12
214,222,0.42804542350895197,0.42804542350948466,5.326850072151501e-13
214,227,0.41728171133283887,0.41728171133323383,3.9496184101039944e-13
215,181,0.41864046252615134,0.41864046283796624,3.1181490722786975e-10
215,194,0.40422143867751875,0.4042214391980652,5.205464392865622e-10
215,202,0.40093182090442564,0.4009318210028998,9.847417326014352e-11
215,207,0.410590097901859,0.4105900984783203,5.764612676095737e-10
215,210,0.42783840154556635,0.4278384015547791,9.212741680642011e-12
215,220,0.4093031260557603,0.4093031265082463,4.5248599311875637e-10
215,223,0.41085516198892114,0.4108551620002975,1.1376344311031517e-11
215,228,0.4057978912340087,0.4057978913165186,8.250988781099977e-11
216,182,0.41226177467757463,0.4122630274807009,1.2528031262948325e-06
216,190,0.4277188561833558,0.42771938834907186,5.321657160495263e-07
216,195,0.40587807326175407,0.4058786262298206,5.52968066558357e-07
216,203,0.4091704937779189,0.409170837261768,3.434838490856684e-07
216,208,0.4133833545015566,0.41338343929326704,8.479171043074274e-08
216,211,0.41336664935742573,0.41336670622862287,5.68711971404845e-08
216,221,0.4128689908357399,0.4128690028531598,1.201741989254046e-08
216,224,0.4082578935681314,0.4082579166426709,2.3074539501344304e-08
216,229,0.42915360625398685,0.42915361616842834,9.914441490010972e-09
217,183,0.4077099345509184,0.4077099501296685,1.5578750067746228e-08
217,191,0.4201327487320693,0.42013278010161376,3.1369544462034327e-08
217,196,0.41149408417218186,0.41149408635883705,2.1866551902505194e-09
217,204,0.40879348715379393,0.4087934978739763,1.0720182352930152e-08
217,209,0.409483099513809,0.40948310019625356,6.82444545319072e-10
217,212,0.4186574831869843,0.4186574947222133,1.1535228994219437e-08
217,222,0.38904376286226433,0.38904376305536587,1.9310153476226333e-10
217,225,0.43883080582598843,0.4388308076944708,1.8684823688275287e-09
217,230,0.4331839188986184,0.4331839192101402,3.115218083493687e-10
218,184,0.4210205696618762,0.4210205696618771,9.43689570931383e-16
218,192,0.41909377945313736,0.41909377945320747,7.011058400507864e-14
218,197,0.4162703050133346,0.416270305013348,1.3378187446733136e-14
218,205,0.44529603299787957,0.4452960329979287,4.912736883966318e-14
218,210,0.4124089041540506,0.412408904154071,2.0372592501871623e-14
218,213,0.43736037122479854,0.4373603712250138,2.1527224447481785e-13
218,223,0.4136852361229209,0.4136852361229459,2.4980018054066022e-14
218,226,0.4375655491138636,0.4375655491138991,3.552713678800501e-14
218,231,0.41210067938123673,0.41210067938124734,1.0602629885170245e-14
219,185,0.41098235463686644,0.4109823547603786,1.2351214495609497e-10
219,193,0.41016753182752336,0.41016753183406035,6.536993168992922e-12
219,198,0.41895673329631933,0.4189567335710231,2.747037597394808e-10
219,206,0.39793875028362335,0.39793875030621556,2.2592205883853467e-11
219,211,0.4182872632726588,0.41828726351831325,2.456544412332562e-10
219,214,0.40645485713054896,0.40645485713203666,1.4876988529977098e-12
219,224,0.41510079545482836,0.4151007955607152,1.0588685483980953e-10
219,227,0.4134601332871026,0.4134601332915968,4.494182803682634e-12
219,232,0.4279782301898549,0.4279782302045673,1.4712397966576418e-11
220,186,0.4290466436107432,0.42904668148366243,3.787291924517433e-08
220,194,0.41144749231298816,0.4114475004304218,8.117433614174274e-09
220,199,0.4255799647127215,0.4255799952221526,3.0509431092617945e-08
220,207,0.38004190418317463,0.3800419134471042,9.263929567904228e-09
220,212,0.41274014560089856,0.4127401607270916,1.5126193020353895e-08
220,215,0.43363069353897443,0.4336306947096849,1.1707104730085405e-09
220,225,0.4296947853081514,0.4296947876539003,2.345748872922826e-09
220,228,0.4109476548873906,0.41094765559254337,7.051527695089987e-10
220,233,0.42857878820340883,0.4285787896223008,1.4188919483792972e-09
221,187,0.40533020562156286,0.40533020921857765,3.597014797129816e-09
221,200,0.4086692566986192,0.4086692576124184,9.137992029728537e-10
221,208,0.4319589363787441,0.4319589387583044,2.3795602710485753e-09
221,213,0.42596314677191177,0.42596314687124737,9.933559530495017e-11
221,216,0.4116474135570233,0.41164741698122587,3.4242025881425775e-09
221,226,0.42240849373305045,0.4224084937496182,1.656774717417875e-11
221,229,0.41394736610924165,0.41394736643930397,3.300623108160039e-10
221,234,0.4205526129064604,0.4205526129251576,1.869721044656103e-11
222,188,0.42895535834126786,0.42895535834914433,7.876477248203173e-12
222,201,0.4243288055893973,0.42432880559265285,3.2555624862595778e-12
222,209,0.4040334065103888,0.40403340652992514,1.9536317008572723e-11
222,214,0.4076923363809934,0.4076923363822732,1.2798095916366492e-12
222,217,0.4253432069847718,0.4253432070592882,7.451639305600111e-11
222,227,0.4009832803767453,0.40098328037907705,2.331745907468985e-12
222,230,0.40638667962480085,0.4063866796341848,9.38393807103921e-12
222,235,0.42550827130126984,0.4255082713032512,1.9813595208972856e-12
223,189,0.4192020955100457,0.41920209551141807,1.372346680739156e-12
223,202,0.4150238654947343,0.4150238654982708,3.5365044226409736e-12
223,210,0.41917355796333716,0.4191735579638957,5.585532036889163e-13
223,215,0.4366505866509451,0.43665058665568307,4.737987779890318e-12
223,218,0.42992953908095816,0.42992953908105297,9.481304630298837e-14
223,226,0.41966852058637855,0.4196685205869347,5.561662241859722e-13
223,228,0.42230720180149384,0.4223072018045301,3.036237927744878e-12
223,231,0.4254905873745918,0.4254905873748481,2.562949852347174e-13
223,236,0.42901157972591186,0.42901157972635723,4.4536596632838155e-13
224,203,0.4411382710591505,0.4411382849997525,1.3940602006101699e-08
224,211,0.42145325431209324,0.42145325811815876,3.806065518308088e-09
224,216,0.4405929805656166,0.44059298912796774,8.56235116142301e-09
224,219,0.4360311064877911,0.43603110678470736,2.9691626934891246e-10
224,227,0.4314100968479926,0.43141009689985593,5.186334695039818e-11
224,229,0.42803104812673753,0.42803104888067284,7.539353030772133e-10
224,232,0.42277940575465933,0.4227794059276892,1.7302986821121635e-10
224,237,0.42469479907590757,0.42469479913453134,5.862377250309692e-11
225,204,0.4321281369489247,0.4321281401299151,3.1809903600077405e-09
225,212,0.41993391990366263,0.4199339229847943,3.081131683124738e-09
225,217,0.4166527325721267,0.4166527339977554,1.4256286706704202e-09
225,220,0.4232940130882469,0.42329401473845346,1.6502065824930412e-09
225,228,0.41928368430938967,0.41928368451166725,2.0227758357194148e-10
225,230,0.42639675111959424,0.4263967512322724,1.1267814459259284e-10
225,233,0.41868514418381103,0.418685144534531,3.5071995307944803e-10
225,238,0.3899752306456122,0.3899752306914291,4.5816905824835885e-11
226,205,0.43293029471496525,0.43293029471537126,4.0600856010541975e-13
226,213,0.40763114810089845,0.4076311481026368,1.7383317008068389e-12
226,218,0.42037740880840124,0.42037740880844354,4.2299497238218464e-14
226,221,0.4398077978418826,0.4398077978489243,7.041700555987518e-12
226,223,0.44826111705890503,0.44826111705904864,1.43607348235264e-13
226,229,0.4315968638020108,0.4315968638072451,5.234312983048994e-12
226,231,0.4122569310287517,0.41225693102881217,6.045164369083977e-14
226,234,0.4144661526959473,0.4144661526962848,3.375077994860476e-13
226,236,0.4290460061902421,0.42904600619033867,9.658940314238862e-14
227,206,0.40861456036526683,0.4086145603692037,3.936850845320805e-12
227,214,0.41002612430373975,0.4100261243040274,2.8765878568037806e-13
227,219,0.40935326345596734,0.4093532634603351,4.36778391232906e-12
227,222,0.4111046557642011,0.41110465576482574,6.246669848053443e-13
227,224,0.40556248396673106,0.40556248398792666,2.119560083002625e-11
227,230,0.42264141829738755,0.4226414182983207,9.33142452197444e-13
227,232,0.4280000995566369,0.42800009955919605,2.559119582912217e-12
227,235,0.42257736079526026,0.4225773607955269,2.6662005936373134e-13
227,237,0.4013277472065577,0.4013277472074358,8.781309013272676e-13
228,207,0.4162376392498536,0.41623763958839716,3.3854358205687163e-10
228,215,0.45306888279898827,0.4530688828785273,7.953904201940531e-11
228,220,0.419716661493491,0.4197166617595177,2.6602670066822043e-10
228,223,0.4395246092404178,0.4395246092473223,6.9044769901438485e-12
228,225,0.41151007011712565,0.4115100702378326,1.207069444397746e-10
228,231,0.4203956914999215,0.42039569150231315,2.3916424396475122e-12
228,233,0.398283377730625,0.3982833777945303,6.390532547584371e-11
228,236,0.4155323754218703,0.4155323754272413,5.370981437380351e-12
228,238,0.42602249458686337,0.42602249459952773,1.2664369553050392e-11
229,208,0.40757865487982536,0.4075786570372791,2.15745371567877e-09
229,216,0.412675199031249,0.4126752022366413,3.205392284932884e-09
229,221,0.42715141484910923,0.4271514152347293,3.85620091414296e-10
229,224,0.4428302809229647,0.4428302815410204,6.180556622048528e-10
229,226,0.40712562441660227,0.40712562443091405,1.431177398814043e-11
229,232,0.42054290296452657,0.42054290303388675,6.936018426273449e-11
229,234,0.43271376548553586,0.43271376550168755,1.615169109570047e-11
229,237,0.426170801251981,0.4261708012755156,2.353461869830653e-11
230,209,0.4249648394254321,0.4249648394570944,3.1662283905831146e-11
230,217,0.4010440787627873,0.4010440788836685,1.208811939434895e-10
230,222,0.43102530324750116,0.43102530325713706,9.63590318647789e-12
230,225,0.4291092446364441,0.42910924469732775,6.088363146972142e-11
230,227,0.4131095815272356,0.41310958153089644,3.660849401398991e-12
230,233,0.445017449954111,0.4450174499860162,3.190520070361913e-11
230,235,0.4438286448600895,0.4438286448632831,3.193612041485494e-12
230,238,0.41107672830985736,0.41107672831661624,6.758871240464259e-12
231,210,0.4182327487469241,0.4182327487471067,1.82576176399607e-13
231,218,0.4176383164263345,0.41763831642636595,3.147482274812319e-14
231,223,0.4327153291269259,0.4327153291271489,2.229882944959627e-13
231,226,0.41139933918928867,0.41139933918948474,1.9606538614880265e-13
231,228,0.42707202319724025,0.42707202319818977,9.495182418106651e-13
231,234,0.4437275471780093,0.4437275471782291,2.19824158875781e-13
231,236,0.4226278067992705,0.4226278067994144,1.4394041514265155e-13
231,239,0.4081568479970253,0.40815684799714314,1.1785017406396037e-13
232,211,0.4468327219693269,0.44683272211180514,1.4247825141922021e-10
232,219,0.3998252536524805,0.39982525366689176,1.4411249971146844e-11
232,224,0.414384893491523,0.4143848935528667,6.134365237997486e-11
232,227,0.4144499903776956,0.41444999038027897,2.5833779560002768e-12
232,229,0.4068152466459236,0.40681524667705105,3.1127433963717976e-11
232,235,0.45264202461468844,0.45264202461541514,7.266964807683962e-13
232,237,0.4239628048872452,0.4239628048901358,2.890632178065289e-12
232,239,0.4185402782405242,0.4185402782410744,5.502265310042276e-13
233,212,0.40865435409940615,0.4086543566119288,2.5125226343902796e-09
233,220,0.4191890078125976,0.4191890090323166,1.2197189924734175e-09
233,225,0.41350896436765106,0.4135089647905149,4.228638550429764e-10
233,228,0.4176480585962531,0.4176480587292211,1.329680254791299e-10
233,230,0.4137786427087996,0.41377864278149845,7.269884694238726e-11
233,235,0.4155256037412588,0.41552560375446246,1.3203660387262062e-11
233,236,0.40214335427200815,0.40214335428393183,1.1923684262171719e-11
233,238,0.43348722033612375,0.43348722036492215,2.8798408102659323e-11
233,239,0.4248967565924639,0.42489675660352516,1.1061263016642897e-11
234,213,0.4136043312019165,0.4136043312038784,1.9619306179663454e-12
234,221,0.44604066891103505,0.44604066891899563,7.960576642318529e-12
234,226,0.4108262460080627,0.41082624600839984,3.371192214274288e-13
234,229,0.4192474732930116,0.41924747329893186,5.920264278813647e-12
234,231,0.4159814376557572,0.41598143765582596,6.877831637552845e-14
234,236,0.41826710264994654,0.4182671026500628,1.162403506782539e-13
234,237,0.4384322304419429,0.4384322304424767,5.337952302397753e-13
234,239,0.43057323476842146,0.4305732347685279,1.0641487691032125e-13
235,222,0.4101599846940298,0.4101599846956592,1.6293633109398797e-12
235,227,0.4194582733775505,0.41945827337828345,7.329692408575283e-13
235,230,0.4292925332219527,0.4292925332244999,2.5471846853974967e-12
235,232,0.4288554667519963,0.4288554667541994,2.2030710589149294e-12
235,233,0.412449852835202,0.4124498528401776,4.9755755071601016e-12
235,237,0.42917790163457453,0.42917790163535163,7.771006060863783e-13
235,238,0.4203077156350495,0.42030771563621017,1.16068266109437e-12
235,239,0.44335737478150455,0.443357374781932,4.2743586448068527e-13
236,223,0.4189870162453021,0.41898701624593204,6.299405441723138e-13
236,226,0.4123790050793886,0.41237900507980424,4.1561198926842735e-13
236,228,0.4171073420869688,0.4171073420907667,3.797906433788967e-12
236,231,0.4056861553278726,0.40568615532809943,2.2681856393091948e-13
236,233,0.3978100226951064,0.3978100226995495,4.4431125445498765e-12
236,234,0.4217613239803475,0.42176132398081584,4.683475829381223e-13
236,237,0.4166517783962324,0.41665177839695117,7.187583861423263e-13
236,238,0.4100930963716417,0.4100930963726994,1.0577094755603866e-12
236,239,0.4175989959923567,0.4175989959927458,3.890776589798861e-13
237,224,0.4148671758248798,0.4148671758467306,2.1850798948008787e-11
237,227,0.4279915091058211,0.42799150910669587,8.747447211021608e-13
237,229,0.4342764885338912,0.43427648854479106,1.08998365888624e-11
237,232,0.4265056566391354,0.42650565664198825,2.8528290840768022e-12
237,234,0.427068199925411,0.42706819992610834,6.973310817670608e-13
237,235,0.4095585938196183,0.40955859381988147,2.6317836798739336e-13
237,236,0.4354528256153423,0.43545282561555526,2.1294077612310502e-13
237,238,0.42179943444627893,0.4217994344467271,4.4814152388994444e-13
237,239,0.43187897116319046,0.4318789711633874,1.9695356456850277e-13
238,225,0.422580859752212,0.42258085977346044,2.124844744599841e-11
238,228,0.42966120612151143,0.4296612061308398,9.328371408656722e-12
238,230,0.4033589525204958,0.4033589525261596,5.663802760125236e-12
238,233,0.3972485700266536,0.3972485700375914,1.093780621630458e-11
238,235,0.39945645181985967,0.39945645182109774,1.2380652059107433e-12
238,236,0.43414633324764784,0.4341463332487642,1.1163847624118262e-12
238,237,0.40817740162849886,0.40817740163019,1.6911472222602697e-12
238,239,0.4229302483179407,0.4229302483188892,9.485190410885025e-13
239,231,0.41643804202729645,0.4164380420274971,2.0067281170099704e-13
239,232,0.422570241052011,0.42257024105370955,1.698530205374027e-12
239,233,0.4170821967377614,0.4170821967423728,4.611366843931819e-12
239,234,0.4257205515993913,0.42572055159977934,3.880229471064922e-13
239,235,0.4414553560081347,0.4414553560086069,4.722333635243103e-13
239,236,0.43467424993935294,0.4346742499397793,4.2638115260729137e-13
239,237,0.419872312947777,0.41987231294837873,6.017408793468348e-13
239,238,0.43390295183506317,0.4339029518360572,9.94038185098134e-13
