source,target,before,after,delta
0,1,0.40630803629598405,0.4063080362960052,2.1149748619109232e-14
0,2,0.39762430896924195,0.397624308969295,5.306866057708248e-14
0,3,0.4316026288194472,0.43160262881962286,1.7563728249569976e-13
0,4,0.4174388955959258,0.4174388955961809,2.5512925105886097e-13
0,5,0.43019017538448234,0.4301901753850171,5.347389198107066e-13
0,6,0.4255484795249866,0.4255484795250048,1.8207657603852567e-14
0,7,0.43053247206145756,0.43053247206149003,3.247402347028583e-14
0,8,0.4413506818553433,0.44135068185600734,6.640243910283061e-13
1,0,0.40264038048747,0.4026403804874796,9.603429163007604e-15
1,2,0.41610400290933,0.4161040029093361,6.106226635438361e-15
1,3,0.418532625027181,0.41853262502719824,1.7208456881689926e-14
1,4,0.4019851719962919,0.40198517199633405,4.213296378452469e-14
1,6,0.42605274532347515,0.4260527453234765,1.3322676295501878e-15
1,9,0.4177488620530662,0.4177488620531788,1.1257661469699087e-13
1,11,0.4254165400316783,0.42541654003168833,1.0047518372857667e-14
1,14,0.4300058238863828,0.4300058238863898,6.994405055138486e-15
2,0,0.4164048323491438,0.4164048323491861,4.2299497238218464e-14
2,1,0.4258105235578241,0.42581052355783733,1.3211653993039363e-14
2,3,0.41907097498106444,0.4190709749811613,9.686695889854491e-14
2,4,0.4041587800848424,0.40415878008499717,1.5476508963274682e-13
2,5,0.4481508535255953,0.4481508535258813,2.859934511434403e-13
2,7,0.42675862103698886,0.4267586210370096,2.0761170560490427e-14
2,10,0.413343195138196,0.4133431951383553,1.5931700403370996e-13
2,12,0.4191632038379936,0.4191632038383618,3.6820546611693317e-13
2,15,0.40450319475367336,0.4045031947536985,2.5146551507759796e-14
3,0,0.39685946964323154,0.3968594696434941,2.625677453238495e-13
3,1,0.43410830131441874,0.4341083013144816,6.283862319378386e-14
3,2,0.41749908000330005,0.4174990800034736,1.7352785874891197e-13
3,5,0.43005253054546405,0.43005253054791637,2.452316127943277e-12
3,6,0.4278253682355061,0.42782536823555956,5.345723863570129e-14
3,8,0.40992554917483826,0.40992554917787544,3.0371816173158095e-12
3,11,0.40725187740305646,0.40725187740333857,2.821076705572523e-13
3,13,0.40820428271807163,0.40820428272426107,6.1894378511340165e-12
3,16,0.41700838715729716,0.4170083871606936,3.39644978808451e-12
4,0,0.4216627739777054,0.4216627739777951,8.970602038971265e-14
4,1,0.4161435108293962,0.41614351082944623,5.00155472593633e-14
4,2,0.4258321038378811,0.4258321038379597,7.860379014346108e-14
4,6,0.41246507129236276,0.41246507129240667,4.390932062392494e-14
4,7,0.38919568723990233,0.3891956872399939,9.159339953157541e-14
4,9,0.3984863882784886,0.39848638828040717,1.918576408854733e-12
4,12,0.4302509272428069,0.43025092724452996,1.723066134218243e-12
4,17,0.4011746826276787,0.4011746826467685,1.9089785308068485e-11
5,0,0.4152436167081988,0.41524361670941423,1.2154166562083901e-12
5,2,0.4391532104070378,0.4391532104078029,7.651101974204266e-13
5,3,0.4371011237938202,0.4371011237972787,3.4585112551610564e-12
5,8,0.41668127861666787,0.4166812786337176,1.704975050031976e-11
5,10,0.4198851480535194,0.4198851480590738,5.554390281048427e-12
5,13,0.41042410209769636,0.41042410213709357,3.939720771839461e-11
5,18,0.45296183530608414,0.4529618353442132,3.8129055468516526e-11
5,26,0.4176160884193578,0.41761608855767807,1.3832024414739408e-10
6,0,0.4255499118465423,0.4255499118465508,8.493206138382448e-15
6,1,0.42553518853964356,0.42553518853964445,8.881784197001252e-16
6,3,0.42475288866470945,0.4247528886647232,1.3766765505351941e-14
6,4,0.425153312829027,0.425153312829061,3.397282455352979e-14
6,9,0.4088267762475898,0.4088267762476811,9.131584377541913e-14
6,11,0.4244365106388916,0.42443651063890075,9.159339953157541e-15
6,14,0.4064712176950318,0.4064712176950371,5.2735593669694936e-15
6,19,0.41413783278011695,0.41413783278011695,0.0
6,27,0.42395277260535036,0.4239527726053553,4.9404924595819466e-15
7,0,0.4052330526681879,0.4052330526681982,1.0325074129013956e-14
7,2,0.4168495895583105,0.41684958955831763,7.16093850883226e-15
7,4,0.41271626079469403,0.41271626079474166,4.7628567756419216e-14
7,10,0.40990602680729454,0.4099060268073308,3.624878175401136e-14
7,12,0.4121116957877496,0.41211169578786244,1.1285417045314716e-13
7,15,0.4205055951474672,0.42050559514747465,7.438494264988549e-15
7,20,0.42134500864712465,0.4213450086473298,2.0516921495072893e-13
7,28,0.3978850616289101,0.3978850616289273,1.7208456881689926e-14
8,0,0.41311614720013384,0.4131161472016289,1.495081836111467e-12
8,3,0.4164588610353584,0.4164588610395981,4.239719686438548e-12
8,5,0.4139003255499857,0.41390032556685136,1.686567552283691e-11
8,11,0.4189435032456717,0.4189435032472543,1.5826229216031606e-12
8,13,0.434500394910348,0.43450039495829523,4.794725727563787e-11
8,16,0.4267088686962457,0.4267088687190234,2.277772415126833e-11
8,21,0.40770347729212547,0.40770347746646407,1.743385991126445e-10
8,29,0.39822319292987785,0.3982231930160154,8.613754154396247e-11
9,1,0.39666633194078305,0.3966663319409201,1.3705703238997557e-13
9,4,0.42099978717231595,0.420999787174288,1.9720336474904343e-12
9,6,0.4187332210320221,0.41873322103214233,1.2023715356690445e-13
9,12,0.4266240108589378,0.42662401086365975,4.7219450571844845e-12
9,14,0.44460712764785093,0.44460712764827687,4.259370633974413e-13
9,17,0.4121198009615873,0.4121198010134843,5.1896986708044324e-11
9,22,0.4352323386062991,0.43523233861861665,1.2317535880157493e-11
9,30,0.4308108477114975,0.4308108477989713,8.747375046525008e-11
10,2,0.439968715025626,0.43996871502589713,2.7111646261346323e-13
10,5,0.41413032098261393,0.41413032098622765,3.6137204340036533e-12
10,7,0.4100782824556131,0.4100782824557661,1.5298873279334657e-13
10,13,0.43423440416322046,0.4342344041718404,8.619938096643409e-12
10,15,0.42796672865930513,0.4279667286594995,1.9434454046063365e-13
10,18,0.4134369069751749,0.4134369069847408,9.565903624775274e-12
10,23,0.4354304915792417,0.43543049158054803,1.3063439219251904e-12
10,31,0.4214586872710596,0.421458687280571,9.511391674266179e-12
11,1,0.4364194935980815,0.43641949359810545,2.3925306180672123e-14
11,3,0.4314916834489076,0.43149168344909067,1.8307577676068831e-13
11,6,0.39579492899744256,0.39579492899746316,2.0594637106796654e-14
11,8,0.40894459878848194,0.4089445987891588,6.768474669627267e-13
11,14,0.4376492221191203,0.43764922211916474,4.446443213623752e-14
11,16,0.42248230838861234,0.4224823083894084,7.960854198074685e-13
11,19,0.41969197766501687,0.41969197766503297,1.609823385706477e-14
11,24,0.40951382323289853,0.40951382323318775,2.892130979148533e-13
11,32,0.4440195227517183,0.44401952275178275,6.444844657949034e-14
12,2,0.39989743911870435,0.3998974391188895,1.8512968935624485e-13
12,4,0.42615368979459395,0.42615368979628576,1.6918133560750448e-12
12,7,0.42089113392634964,0.4208911339265657,2.1604940059205546e-13
12,9,0.4169060769552389,0.41690607695974746,4.5085601918515295e-12
12,15,0.4038511582929154,0.4038511582931414,2.2598589666245061e-13
12,17,0.4449159128553011,0.4449159128998638,4.456274238506808e-11
12,20,0.43685064908633336,0.43685064909360233,7.2689632091282874e-12
12,25,0.43089484111852466,0.4308948411799457,6.142103492479123e-11
12,33,0.4204615431409044,0.42046154316585743,2.495303963456763e-11
13,3,0.42384446313285057,0.42384446314902025,1.61696767086994e-11
13,5,0.4198534519055538,0.41985345198327473,7.772094079427916e-11
13,8,0.4130872982597818,0.41308729835526137,9.547956869582208e-11
13,10,0.40461418105917896,0.40461418108419933,2.5020374661011147e-11
13,16,0.41036897826300917,0.410368978362458,9.944883805346194e-11
13,18,0.411973087360331,0.41197308758773343,2.2740243021956985e-10
13,21,0.4034128560381761,0.4034128574250297,1.3868535764238743e-09
13,26,0.41294508587211554,0.41294508722263706,1.350521527943016e-09
13,34,0.3977599548494833,0.3977599574028481,2.553364797375224e-09
14,1,0.39889203138029816,0.39889203138029816,0.0
14,6,0.4512802669889528,0.4512802669889528,0.0
14,9,0.4224712903571982,0.422471290357225,2.681188604469753e-14
14,11,0.40489484415804516,0.40489484415804516,0.0
14,19,0.40439250140205346,0.40439250140205346,0.0
14,22,0.39344890092520274,0.3934489009252654,6.267208974009009e-14
14,27,0.4353651550504801,0.4353651550504816,1.4988010832439613e-15
14,35,0.4007814321803666,0.40078143218042855,6.195044477408373e-14
15,2,0.4233270667851193,0.4233270667851331,1.3822276656583199e-14
15,7,0.42011533617938157,0.4201153361793919,1.0325074129013956e-14
15,10,0.4155362755115911,0.4155362755116471,5.601075159233915e-14
15,12,0.42956671463892965,0.42956671463911916,1.8951507030351422e-13
15,20,0.41341848451739915,0.4134184845177431,3.439470930288735e-13
15,23,0.4247767330307212,0.42477673303076924,4.801714581503802e-14
15,28,0.41938648832413195,0.41938648832416203,3.008704396734174e-14
15,36,0.4351282032195909,0.43512820321962403,3.314015728506092e-14
16,3,0.4061760025885847,0.40617600259293724,4.352518345740464e-12
16,8,0.4078332526243171,0.40783325264521053,2.0893453633874515e-11
16,11,0.4167167587402251,0.41671675874189373,1.668609694860379e-12
16,13,0.41783979997618,0.4178398000228093,4.6629311523105343e-11
16,21,0.4198040304314905,0.4198040305981145,1.6662399238143166e-10
16,24,0.4230996870784502,0.4230996870850089,6.5586980291243435e-12
16,29,0.41354549638329136,0.4135454964677056,8.44142533651393e-11
16,37,0.4359767507713832,0.4359767508018785,3.049527297349641e-11
16,50,0.42673070268224844,0.4267307027811606,9.891215624335814e-11
17,4,0.41752386261239494,0.41752386266913893,5.674399838895283e-11
17,9,0.4169407922794668,0.4169407924318433,1.5237650030641703e-10
17,12,0.430023934410757,0.43002393454612803,1.353710477047798e-10
17,22,0.4209859261328032,0.4209859264931359,3.6033265260471126e-10
17,25,0.4164450784266293,0.4164450811155995,2.688970213160502e-09
17,30,0.43867645140700434,0.43867645474950157,3.3424972234463723e-09
17,38,0.41288060593276343,0.41288061460535025,8.672586815361427e-09
17,51,0.40654217908343726,0.4065421969336939,1.7850256661677832e-08
18,5,0.4298930795241144,0.42989307956621975,4.2105374742362756e-11
18,10,0.4073874390045311,0.40738743902101243,1.648131631171168e-11
18,13,0.4231012054973375,0.4231012056210211,1.2368361890224833e-10
18,23,0.4202480767735988,0.42024807678539744,1.1798617638447695e-11
18,26,0.405742819443553,0.4057428198847137,4.411607190668576e-10
18,31,0.434643818204999,0.4346438183210928,1.1609380123900337e-10
18,39,0.3919278600616064,0.3919278606161309,5.545244818883077e-10
18,52,0.40726451058766705,0.407264511075022,4.873549341866124e-10
19,6,0.41222631675537913,0.41222631675538185,2.7200464103316335e-15
19,11,0.42455028454536453,0.42455028454537547,1.0935696792557792e-14
19,14,0.41263228372924604,0.41263228372925365,7.605027718682322e-15
19,24,0.3959379192471146,0.39593791924714744,3.2862601528904634e-14
19,27,0.40871023075628243,0.4087102307562898,7.382983113757291e-15
19,32,0.4199452254415333,0.41994522544154145,8.1601392309949e-15
19,40,0.409956178311092,0.40995617831109743,5.440092820663267e-15
19,45,0.4135056349083984,0.413505634908414,1.559863349598345e-14
19,53,0.4216119257623432,0.42161192576234346,2.7755575615628914e-16
20,7,0.42159651832247197,0.4215965183228769,4.0495384823202585e-13
20,12,0.4189679368067772,0.41896793681435224,7.575051697017443e-12
20,15,0.42675385077047157,0.42675385077089434,4.227729277772596e-13
20,25,0.42907292083373033,0.42907292094848565,1.1475531636051528e-10
20,28,0.41286750680139916,0.4128675068026328,1.2336243138122427e-12
20,33,0.4046344618689605,0.40463446191560654,4.664602037962595e-11
20,41,0.40964994683594563,0.409649946838666,2.720379477239021e-12
20,46,0.4168835275385603,0.41688352778365584,2.450955549626599e-10
20,54,0.425336253308172,0.4253362533530511,4.4879100435935015e-11
21,8,0.42847579986388057,0.42847580035159805,4.877174775153037e-10
21,13,0.430624666457418,0.4306246682063855,1.7489675263604454e-09
21,16,0.4475772244511325,0.44757722495096625,4.998337299610967e-10
21,26,0.43628693044106637,0.43628693835668064,7.915614275155747e-09
21,29,0.4307896559663265,0.43078965873870206,2.772375551352013e-09
21,34,0.41304437896951973,0.4130443951728572,1.6203337449560706e-08
21,42,0.3997577851236581,0.39975779843632836,1.331267024395899e-08
21,47,0.4236833435044364,0.4236833770981009,3.359366446131773e-08
21,55,0.4476324162752371,0.44763245947148644,4.319624935522626e-08
22,9,0.40959338911110804,0.4095933891238936,1.2785550396188228e-11
22,14,0.454635108202962,0.4546351082039988,1.0367817715462024e-12
22,17,0.41241648747018456,0.41241648759636584,1.2618128764074754e-10
22,27,0.4164056028883459,0.4164056028893398,9.939271627956714e-13
22,30,0.4065609926685176,0.406560992881197,2.1267942962310826e-10
22,35,0.41970387199408293,0.4197038720236001,2.951716648880165e-11
22,43,0.4257718136202298,0.42577181392934976,3.0911995185789465e-10
22,48,0.4156343760639279,0.4156343760799675,1.603961408136456e-11
22,56,0.40095356143883537,0.4009535616804517,2.4161633804808957e-10
23,10,0.3975715130519314,0.3975715130529497,1.0182965581861936e-12
23,15,0.4131727476310833,0.4131727476312269,1.43607348235264e-13
23,18,0.4078320464262899,0.4078320464311659,4.875988501851225e-12
23,28,0.42508964899064583,0.42508964899096774,3.2190916599006414e-13
23,31,0.40874059710267563,0.40874059710754135,4.865718938873442e-12
23,36,0.4242698303560251,0.4242698303566105,5.853650897336138e-13
23,44,0.4257690910463458,0.4257690910507616,4.415801058144098e-12
23,49,0.41808351458821136,0.41808351458836607,1.5470957848151556e-13
23,57,0.42633765289749415,0.42633765289901004,1.5158985178231887e-12
24,11,0.42832438469082934,0.4283243846912374,4.080624727009763e-13
24,16,0.4180469545849876,0.4180469545896515,4.66393590414782e-12
24,19,0.40905369080629794,0.40905369080636755,6.961098364399732e-14
24,29,0.4354253006208025,0.4354253006358699,1.5067447289851543e-11
24,32,0.407396275978913,0.4073962759792002,2.87214696470528e-13
24,37,0.42140962605133403,0.4214096260574474,6.113387573947193e-12
24,45,0.4238899407685134,0.42388994076900555,4.921618668163319e-13
24,58,0.43256988776188177,0.43256988776509514,3.213374011323822e-12
25,12,0.43324099247892284,0.4332409926657491,1.8682627667132579e-10
25,17,0.42586988728231473,0.425869889972538,2.690223266377245e-09
25,20,0.4198528523952242,0.4198528527338557,3.3863151172042194e-10
25,30,0.43051822204607315,0.43051822665811756,4.612044413043748e-09
25,33,0.428121682132599,0.4281216834729106,1.3403115839416557e-09
25,38,0.4352014404807694,0.43520145244516334,1.1964393920038674e-08
25,46,0.40843299845097186,0.4084330066580382,8.207066359844362e-09
25,59,0.4130332379215503,0.41303326971690435,3.179535407182854e-08
26,5,0.4008384716050692,0.4008384719954775,3.904083167860506e-10
26,13,0.4266670121208264,0.42666701384673694,1.7259105256073326e-09
26,18,0.4219296431198529,0.4219296442847143,1.1648613740256053e-09
26,21,0.4217918607692792,0.4217918687939516,8.024672371043096e-09
26,31,0.4046198134432347,0.4046198145903536,1.1471188998690707e-09
26,34,0.420724005296799,0.4207240214083827,1.6111583733824375e-08
26,39,0.4126378474183846,0.41263785743908354,1.0020698937296402e-08
26,47,0.41153020108150096,0.4115302345184926,3.343699161995062e-08
26,60,0.43194243404743804,0.4319424753117373,4.126429925532804e-08
27,6,0.41851163084104837,0.41851163084104837,0.0
27,14,0.3975618205510524,0.3975618205510524,0.0
27,19,0.40239098464957046,0.40239098464957046,0.0
27,22,0.43258443251472717,0.4325844325147656,3.8413716652030416e-14
27,32,0.4468743118488503,0.4468743118488503,0.0
27,35,0.4335325314795886,0.4335325314796263,3.7692071686024065e-14
27,40,0.4398027892422052,0.4398027892422052,0.0
27,48,0.4077334612740564,0.40773346127407606,1.965094753586527e-14
27,61,0.42072504678735323,0.42072504678736095,7.716050021144838e-15
28,7,0.4156404963461491,0.4156404963461751,2.603472992745992e-14
28,15,0.42384822844867653,0.4238482284487051,2.858824288409778e-14
28,20,0.4443222807690812,0.4443222807699938,9.126033262418787e-13
28,23,0.43819565369951335,0.4381956536995963,8.293365993949919e-14
28,33,0.4282967155431564,0.42829671554644283,3.286426686344157e-12
28,36,0.4373750666464033,0.43737506664646203,5.873079800267078e-14
28,41,0.43032583507319305,0.4303258350733695,1.7646994976416863e-13
28,49,0.401907006540161,0.4019070065401791,1.8096635301390052e-14
28,62,0.42560219724408627,0.4256021972442156,1.2934098236883074e-13
29,8,0.3989257281564629,0.3989257282973787,1.4091583455666523e-10
29,16,0.42730376928037384,0.42730376942898984,1.4861600838855793e-10
29,21,0.4105671895477014,0.41056719134209263,1.7943912467011103e-09
29,24,0.414049397122494,0.4140493971587629,3.6268876790757076e-11
29,34,0.42921179183646135,0.4292117947883059,2.9518445465726018e-09
29,37,0.425629350502935,0.4256293507045314,2.015964062351827e-10
29,42,0.42393072022435924,0.4239307231147637,2.8904044713229382e-09
29,50,0.4299809416160315,0.42998094233613776,7.201062524053725e-10
29,63,0.40679794346131415,0.40679794793263174,4.471317593957025e-09
30,9,0.40652567119553656,0.406525671465125,2.695884626646716e-10
30,17,0.42307949416149704,0.42307949763060193,3.469104892239727e-09
30,22,0.40314615719513724,0.40314615783279223,6.37654984370073e-10
30,25,0.41453795490595835,0.4145379596905805,4.7846221429281854e-09
30,35,0.39803121705341127,0.39803121768223443,6.288231602091798e-10
30,38,0.3966164075805515,0.396616423104774,1.5524222518603636e-08
30,43,0.43327636232918765,0.4332763710454667,8.716279031872887e-09
30,51,0.4190134876315468,0.41901351960901845,3.1977471670607827e-08
30,64,0.4263318146615919,0.4263318542544518,3.959285987953365e-08
31,10,0.40619196731081897,0.40619196732705615,1.6237178268596608e-11
31,18,0.386977962514756,0.3869779626298728,1.15116749466182e-10
31,23,0.40269975074033604,0.40269975075197556,1.163952267901891e-11
31,26,0.41671038825702134,0.41671038868882687,4.318055357721562e-10
31,36,0.41004436556284696,0.41004436557094787,8.100908832631148e-12
31,39,0.41391997611071857,0.41391997665340463,5.426860627544272e-10
31,44,0.42335874917773053,0.4233587492810665,1.0333595090727954e-10
31,52,0.42713839004651494,0.42713839052348046,4.769655226333214e-10
31,65,0.41954364972926933,0.4195436500202029,2.9093355502496365e-10
32,11,0.4318536187478414,0.43185361874790296,6.156186671546493e-14
32,19,0.41488502162212915,0.41488502162214125,1.2101430968414206e-14
32,24,0.4197728697024262,0.41977286970262345,1.9723112032465906e-13
32,27,0.40860738178640216,0.4086073817864312,2.9032332093947844e-14
32,37,0.43951572073007134,0.43951572073076123,6.898925875020723e-13
32,40,0.43781121304662557,0.4378112130466472,2.1649348980190553e-14
32,45,0.43693403770333417,0.43693403770341227,7.810418978237976e-14
32,53,0.4103428592518544,0.41034285925186276,8.382183835919932e-15
32,66,0.4219522721825622,0.4219522721826058,4.3576253716537394e-14
33,12,0.4138242761983376,0.41382427624969514,5.135752934037896e-11
33,20,0.41917567584928156,0.41917567594212224,9.284067958859055e-11
33,25,0.4072457651176424,0.4072457660724051,9.547627133343894e-10
33,28,0.4145863806834533,0.41458638069143844,7.985112571162745e-12
33,38,0.4238791679919261,0.42387917085917953,2.8672534346796397e-09
33,41,0.42887043651903367,0.4288704365354641,1.6430412586032617e-11
33,46,0.4315788559104684,0.43157885800639256,2.0959241564533215e-09
33,54,0.4176561406064743,0.4176561409172038,3.1072949768784497e-10
33,67,0.42479341865437686,0.42479342196085884,3.306481977105591e-09
34,13,0.41965069757572115,0.4196507061981509,8.622429770177575e-09
34,21,0.41552431276775575,0.41552436033893597,4.757118021725404e-08
34,26,0.4378039337226294,0.4378039806180852,4.689545579639187e-08
34,29,0.4172006382826052,0.4172006501552987,1.1872693550518676e-08
34,39,0.4217230651066982,0.4217231256600815,6.05533833075711e-08
34,42,0.4789995364618186,0.4789996177733946,8.131157602786487e-08
34,47,0.40304220291298043,0.4030426047218,4.0180881955009795e-07
34,55,0.4206076682579619,0.42060821806452847,5.498065665521246e-07
34,68,0.4228646358033648,0.4228659457443696,1.3099410047789917e-06
35,14,0.4157226665511069,0.4157226665521321,1.0251799409388695e-12
35,22,0.4166561724445743,0.41665617247419184,2.9617530650227764e-11
35,27,0.41894856927798574,0.4189485692789687,9.829359548518823e-13
35,30,0.41728152142766706,0.41728152163793164,2.1026458352224608e-10
35,40,0.4280545574165455,0.4280545574172781,7.325806627989095e-13
35,43,0.40225635256319814,0.4022563528688089,3.0561075892165945e-10
35,48,0.4032170615117839,0.40321706152764153,1.58576485276285e-11
35,56,0.409033751617148,0.40903375185602064,2.388726438873334e-10
35,69,0.4325593087305728,0.4325593088630193,1.3244649821331222e-10
36,15,0.43534277045036235,0.435342770450462,9.96425164601078e-14
36,23,0.45840254859689505,0.4584025485974715,5.764277943853813e-13
36,28,0.4566839379006979,0.45668393790092077,2.2287727219350018e-13
36,31,0.42451324960918785,0.42451324961253806,3.3502089991088724e-12
36,41,0.39659871491824805,0.3965987149186552,4.0717429428127616e-13
36,44,0.4367073387731592,0.43670733877619955,3.040345752935991e-12
36,49,0.4173366535971722,0.4173366535972796,1.074140776324839e-13
36,57,0.4184727339263443,0.4184727339273889,1.0445533327185785e-12
36,70,0.42291904501378386,0.4229190450141364,3.5255132146971846e-13
37,16,0.43030237379430475,0.43030237382620945,3.190470110325805e-11
37,24,0.4259428258116862,0.42594282582068627,9.000078460275063e-12
37,29,0.4342310996306959,0.43423109974977125,1.1907536068278546e-10
37,32,0.4137288665448442,0.41372886654641644,1.5722423363229154e-12
37,42,0.4336837113712669,0.43368371173931286,3.6804598257944576e-10
37,45,0.42477062868981824,0.42477062869239146,2.5732194153249566e-12
37,50,0.4230455515241175,0.42304555166275315,1.3863565850869009e-10
37,58,0.43043759386689556,0.430437593885994,1.909844504766056e-11
37,71,0.43038598352363105,0.4303859836769812,1.533501658990133e-10
38,17,0.41838915342326105,0.4183891788780351,2.5454774066346886e-08
38,25,0.4210079371414502,0.4210079722554764,3.5114026242233365e-08
38,30,0.41305329117967443,0.41305333571126057,4.453158614081687e-08
38,33,0.4084091621049561,0.4084091728160111,1.0711054987400104e-08
38,43,0.4235066093528587,0.4235066751453145,6.579245576121551e-08
38,46,0.4237289316270929,0.42372901260782286,8.098072995510464e-08
38,51,0.42352987184116975,0.4235302805631136,4.08721943845336e-07
38,59,0.4282995173151629,0.4283000730739549,5.557587919868823e-07
38,72,0.41112451492840413,0.41112584735443314,1.3324260290104029e-06
39,18,0.4189870425163725,0.4189870440165688,1.5001963005190078e-09
39,26,0.4150739595934576,0.41507396973038124,1.0136923633830008e-08
39,31,0.4229439263447279,0.4229439278219568,1.4772288947639822e-09
39,34,0.40805533100799407,0.40805535192281583,2.0914821763362568e-08
39,44,0.41448744425536765,0.4144874455932663,1.3378986252199354e-09
39,47,0.4040180999929356,0.40401814342124537,4.342830978165679e-08
39,52,0.3972484525004976,0.3972484638863971,1.1385899501004104e-08
39,60,0.42050475542304555,0.4205048090261631,5.3603117555756086e-08
39,73,0.42420988992243147,0.42420993203596363,4.211353216154734e-08
40,19,0.4147715952728969,0.4147715952728969,0.0
40,27,0.42462868335008525,0.42462868335008525,0.0
40,32,0.42518988611678316,0.42518988611678316,0.0
40,35,0.4244858004465168,0.4244858004465574,4.063416270128073e-14
40,48,0.4200632484941158,0.42006324849413756,2.1760371282653068e-14
40,53,0.4095119919841532,0.4095119919841532,0.0
40,61,0.3973881008305279,0.39738810083053644,8.548717289613705e-15
40,74,0.42464988069671633,0.4246498806967185,2.1649348980190553e-15
41,20,0.43708198894015304,0.4370819889411046,9.515721544062217e-13
41,28,0.43028792116284176,0.4302879211629273,8.554268404736831e-14
41,33,0.4330823547488978,0.4330823547522347,3.3369418339646018e-12
41,36,0.41244176634925445,0.4124417663493128,5.834221994405198e-14
41,49,0.3998697169235925,0.3998697169236087,1.6153745008296028e-14
41,54,0.4362315524430972,0.4362315524462442,3.1469826744512375e-12
41,62,0.4120798158946297,0.4120798158947683,1.3855583347321954e-13
41,75,0.42901383655087233,0.4290138365542751,3.4027780593248735e-12
42,21,0.3934829038676148,0.3934829179164258,1.4048811003419814e-08
42,29,0.4305740288994789,0.430574033631553,4.732074121438501e-09
42,34,0.43337788662902377,0.433377915201942,2.8572918253644275e-08
42,37,0.42693049476689876,0.4269304959212247,1.1543259126334249e-09
42,50,0.41086997001960823,0.410869974444512,4.424903776722999e-09
42,55,0.4387442155555238,0.4387442920761686,7.652064482055465e-08
42,63,0.434527719237789,0.4345277554447764,3.620698740824935e-08
42,76,0.4345207430091996,0.4345208711117783,1.2810257871143094e-07
43,22,0.4436493019137068,0.44364930286054677,9.468399952972106e-10
43,30,0.40769455087648215,0.40769455972942076,8.852938604420046e-09
43,35,0.4098991911230597,0.4098991920567929,9.337332018688471e-10
43,38,0.4204639439552597,0.4204639671043138,2.3149054062532315e-08
43,51,0.41865465963664733,0.41865470733364135,4.7696994021073635e-08
43,56,0.4123961747285805,0.4123961848514091,1.0122828630887426e-08
43,64,0.4155556652086505,0.41555572428655246,5.9077901959359025e-08
43,77,0.4481955766460248,0.4481956231315871,4.6485562343878684e-08
44,23,0.4090544464200451,0.40905444643058847,1.0543343975655262e-11
44,31,0.41966773642433663,0.4196677365276013,1.032646745890986e-10
44,36,0.4146490212264594,0.414649021233797,7.337574992050122e-12
44,39,0.4112139414657437,0.4112139419572437,4.915000073602016e-10
44,52,0.414937315528247,0.4149373159602257,4.319787305639977e-10
44,57,0.4017157307463852,0.4017157307745288,2.8143598562735406e-11
44,65,0.42243843507361334,0.42243843533709735,2.6348401238607266e-10
44,78,0.4131769206817235,0.4131769207923426,1.106190694599718e-10
45,19,0.42858557867021413,0.42858557867023317,1.9040324872321435e-14
45,24,0.4152047115649743,0.41520471156526984,2.9554136915521667e-13
45,32,0.43601404082765677,0.4360140408277253,6.855627177060342e-14
45,37,0.39837729753436124,0.39837729753533996,9.787171073583067e-13
45,53,0.4010695299015944,0.40106952990160727,1.2878587085651816e-14
45,58,0.42366771972919287,0.4236677197298639,6.710187960834446e-13
45,66,0.42346279477232596,0.42346279477239945,7.349676423018536e-14
45,79,0.4283426397220358,0.4283426397226036,5.678235659445363e-13
46,20,0.42996693080231974,0.42996693160087296,7.985532235466053e-10
46,25,0.4198182819865635,0.4198182908405858,8.854022293114383e-09
46,33,0.4078865887257037,0.40788659190825866,3.1825549418051935e-09
46,38,0.40770605547954936,0.4077060843836393,2.8904089954817636e-08
46,54,0.42391646535953637,0.42391646804820465,2.688668288008955e-09
46,59,0.4121955600064906,0.41219563706921203,7.706272142637971e-08
46,67,0.4130660577669764,0.4130660887794415,3.1012465095958675e-08
46,80,0.4247824327266647,0.42478256292195493,1.301952902155179e-07
47,21,0.4180305033387121,0.418030611329429,1.0799071686884432e-07
47,26,0.41582028511439184,0.41582039160759615,1.0649320431044274e-07
47,34,0.409188954305051,0.4091893678108187,4.135057677379095e-07
47,39,0.4021193353066836,0.40211947286773014,1.375610465537136e-07
47,55,0.4052090119708963,0.4052102766794971,1.2647086007899766e-06
47,60,0.4018126669741778,0.40181389156638025,1.2245922024756162e-06
47,68,0.41190966191030626,0.41191268449262497,3.022582318712441e-06
47,81,0.4336912443533827,0.4336950278383463,3.7834849636042556e-06
48,22,0.4374260648714631,0.4374260648867455,1.5282386467418974e-11
48,27,0.40692948573794185,0.406929485738449,5.071498776487715e-13
48,35,0.42791465342110635,0.4279146534361641,1.5057732838386073e-11
48,40,0.4200190888396752,0.42001908884005346,3.7825298448979083e-13
48,56,0.4134085749846196,0.413408575107878,1.232584034838169e-10
48,61,0.4294827520672627,0.42948275207065073,3.388012093097359e-12
48,69,0.4377738485401845,0.43777384860852586,6.834138810418722e-11
48,82,0.4095145345129748,0.40951453453922876,2.6253943463672158e-11
49,23,0.43384498279858796,0.43384498279869993,1.1196599203344704e-13
49,28,0.43309942862820594,0.4330994286282589,5.295763827461997e-14
49,36,0.4244460084842214,0.4244460084843001,7.865930129469234e-14
49,41,0.4043237065394141,0.4043237065395132,9.914291609902648e-14
49,57,0.42251108939455406,0.42251108939473814,1.8407497748285095e-13
49,62,0.43358067083569685,0.43358067083576274,6.589173651150304e-14
49,70,0.4196746005109078,0.41967460051097294,6.511458039426543e-14
49,83,0.4139188786881856,0.413918878688256,7.038813976123492e-14
50,16,0.40991037345243364,0.4099103735779866,1.2555295691996093e-10
50,29,0.42379227425801164,0.4237922747537911,4.957794730309217e-10
50,37,0.4196516224135767,0.41965162258154254,1.6796586344014486e-10
50,42,0.42991666842740667,0.42991667004332906,1.6159223958922553e-09
50,58,0.4099030214464509,0.40990302151694175,7.049083539101275e-11
50,63,0.44871783526013886,0.44871783770183726,2.441698399024972e-09
50,71,0.4111373817391544,0.4111373823638554,6.247010131410491e-10
50,84,0.4127193853892914,0.4127193882342426,2.844951163538667e-09
51,17,0.40525701467443187,0.40525707027212055,5.559768867513526e-08
51,30,0.42246575761713934,0.4224658549104113,9.729327193896964e-08
51,38,0.41616527034215134,0.41616568826798106,4.179258297209998e-07
51,43,0.39835407723516647,0.39835422099751017,1.4376234369617436e-07
51,59,0.4288465998908,0.428847820280994,1.2203901940122108e-06
51,64,0.4440269875485722,0.44402817609653034,1.1885479581086322e-06
51,72,0.4205629898654287,0.42056592315506686,2.933289638129555e-06
51,85,0.4222877770656359,0.42229152817782384,3.751112187921901e-06
52,18,0.4143680285381768,0.41436802985607957,1.3179027869014703e-09
52,31,0.4073320456743834,0.407332046972097,1.2977136032432668e-09
52,39,0.42765210186972646,0.4276521132871567,1.1417430223481517e-08
52,44,0.4292459636251913,0.4292459648005075,1.1753161777150467e-09
52,60,0.4067133377220211,0.4067133850029715,4.7280950377093234e-08
52,65,0.42015132981372105,0.42015133540791844,5.594197383107513e-09
52,73,0.4162452766808984,0.416245313820467,3.713956858719669e-08
52,86,0.41918727373338244,0.4191872941771498,2.0443767345668107e-08
53,19,0.4204472502818733,0.4204472502818733,0.0
53,32,0.42437634937052854,0.42437634937052854,0.0
53,40,0.4104289571995703,0.41042895719957245,2.1649348980190553e-15
53,45,0.41688396114988807,0.416883961149893,4.9404924595819466e-15
53,61,0.4270314995835411,0.427031499583567,2.5923707624997405e-14
53,66,0.4238587032685132,0.4238587032685152,1.9984014443252818e-15
53,74,0.3971068532374015,0.3971068532374085,6.994405055138486e-15
53,87,0.42474756264870744,0.42474756264870833,8.881784197001252e-16
54,20,0.4351856541427618,0.4351856541911825,4.8420711884489265e-11
54,33,0.4149631807511631,0.41496318091726525,1.661021320487066e-10
54,41,0.425141831584512,0.425141831594203,9.690970248499298e-12
54,46,0.40173836398270407,0.4017383648552827,8.725786204699659e-10
54,62,0.4494540608347826,0.4494540608419963,7.213674102501955e-12
54,67,0.41286462102802785,0.4128646223942653,1.3662374565015512e-09
54,75,0.4183952964210761,0.41839529659388014,1.728040488480076e-10
54,88,0.4165578977340658,0.41655789935191534,1.6178495210183996e-09
55,21,0.4146691546977103,0.4146693069652395,1.5226752919650366e-07
55,34,0.41305288497943515,0.4130534842756707,5.992962355261255e-07
55,42,0.4097554818802274,0.40975574306967,2.61189442574139e-07
55,47,0.4138700498866577,0.41387139171416987,1.3418275121579448e-06
55,63,0.43295914774648153,0.4329595667073362,4.189608546756318e-07
55,68,0.41215387914833335,0.4121583632148281,4.484066494780947e-06
55,76,0.43431110805165185,0.43431440531439425,3.2972627423966117e-06
55,89,0.4347232437448625,0.43473161631603824,8.372571175752075e-06
56,22,0.41604429589249453,0.41604429662991244,7.374179045172014e-10
56,35,0.4195420716354575,0.4195420723626675,7.272100144284366e-10
56,43,0.41414610253362355,0.4141461126351418,1.0101518232996654e-08
56,48,0.4031511638335084,0.4031511642235542,3.9004577345735925e-10
56,64,0.4143352247249198,0.41433527073008897,4.6005169174190286e-08
56,69,0.4302768795096243,0.4302768837659701,4.256345831343822e-09
56,77,0.40322199168859524,0.4032220278882337,3.6199638453471294e-08
56,90,0.41172681015430496,0.41172683007832256,1.9924017602424016e-08
57,23,0.4237963156065823,0.4237963156095395,2.957190048391567e-12
57,36,0.4500419129623004,0.4500419129643616,2.0611845563678344e-12
57,44,0.41043469318167325,0.4104346932060863,2.4413027155389955e-11
57,49,0.414983155525989,0.41498315552645354,4.645173135031655e-13
57,65,0.4146314905129655,0.4146314905784258,6.54603038441337e-11
57,70,0.4239244215379221,0.4239244215401553,2.2332136140335024e-12
57,78,0.4271233090480156,0.427123309075837,2.7821411840989185e-11
57,91,0.4105941333815129,0.4105941333897965,8.283596031333218e-12
58,24,0.40756274325446185,0.4075627432571685,2.7066682228849004e-12
58,37,0.4123680325314512,0.41236803254155774,1.0106526726616494e-11
58,45,0.4187862451917407,0.4187862451927357,9.950373858202965e-13
58,50,0.41824519853474396,0.4182451985632392,2.8495261705785424e-11
58,66,0.41492281570952966,0.4149228157100682,5.385691892456634e-13
58,71,0.4501200991874385,0.45012009921870566,3.126715553136705e-11
58,79,0.4315886170247949,0.4315886170299273,5.132394509388405e-12
58,92,0.4253637793864045,0.42536377941490355,2.849903646406915e-11
59,25,0.4358377769374735,0.43583788448962074,1.0755214724378348e-07
59,38,0.40657333860211053,0.4065739346669711,5.960648605807251e-07
59,46,0.42644008799312516,0.4264403366002283,2.486071031260195e-07
59,51,0.38863655498274685,0.388637835904413,1.2809216661247014e-06
59,67,0.4367249001917076,0.43672529745397853,3.97262270912524e-07
59,72,0.40819552693839795,0.4081997861569267,4.259218528757103e-06
59,80,0.4335826122595642,0.4335858003278561,3.1880682919149805e-06
59,93,0.4036683713092089,0.4036763627508561,7.991441647203779e-06
60,26,0.43607486216376606,0.43607500842463476,1.462608686941813e-07
60,39,0.4015090274834576,0.4015092165003305,1.8901687287575797e-07
60,47,0.397335563003027,0.39733687598172374,1.3129786967103207e-06
60,52,0.4437403425403886,0.44374050875914456,1.6621875598143987e-07
60,68,0.4105779071493092,0.4105823130134046,4.405864095391454e-06
60,73,0.40361772239557464,0.40361899008721835,1.2676916437137642e-06
60,81,0.43457451354308935,0.43458001135747776,5.497814388411015e-06
60,94,0.4190897781459513,0.4190941049370052,4.326791053943513e-06
61,27,0.4117974313620832,0.4117974313622876,2.0439205883349132e-13
61,40,0.4058273724011046,0.4058273724012569,1.5226708782734022e-13
61,48,0.42420591358889137,0.42420591359218857,3.297195849683021e-12
61,53,0.42457839794812446,0.4245783979481602,3.574918139293004e-14
61,69,0.41624955069656927,0.4162495507241164,2.754713124275554e-11
61,74,0.42802528920665733,0.4280252892070481,3.9074299351682384e-13
61,82,0.4349250796017478,0.4349250796123295,1.058170218115606e-11
61,95,0.43705716198935396,0.43705716199105266,1.6986967388277208e-12
62,28,0.40477329992112016,0.40477329992113026,1.0103029524088925e-14
62,41,0.41219087334419213,0.4121908733442125,2.0372592501871623e-14
62,49,0.4255984769520367,0.42559847695203845,1.7763568394002505e-15
62,54,0.4042439758985414,0.40424397589895966,4.1827652452752773e-13
62,70,0.4397749810273241,0.4397749810273337,9.603429163007604e-15
62,75,0.43425559943609127,0.43425559943654396,4.526934382909076e-13
62,83,0.4103574224706842,0.41035742247069706,1.2878587085651816e-14
62,96,0.4179042710285859,0.4179042710290014,4.1550096696596484e-13
63,29,0.42679482439534144,0.4267948319666911,7.57134965834183e-09
63,42,0.42618827482525884,0.4261883120816268,3.7256367935167845e-08
63,50,0.3986661599277745,0.3986661669704397,7.042665228773615e-09
63,55,0.42133509051549567,0.42133521511038147,1.245948857975243e-07
63,71,0.4308579740008159,0.4308579818509325,7.850116612306834e-09
63,76,0.424821449638927,0.424821658337097,2.086981700233359e-07
63,84,0.41723207646570165,0.4172321457503505,6.928464885147534e-08
63,97,0.4178901689624378,0.4178904168234751,2.4786103730578546e-07
64,30,0.41843844221219373,0.4184385766457319,1.34433538190315e-07
64,43,0.4279091154254422,0.4279093141618989,1.9873645673573748e-07
64,51,0.41099673696476674,0.41099800647933243,1.2695145656937967e-06
64,56,0.4149872903448754,0.414987445260752,1.5491587657123773e-07
64,72,0.40638475412468217,0.4063890032050551,4.249080372942249e-06
64,77,0.4203928841615155,0.420394114772453,1.2306109374859986e-06
64,85,0.4018787542500546,0.40188417540437354,5.4211543189519595e-06
64,98,0.41388336667336717,0.4138876650481023,4.298374735145494e-06
65,31,0.40946321167867783,0.40946321237473216,6.960543252887419e-10
65,44,0.4377924119025043,0.4377924125329401,6.304358146635991e-10
65,52,0.41209058869376036,0.41209059384929664,5.155536275669448e-09
65,57,0.4224285920488463,0.4224285922217347,1.7288837028672788e-10
65,73,0.4301183652279776,0.4301183837548695,1.8526891909509402e-08
65,78,0.4350927932441353,0.43509279433105225,1.086916945336469e-09
65,86,0.423350146441672,0.42335015668370984,1.024203782895583e-08
65,99,0.42849501029200354,0.42849501376846183,3.4764582879098782e-09
66,32,0.4273680159500646,0.42736801595009216,2.758904216193514e-14
66,45,0.42577463553148437,0.42577463553153605,5.168088179630104e-14
66,53,0.4198977908461942,0.41989779084620144,7.216449660063518e-15
66,58,0.4432507546148127,0.4432507546150442,2.3148150063434514e-13
66,74,0.44045171705383634,0.4404517170539012,6.483702463810914e-14
66,79,0.419584560732909,0.4195845607331055,1.965094753586527e-13
66,87,0.4061440787778644,0.4061440787778915,2.708944180085382e-14
66,100,0.4264869104068497,0.4264869104069956,1.4588330543574557e-13
67,33,0.41475129365484553,0.4147512987735544,5.118708845675002e-09
67,46,0.4265485248651835,0.4265485564492721,3.1584088566738444e-08
67,54,0.42210682327218335,0.4221068275911215,4.318938151559593e-09
67,59,0.4233517337073663,0.4233518581835973,1.2447623098932326e-07
67,75,0.40871957919586893,0.40871958386999646,4.674127529469274e-09
67,80,0.4166382077368673,0.4166384181511265,2.104142591830005e-07
67,88,0.40842327251245425,0.40842333209635795,5.958390369986688e-08
67,101,0.4270551614258878,0.42705540818718873,2.4676130094825055e-07
68,34,0.40007471736879563,0.4000818120441505,7.094675354868407e-06
68,47,0.4245798583861604,0.42459614074431073,1.6282358150321308e-05
68,55,0.4110318439138053,0.4110553929319711,2.3549018165758273e-05
68,60,0.42124390406145373,0.42126693035956914,2.30262981154028e-05
68,76,0.4110060212858786,0.4110503180297954,4.429674391681626e-05
68,81,0.43460252130345484,0.4347612900971216,0.00015876879366677477
68,89,0.39264463113307013,0.3929320479946153,0.00028741686154515333
68,102,0.417382339754843,0.41781305528939344,0.0004307155345504299
69,35,0.41895016639349736,0.4189501667676852,3.741878473739746e-10
69,48,0.41765346714448537,0.41765346734528447,2.0079909957004816e-10
69,56,0.41080482708338734,0.4108048311020585,4.01867117361121e-09
69,61,0.41487001674510393,0.41487001682771957,8.261563655409532e-11
69,77,0.4180377047309495,0.4180377230020152,1.8271065715946833e-08
69,82,0.42731523920647196,0.4273152400175073,8.110353499901635e-10
69,90,0.4321343048254366,0.43213431488889076,1.0063454181086229e-08
69,103,0.43225455621091713,0.43225455904709187,2.8361747395067027e-09
70,36,0.455102502992,0.4551025029925669,5.668798763736049e-13
70,49,0.4219608171202232,0.42196081712035627,1.33060229501325e-13
70,57,0.42222468494602616,0.42222468494796245,1.9362844660975043e-12
70,62,0.4206726430531969,0.42067264305348767,2.907674101493285e-13
70,78,0.40983945828378615,0.4098394582906456,6.8594574464952984e-12
70,83,0.4526765884725883,0.4526765884729346,3.463340725318176e-13
70,91,0.4037881705180464,0.4037881705201869,2.140509991477302e-12
70,104,0.4139316287071136,0.4139316287076309,5.173084183240917e-13
71,37,0.399003783796504,0.39900378398394515,1.8744117369351443e-10
71,50,0.4280079392860026,0.42800793991609454,6.300919230817215e-10
71,58,0.4227749387216231,0.4227749388000494,7.842632099297475e-11
71,63,0.4160035458825563,0.4160035486187798,2.736223525534598e-09
71,79,0.40306613567671656,0.4030661357427282,6.601164059816256e-11
71,84,0.4182052165517176,0.41820521974010433,3.1883867213089445e-09
71,92,0.4166246712446817,0.41662467188126356,6.365818427944703e-10
71,105,0.42003544157900585,0.4200354443274759,2.7484700626523306e-09
72,38,0.4388417644248046,0.4388487794816342,7.0150568295956894e-06
72,51,0.44606031089104914,0.44607568129262815,1.537040157900682e-05
72,59,0.41170026100067536,0.411722121647911,2.186064723563863e-05
72,64,0.40963932943620207,0.4096609669939497,2.1637557747644642e-05
72,80,0.41853196123999037,0.4185742923390958,4.233109910545263e-05
72,85,0.41590847938666503,0.41606182985455725,0.0001533504678922215
72,93,0.4352789681937209,0.4355488282248289,0.0002698600311079602
72,106,0.4032615377415807,0.4036649167819938,0.0004033790404130988
73,39,0.42898417924871546,0.42898431183384056,1.3258512510105902e-07
73,52,0.42193959917317053,0.4219397157456439,1.1657247334095899e-07
73,60,0.40918858140583747,0.4091897594119987,1.1780061612287618e-06
73,65,0.4409755929604968,0.44097565409852263,6.113802580864913e-08
73,81,0.41830415882840605,0.4183077948579638,3.6360295577742008e-06
73,86,0.4137815215606348,0.4137819673414699,4.4578083507884614e-07
73,94,0.4164634232509912,0.4164662762958034,2.853044812178851e-06
73,107,0.4171906599096571,0.41719186052783647,1.2006181793755566e-06
74,40,0.4134470424640024,0.4134470424640426,4.0245584642661925e-14
74,53,0.45261316637182314,0.45261316637183246,9.325873406851315e-15
74,61,0.4277163482133519,0.42771634821371435,3.6243230638888235e-13
74,66,0.4310308664136755,0.43103086641370175,2.6256774532384952e-14
74,82,0.416446678968289,0.41644667897112314,2.8341218261118684e-12
74,87,0.42328376347770413,0.42328376347772884,2.4702462297909733e-14
74,95,0.4190961732653999,0.41909617326585197,4.5208281562736374e-13
74,108,0.4181925551323099,0.41819255513234643,3.652633751016765e-14
75,41,0.41298078748936384,0.412980787499881,1.0517142712274108e-11
75,54,0.41127356461449754,0.41127356478796734,1.7346979408472407e-10
75,62,0.4211434746774589,0.42114347468528734,7.828460102388135e-12
75,67,0.4141002566161713,0.41410025809916756,1.482996281332305e-09
75,83,0.4297515099180358,0.4297515099253503,7.314482353137919e-12
75,88,0.40502911663985564,0.405029118395974,1.7561183618397536e-09
75,96,0.4121784518757289,0.4121784520477541,1.7202522739623305e-10
75,109,0.4164718551730725,0.4164718566487826,1.475710109666295e-09
76,42,0.4132960892357804,0.4132965705257593,4.812899789263803e-07
76,55,0.4044099791739819,0.4044134584026482,3.4792286662810312e-06
76,63,0.4229240475610096,0.42292482035041445,7.727894048570327e-07
76,68,0.41343134094454326,0.41343995402686545,8.613082322195265e-06
76,84,0.44177413617977684,0.4417750631394539,9.269596770722366e-07
76,89,0.43272218007636887,0.43273827966685424,1.609959048537446e-05
76,97,0.41011578564854445,0.4101232308044369,7.44515589246042e-06
76,110,0.410505223167937,0.4105256529731958,2.0429805258848077e-05
77,43,0.4138604960208073,0.41386063496729114,1.3894648381862496e-07
77,56,0.4424075821621422,0.442407690478609,1.0831646679587692e-07
77,64,0.42307188698617426,0.4230730337550234,1.1467688491584305e-06
77,69,0.4260520181680017,0.42605207486309504,5.669509334227385e-08
77,85,0.4051899098030944,0.40519352450163104,3.6146985366580786e-06
77,90,0.42465194570723325,0.4246523980416189,4.523343856699391e-07
77,98,0.4264804410259546,0.42648329835401266,2.8573280580479476e-06
77,111,0.4096529449691651,0.4096541606870282,1.2157178631011512e-06
78,44,0.4094512487218389,0.4094512489455171,2.2367818708346476e-10
78,57,0.41116782853419787,0.41116782859632084,6.212297343211048e-11
78,65,0.4134609905277175,0.4134609915075952,9.798776789970987e-10
78,70,0.3994443075261674,0.3994443075430737,1.690630968553819e-11
78,86,0.4155467917611947,0.41554679510893194,3.347737254077998e-09
78,91,0.4202448721283556,0.4202448721994729,7.11172787326575e-11
78,99,0.4317470935581738,0.4317470947338802,1.1757063655970512e-09
78,112,0.41716165235225305,0.4171616525439059,1.916528602485812e-10
79,45,0.42219434972830827,0.4221943497291463,8.380518501382994e-13
79,58,0.42052223321652055,0.42052223322162924,5.108691247812658e-12
79,66,0.4186640564037334,0.41866405640418647,4.530820163495264e-13
79,71,0.40267901019167074,0.40267901021790364,2.623290473735551e-11
79,87,0.40679778584974313,0.4067977858500943,3.51163542688937e-13
79,92,0.40779974713882017,0.407799747162731,2.3910817770200765e-11
79,100,0.4132391108606596,0.41323911086383014,3.1705194025732908e-12
79,113,0.4165406985458633,0.4165406985626012,1.6737888852702554e-11
80,46,0.4188405496175635,0.4188410234478899,4.7383032641956646e-07
80,59,0.4226277117070321,0.42263111072798315,3.3990209510337266e-06
80,67,0.4171024003467275,0.41710315790555197,7.575588244490561e-07
80,72,0.42110128805556407,0.421109746883067,8.458827502944022e-06
80,88,0.4240779845966293,0.42407889607833305,9.114817037247924e-07
80,93,0.4195303453882192,0.41954624287357917,1.5897485359961383e-05
80,101,0.41417733050741484,0.4141846729898403,7.342482425454211e-06
80,114,0.40520857146941847,0.4052290475038135,2.047603439503387e-05
81,47,0.4305939543332547,0.43061026275597875,1.630842272404287e-05
81,60,0.4164588615580969,0.41648181938149487,2.295782339795105e-05
81,68,0.3961745194539014,0.39631478386383484,0.0001402644099334216
81,73,0.41124391252906245,0.4112596105874463,1.5698058383861735e-05
81,89,0.4188837632793926,0.4191568219000247,0.00027305862063209396
81,94,0.4237504304860263,0.4238869059660608,0.0001364754800345369
81,102,0.40405172679840196,0.40444752959061425,0.0003958027922122964
81,115,0.4069327717521347,0.4072045389099787,0.00027176715784399397
82,48,0.4324670337403115,0.43246703381146856,7.115708022809031e-11
82,61,0.4376112461409057,0.43761124617018843,2.928274289715205e-11
82,69,0.40026254489445207,0.40026254565776426,7.633121912320462e-10
82,74,0.4217199889897646,0.42171998899800317,8.238576487684668e-12
82,90,0.41702816638198587,0.41702816988776586,3.5057799996351946e-09
82,95,0.4272413876594203,0.4272413876960405,3.6620151355748476e-11
82,103,0.3965454966574729,0.3965454976540765,9.966035774411353e-10
82,116,0.4221206703957258,0.4221206705016898,1.0596395982886975e-10
83,49,0.407376013211441,0.40737601321146033,1.9317880628477724e-14
83,62,0.42354413160426446,0.42354413160432036,5.589972928987663e-14
83,70,0.4066622375526702,0.40666223755273423,6.400435736964027e-14
83,75,0.42986448266805594,0.4298644826699785,1.9225732117433836e-12
83,91,0.4313282713445684,0.4313282713447688,2.0039525594484076e-13
83,96,0.4231681922181781,0.42316819221994284,1.7647550087929176e-12
83,104,0.42023844760715046,0.42023844760723167,8.12128142513302e-14
83,117,0.4326313523729676,0.4326313523741034,1.1357581541915351e-12
84,50,0.4288407566791684,0.428840765089534,8.410365626154714e-09
84,63,0.4102598213388956,0.41025989161883014,7.027993453867509e-08
84,71,0.3989489260130751,0.3989489353885162,9.375441145653696e-09
84,76,0.4482332426162526,0.4482334948802854,2.522640328295189e-07
84,92,0.4404665059067124,0.4404665144626075,8.555895103512512e-09
84,97,0.4116182828360868,0.41161858244677413,2.996106873154325e-07
84,105,0.40728907435940964,0.4072891449219571,7.056254747173085e-08
84,118,0.4131106702961421,0.41311092311656,2.5282041787866305e-07
85,51,0.4153282923124115,0.41534462388357296,1.6331571161487535e-05
85,64,0.4253939671732549,0.4254168730735384,2.29059002835319e-05
85,72,0.4492654722633248,0.4494033246730145,0.00013785240968972046
85,77,0.3916500433210866,0.39166581321471977,1.5769893633166276e-05
85,93,0.414490583054146,0.4147645969764579,0.0002740139223119109
85,98,0.4127991638355384,0.41294179476132503,0.0001426309257866465
85,106,0.415194780550234,0.41559255777473003,0.00039777722449602093
85,119,0.4229066370915634,0.4231820077679891,0.00027537067642569024
86,52,0.4276334523186664,0.42763351211693773,5.979827133462123e-08
86,65,0.4028576935188161,0.40285772493588295,3.141706683695844e-08
86,73,0.4489922561451362,0.44899269270333647,4.3655820025634284e-07
86,78,0.4018216266703844,0.40182163753541805,1.0865033650553357e-08
86,94,0.39411324393295083,0.39411469262464444,1.4486916936062855e-06
86,99,0.4162531283780495,0.41625316711190385,3.873385434616239e-08
86,107,0.4458487874236784,0.44584939793837314,6.105146947432694e-07
86,120,0.4300635329834895,0.4300636271876934,9.420420393757567e-08
87,53,0.42368586520709034,0.4236858652070947,4.385380947269368e-15
87,66,0.43034627148388926,0.43034627148391397,2.4702462297909733e-14
87,74,0.4063843900225081,0.40638439002255367,4.5574655160862676e-14
87,79,0.4222173096116958,0.42221730961183473,1.3894441153183834e-13
87,95,0.415205517427283,0.41520551742748574,2.0272672429655358e-13
87,100,0.4365528023821621,0.4365528023822648,1.0269562977782698e-13
87,108,0.417093493199986,0.417093493200003,1.6986412276764895e-14
87,121,0.40854026294084517,0.40854026294090734,6.217248937900877e-14
88,54,0.4155117914267226,0.41551179664027826,5.213555642757939e-09
88,67,0.4332950497902494,0.4332951102287524,6.043850298009801e-08
88,75,0.407244969288286,0.4072449749306568,5.642370792813267e-09
88,80,0.4300886946470998,0.43008895001474573,2.5536764591826966e-07
88,96,0.4238538992041292,0.42385390438198867,5.177859474514435e-09
88,101,0.43153122589948195,0.431531525393752,2.9949427005071527e-07
88,109,0.4159785926263971,0.41597865281803287,6.01916357867438e-08
88,122,0.41935173095970846,0.4193519917861634,2.608264549341932e-07
89,55,0.43008809511381024,0.4301341431484575,4.604803464725027e-05
89,68,0.4197692401370651,0.4200581735003776,0.00028893336331248243
89,76,0.42105620531189264,0.4211428562913059,8.665097941323863e-05
89,81,0.4143416736126674,0.4146527753783912,0.000311101765723798
89,97,0.42268927360285474,0.4227926365385021,0.00010336293564733312
89,102,0.4167246863865353,0.4175681514424753,0.0008434650559399626
89,110,0.44799883211072616,0.4487859525503773,0.0007871204396511233
89,123,0.40823308412692016,0.4092678118959001,0.0010347277689799483
90,56,0.42996871333804826,0.4299687713330298,5.799498153935545e-08
90,69,0.4191611257849102,0.41916115614184063,3.035693041386622e-08
90,77,0.4305668044801507,0.430567254157551,4.496774002604731e-07
90,82,0.40836000010963064,0.40836001108837683,1.0978746189937993e-08
90,98,0.4149675449179177,0.41496907881011724,1.5338921995344812e-06
90,103,0.4287263832171562,0.42872642358983964,4.037268341861022e-08
90,111,0.41576723406797067,0.41576788535123893,6.512832682603609e-07
90,124,0.40037571577096764,0.4003758077299456,9.195897793246033e-08
91,57,0.4137476135161062,0.4137476135247779,8.671674489590941e-12
91,70,0.4342586084287553,0.43425860843133657,2.581268532253489e-12
91,78,0.4235042232041488,0.423504223237104,3.295519412915837e-11
91,83,0.42449949449683405,0.42449949449813157,1.2975176488794204e-12
91,99,0.43132021378576546,0.43132021387667563,9.091016828222109e-11
91,104,0.42205507333849684,0.42205507334054243,2.045585922871851e-12
91,112,0.4290705391480202,0.42907053917253973,2.451955305460274e-11
91,125,0.44995790635055,0.4499579063539265,3.3765212847924886e-12
92,58,0.424761951162336,0.42476195123389504,7.155903647415585e-11
92,71,0.41367023274159703,0.4136702333787005,6.371034810825904e-10
92,79,0.41985660773391853,0.41985660779414985,6.023131993160291e-11
92,84,0.40838513706578405,0.4083851399775784,2.911794361182274e-09
92,100,0.43385867240038617,0.43385867244436466,4.397848751835909e-11
92,105,0.4145450908404333,0.41454509335043543,2.5100021505686243e-09
92,113,0.4148964726697712,0.4148964730662006,3.964293893155002e-10
92,126,0.41141667507007007,0.4114166767594672,1.6893971221954018e-09
93,59,0.42141690089479295,0.4214607975886764,4.389669388343842e-05
93,72,0.44487210804109734,0.44514577633857005,0.0002736682974727178
93,80,0.4113365356495494,0.41142160207177747,8.506642222805283e-05
93,85,0.4111098502667863,0.41141936721254313,0.0003095169457568159
93,101,0.4104670672053522,0.41056756030209063,0.00010049309673842988
93,106,0.45262790241359646,0.45344342288802797,0.0008155204744315081
93,114,0.43791384824952306,0.4386952806428141,0.0007814323932910372
93,127,0.41627636173211496,0.41729388554417113,0.0010175238120561647
94,60,0.4273636219967899,0.42738595892188036,2.233692509046037e-05
94,73,0.44021877844966567,0.44023398148478654,1.5203035120869846e-05
94,81,0.43416495758376816,0.4343187516275642,0.00015379404379606276
94,86,0.4218430670411336,0.42185081022998455,7.743188850939386e-06
94,102,0.39999022615615354,0.4004070183055805,0.00041679214942696996
94,107,0.41357195181277784,0.4135943426168089,2.2390804031047207e-05
94,115,0.4092365225914232,0.4095135422743336,0.0002770196829104399
94,128,0.43644780216229145,0.43649214516810664,4.434300581518391e-05
95,61,0.4209477970865583,0.4209477970882971,1.7388313011679202e-12
95,74,0.4264190684805175,0.426419068481015,4.974909373345326e-13
95,82,0.4033372413457459,0.4033372413592342,1.3488321570775952e-11
95,87,0.41918148904641805,0.4191814890465376,1.1957101975212936e-13
95,103,0.40681500671801685,0.4068150067632367,4.5219827882192476e-11
95,108,0.41856643581801833,0.4185664358181934,1.7508217098338719e-13
95,116,0.40224736560575325,0.4022473656119354,6.182165890322722e-12
95,129,0.4181468769313902,0.4181468769316931,3.0292435226897396e-13
96,62,0.4120220614171275,0.4120220614243201,7.192579865034077e-12
96,75,0.4286692250225095,0.42866922519487,1.7236051474966985e-10
96,83,0.43625570959328674,0.43625570960000754,6.720790590719616e-12
96,88,0.4137574921648317,0.4137574937796231,1.6147914116970696e-09
96,104,0.42194829313176985,0.42194829313791954,6.149691866852436e-12
96,109,0.43332047132920554,0.4333204726861373,1.356931789153748e-09
96,117,0.42638616364727117,0.426386163749396,1.0212480860971596e-10
96,130,0.4297324884394414,0.42973248931075503,8.71313632355708e-10
97,63,0.4032750721751455,0.40327599388240415,9.217072586276132e-07
97,76,0.430362959787174,0.43037040750601757,7.447718843589524e-06
97,84,0.41634267859552665,0.4163437841974449,1.105601918238719e-06
97,89,0.41316584796189765,0.41318504337917084,1.9195417273187854e-05
97,105,0.4013428954227834,0.40134382032918314,9.249063997462947e-07
97,110,0.40762679216124476,0.40765114854293033,2.435638168557519e-05
97,118,0.4296658748751432,0.42967332489478827,7.4500196450832945e-06
97,131,0.41486115187943473,0.41488042382062457,1.9271941189835662e-05
98,64,0.41858395720492925,0.41860655930527163,2.2602100342383746e-05
98,77,0.41865749007397085,0.4186729807864042,1.5490712433341436e-05
98,85,0.4339493212381781,0.4341102561326939,0.00016093489451579623
98,90,0.42587546425766976,0.42588376664261957,8.302384949809838e-06
98,106,0.4334129729244696,0.4338379329663802,0.00042496004191056036
98,111,0.4236570224124333,0.423680691685805,2.366927337171809e-05
98,119,0.4120010003175589,0.41228582642351863,0.00028482610595975677
98,132,0.4273555742923487,0.42740073600476897,4.516171242024969e-05
99,65,0.4256793255627474,0.4256793291520615,3.5893141236975623e-09
99,78,0.41427495926465385,0.41427496060985913,1.3452052805007497e-09
99,86,0.42626209595527464,0.42626210883649385,1.2881219202398597e-08
99,91,0.42827545694354574,0.4282754571859832,2.4243745899710234e-10
99,107,0.4334846072586521,0.43348463802881537,3.077016325070403e-08
99,112,0.41202833621468254,0.4120283368748677,6.601851287868499e-10
99,120,0.41379507166282015,0.4137950814833036,9.820483426459248e-09
99,133,0.4198599983947948,0.41985999964728926,1.252494441494889e-09
100,66,0.4100789884233538,0.4100789884236857,3.3190117321169055e-13
100,79,0.40723771927665187,0.40723771927979385,3.1419866708404243e-12
100,87,0.43318735333573094,0.43318735333598796,2.5701663020072374e-13
100,92,0.4056540826179414,0.4056540826352949,1.7353507519857203e-11
100,108,0.41360526301336353,0.4136052630135982,2.3464563625452683e-13
100,113,0.43895391929144995,0.4389539193035999,1.2149947714590326e-11
100,121,0.41053014444116176,0.41053014444251545,1.3536949339254534e-12
100,134,0.4332750839245156,0.4332750839311531,6.63752386387273e-12
101,67,0.4278026422423246,0.4278035371099235,8.948675989106647e-07
101,80,0.4334362144339847,0.4334435697270428,7.355293058064483e-06
101,88,0.4471516785734498,0.44715275526996884,1.0766965190533995e-06
101,93,0.43313565793730097,0.43315444044249257,1.8782505191605736e-05
101,109,0.4246588459959846,0.424659738088553,8.920925684274827e-07
101,114,0.42176367161699235,0.4217878627606708,2.4191143678464755e-05
101,122,0.4240996903812966,0.4241072489260926,7.558544796004707e-06
101,135,0.38566886664566713,0.38568767792765457,1.8811281987440864e-05
102,68,0.4275400086297781,0.43453983809052865,0.006999829460750562
102,81,0.4022021225007367,0.4088283906672887,0.006626268166551985
102,89,0.44120861750287543,0.45492276523456004,0.013714147731684612
102,94,0.41668139673391985,0.42346007412867753,0.006778677394757682
102,110,0.4156571761170585,0.4359316340169378,0.020274457899879306
102,115,0.400779702456936,0.4144034726476871,0.013623770190751117
102,123,0.4345575990859192,0.517550561585936,0.08299296250001686
102,136,0.43626580154904,0.45691170895535027,0.020645907406310282
103,69,0.4018639889427065,0.4018639918734331,2.930726605843148e-09
103,82,0.40933375577409775,0.4093337568681708,1.0940730543751442e-09
103,90,0.4273486667192449,0.42734868038242557,1.3663180697953692e-08
103,95,0.41264277441891145,0.412642774557633,1.3872153425964484e-10
103,111,0.4135309368158751,0.4135309706109033,3.37950282203181e-08
103,116,0.4359519580660007,0.43595195846771573,4.017150501134381e-10
103,124,0.4206087649166698,0.4206087733829351,8.46626529993344e-09
103,137,0.4206357306105362,0.42063573137814053,7.67604313445247e-10
104,70,0.396301878048728,0.39630187804894296,2.149391775674303e-13
104,83,0.4262037314520025,0.42620373145219376,1.9123591599168321e-13
104,91,0.40315410424109216,0.403154104241771,6.78845868407052e-13
104,96,0.41019956246364253,0.41019956246893424,5.291711513422115e-12
104,112,0.41370081137400466,0.41370081137559456,1.5898948824144554e-12
104,117,0.4189289363101657,0.41892893631357075,3.405054016525355e-12
104,125,0.41258650343369324,0.41258650343406544,3.7220226900558373e-13
104,138,0.40695024388087003,0.4069502438826459,1.7758572390391691e-12
105,71,0.4185723451309577,0.4185723530101041,7.879146390887826e-09
105,84,0.419771417100754,0.4197714866150086,6.951425463030958e-08
105,92,0.4119184915912878,0.41191849878162723,7.190339434970383e-09
105,97,0.4228816837635916,0.42288193236889077,2.4860529918013796e-07
105,113,0.42200907163098683,0.42200907645027036,4.819283527801588e-09
105,118,0.4249696615416729,0.42496987133047565,2.0978880271860234e-07
105,126,0.41622519435015054,0.4162252327633165,3.84131659814102e-08
105,139,0.41792351314858184,0.41792363677554367,1.236269618343222e-07
106,72,0.4144758030297755,0.4211331834269871,0.0066573803972115875
106,85,0.4004488828211604,0.4071855979485278,0.006736715127367399
106,93,0.40982973683475105,0.42327284782555746,0.013443110990806417
106,98,0.4305623068902374,0.4375558657153056,0.006993558825068191
106,114,0.4221947823473915,0.442725836841539,0.020531054494147494
106,119,0.43134974767443757,0.44490189247903755,0.013552144804599986
106,127,0.43733255349969247,0.5202768939597017,0.0829443404600092
106,140,0.41578976831916525,0.4361791067443029,0.020389338425137626
107,73,0.4014829817078074,0.4014842508955906,1.26918778320384e-06
107,86,0.4288948056930583,0.42889546381873234,6.581256740134656e-07
107,94,0.42453788838349044,0.4245421910935949,4.3027101044867955e-06
107,99,0.4012438008746537,0.4012439092753148,1.0840066105854973e-07
107,115,0.40249546505314937,0.4025036236816641,8.1586285147206e-06
107,120,0.40667220132173737,0.4066724662678551,2.649461177117729e-07
107,128,0.43483601006638045,0.43483932679697623,3.316730595781525e-06
107,141,0.4097718185614679,0.4097722308023491,4.1224088120905833e-07
108,74,0.38970642637394076,0.38970642637396935,2.858824288409778e-14
108,87,0.42626406427806973,0.42626406427807967,9.936496070395151e-15
108,95,0.42542790140689224,0.42542790140701714,1.249000902703301e-13
108,100,0.41246296607803845,0.41246296607810073,6.228351168147128e-14
108,116,0.40693784546152345,0.406937845461884,3.605449272470196e-13
108,121,0.42610643352439115,0.4261064335244286,3.7470027081099033e-14
108,129,0.40854628604717136,0.4085462860471854,1.404432126150823e-14
108,142,0.4464640935877883,0.446464093587806,1.765254609153999e-14
109,75,0.4148581502800173,0.4148581549413921,4.6613747861634636e-09
109,88,0.42905374454198814,0.42905380398024867,5.943826053567136e-08
109,96,0.4203873761826852,0.4203873804602942,4.277609044756048e-09
109,101,0.44027723723581036,0.4402774834822303,2.462464199215475e-07
109,117,0.3903953307026691,0.390395333453099,2.7504299393577014e-09
109,122,0.4208777048584661,0.4208779193137291,2.144552629923524e-07
109,130,0.3844893530736805,0.3844893846898759,3.1616195439454486e-08
109,143,0.4283949839616425,0.4283951081946542,1.242330117112722e-07
110,76,0.41562232521936654,0.41574787058070434,0.0001255453613377977
110,89,0.43223640329085344,0.4330680183790619,0.0008316150882084483
110,97,0.4055800246572744,0.4057297848424623,0.00014976018518791934
110,102,0.43371936854351495,0.434980170729309,0.0012608021857940521
110,118,0.4124704589613253,0.41259586626831085,0.0001254073069855699
110,123,0.42977867896231203,0.4313253867863129,0.001546707824000848
110,131,0.4361565197312144,0.4369873159398308,0.0008307962086164244
110,144,0.4184916600454574,0.41975777573301176,0.0012661156875543589
111,77,0.4117780788573818,0.4117793664922058,1.2876348239876378e-06
111,90,0.415765147189191,0.41576584062718375,6.934379927492351e-07
111,98,0.410877179813704,0.41088165377857183,4.4739648678571164e-06
111,103,0.41239923448475524,0.4123993478167311,1.1333197585949861e-07
111,119,0.4274047318409725,0.42741303850733764,8.306666365143212e-06
111,124,0.3980499222540722,0.39805018077331633,2.5851924412290117e-07
111,132,0.42239238015892483,0.4223957461373191,3.3659783942874277e-06
111,145,0.4147515986784666,0.41475201912469833,4.2044623171921813e-07
112,78,0.41170969729011603,0.4117096973848275,9.471146089623517e-11
112,91,0.4255235767244653,0.42552357675136093,2.68956523719055e-11
112,99,0.4196297703901035,0.41962977065381135,2.637078333478371e-10
112,104,0.4350763863402883,0.43507638634567586,5.387579271598497e-12
112,120,0.4275725840440735,0.4275725845894232,5.453497098351079e-10
112,125,0.39529102326022353,0.3952910232692225,8.998968237250438e-12
112,133,0.43979498908179404,0.4397949892088714,1.270773486439225e-10
112,146,0.4384098756420532,0.4384098756571894,1.5136225606227072e-11
113,79,0.42883813793681497,0.42883813797740267,4.0587699867700167e-11
113,92,0.42480146598443097,0.42480146637122257,3.8679159874988045e-10
113,100,0.3934515558917651,0.39345155592140507,2.963995715532519e-11
113,105,0.4024498302038579,0.4024498318595572,1.6556992998850717e-09
113,121,0.41687458987475284,0.4168745898917656,1.7012780073599743e-11
113,126,0.44303302277775397,0.4430330238926822,1.1149282053146692e-09
113,134,0.40844555051441017,0.40844555065272864,1.3831846779055468e-10
113,147,0.43626139896538246,0.43626139951330123,5.479187659140905e-10
114,80,0.41492082901189636,0.41504784418320445,0.00012701517130808693
114,93,0.4166081784337099,0.4174391429410593,0.0008309645073494298
114,101,0.42736683319631347,0.4275168904579342,0.00015005726162070632
114,106,0.4221422416262468,0.4234031575941917,0.00126091596794492
114,122,0.44168842427604393,0.4418194999189755,0.00013107564293157736
114,127,0.4252398805732429,0.4268131303781021,0.001573249804859178
114,135,0.406484958925286,0.40731888381292897,0.000833924887642945
114,148,0.4228263621150852,0.42409086149499087,0.0012644993799056925
115,81,0.4213410135674648,0.4216501064501005,0.00030909288263569756
115,94,0.4109668773010304,0.41124608435487203,0.0002792070538416569
115,102,0.4198032792520728,0.4206408654232764,0.0008375861712036081
115,107,0.4279677911938025,0.4280126560861773,4.486489237476299e-05
115,123,0.4157940823088975,0.4168215985478882,0.0010275162389907222
115,128,0.4170630538691946,0.41715195574096553,8.89018717709078e-05
115,136,0.42568763698145157,0.4264815906499666,0.000793953668515035
115,149,0.4090557372497166,0.40915590246021877,0.00010016521050215665
116,82,0.4078534627062242,0.4078534627468626,4.0638437059925536e-11
116,95,0.41103194100218415,0.41103194100870805,6.523892537302345e-12
116,103,0.4053035459227251,0.4053035460589486,1.36223476943087e-10
116,108,0.4423964908288238,0.44239649082935245,5.286326931752683e-13
116,124,0.40930137714626597,0.40930137743973355,2.9346758356751934e-10
116,129,0.4189600357481818,0.41896003574909724,9.154343949546728e-13
116,137,0.424959581999464,0.42495958203488765,3.5423664002109945e-11
116,150,0.4152931091738974,0.4152931091754306,1.5332179970073412e-12
117,83,0.39711948516822476,0.3971194851724923,4.267530773205408e-12
117,96,0.4093991190924743,0.4093991191929653,1.0049100440667758e-10
117,104,0.4190771963328682,0.4190771963367776,3.9093728254613325e-12
117,109,0.39536555883697205,0.3953655597012832,8.643111226724898e-10
117,125,0.42662633431701574,0.4266263343208374,3.821665206515945e-12
117,130,0.4303103872727644,0.4303103878277231,5.549586901132386e-10
117,138,0.43154384250102046,0.43154384253479816,3.377770285695192e-11
117,151,0.40109789268169704,0.4010978929312001,2.495030293481193e-10
118,84,0.4215014153341137,0.42150234182726626,9.26493152531016e-07
118,97,0.41314200301347975,0.4131494389482866,7.435934806843125e-06
118,105,0.41496114487901137,0.41496191997216897,7.750931576011588e-07
118,110,0.4155218818186357,0.41554227594698817,2.039412835247445e-05
118,126,0.4256336244713618,0.42563412039665866,4.959252968284034e-07
118,131,0.42254449045543113,0.42256062682492573,1.613636949460151e-05
118,139,0.4247103283269455,0.4247137213180578,3.392991112294297e-06
118,152,0.4091984753330837,0.4092071039554419,8.62862235823103e-06
119,85,0.41776219534092135,0.4180741548585057,0.00031195951758433704
119,98,0.41411414086821385,0.41439976565685777,0.0002856247886439123
119,106,0.4191478043169556,0.4199704575037551,0.0008226531867995268
119,111,0.4306936072245369,0.4307394288205677,4.582159603078173e-05
119,127,0.42737902463249955,0.42840544773894024,0.0010264231064406881
119,132,0.415849313662738,0.4159367742016399,8.746053890190675e-05
119,140,0.41182233634857435,0.4126044754781862,0.0007821391296118363
119,153,0.41147693519164524,0.41157946260405964,0.00010252741241439933
120,86,0.4261099124926648,0.42610994536153557,3.286887079179124e-08
120,99,0.41414636384264447,0.4141463745383312,1.069568672518173e-08
120,107,0.4465401311722016,0.4465402101453427,7.897314108218367e-08
120,112,0.4155395563334477,0.41553955790453945,1.5710917566913452e-09
120,128,0.4240778092609553,0.4240779450086279,1.3574767260271514e-07
120,133,0.4153344071811245,0.4153344101691772,2.988052694163912e-09
120,141,0.42317739633865437,0.42317743381483197,3.7476177605633154e-08
120,154,0.4156165371629964,0.4156165416723261,4.509329687429897e-09
121,87,0.4455167699801417,0.44551676998029116,1.4943601911454607e-13
121,100,0.4250407290467871,0.4250407290480993,1.3122281039557038e-12
121,108,0.4236822295379707,0.42368222953810675,1.3605783166781293e-13
121,113,0.39923953980759463,0.39923953981441573,6.821099240994499e-12
121,129,0.41779914856911343,0.41779914856927663,1.63202784619898e-13
121,134,0.4132509173997667,0.4132509174034973,3.730571407345451e-12
121,142,0.42802121941845994,0.4280212194188133,3.5338398873818733e-13
121,155,0.40871823479465696,0.4087182347962956,1.6386336731954998e-12
122,88,0.4138103570991781,0.4138112965404235,9.394412453511691e-07
122,101,0.4093324831149286,0.4093400633532137,7.580238285120888e-06
122,109,0.39588454021485076,0.39588531856948356,7.783546328021806e-07
122,114,0.40836662006264784,0.40838778958084004,2.1169518192198922e-05
122,130,0.40932028127809555,0.409320773105167,4.918270714582285e-07
122,135,0.4149404927010784,0.41495695119682896,1.6458495750548696e-05
122,143,0.42864202338360236,0.4286455269738656,3.503590263242984e-06
122,156,0.42230203258309684,0.4223106897665476,8.657183450777595e-06
123,89,0.40653398286039133,0.4205267553468034,0.013992772486412064
123,102,0.42764850536662163,0.5042940147213738,0.07664550935475217
123,110,0.41468051455563465,0.4353472831096583,0.020666768554023662
123,115,0.42757958128414303,0.4414805930743906,0.013901011790247553
123,131,0.4114670882691319,0.42539711609200864,0.013930027822876723
123,136,0.427721240418034,0.44876565449672273,0.021044414078688733
123,144,0.43887527598228915,0.5156687456540384,0.07679346967174927
123,157,0.39525261379638205,0.4090118700159006,0.013759256219518567
124,90,0.4162944866698943,0.4162945188204961,3.2150601791958167e-08
124,103,0.4015267090137551,0.40152671794770495,8.933949857681256e-09
124,111,0.4149230762451022,0.4149231559254363,7.968033410854503e-08
124,116,0.4253556857600691,0.42535568668986024,9.297911329753106e-10
124,132,0.42459260004484595,0.4245927328990975,1.32854251544412e-07
124,137,0.3905519500002415,0.39055195177723734,1.7769958282620735e-09
124,145,0.4282685672491561,0.4282685990575198,3.180836372074225e-08
124,158,0.4289673764851162,0.4289673791736603,2.688544109563651e-09
125,91,0.43554344547303575,0.4355434454745099,1.4741541320972829e-12
125,104,0.4051859744141192,0.40518597441465426,5.350719867180942e-13
125,112,0.40962054498262696,0.4096205449860885,3.4615643684787756e-12
125,117,0.4033320480762221,0.4033320480832839,7.061795592733233e-12
125,133,0.4333939437867452,0.43339394379288815,6.142975017553454e-12
125,138,0.4204754334698489,0.4204754334735331,3.684219596067351e-12
125,146,0.4172807987246427,0.41728079872589324,1.2505552149377763e-12
125,159,0.4097225758763062,0.4097225758777003,1.3940515408705778e-12
126,92,0.4408195608877348,0.44081956552161805,4.633883277094242e-09
126,105,0.3970694737751147,0.39706951127556167,3.750044696992916e-08
126,113,0.4205218934316524,0.420521896538852,3.1071996087206344e-09
126,118,0.44733007386753876,0.4473302064732578,1.3260571901652085e-07
126,134,0.42196484244192994,0.42196484402311946,1.5811895126560671e-09
126,139,0.4290903050558891,0.42909038324001925,7.818413017002257e-08
126,147,0.4147780627617699,0.4147780737393917,1.0977621811569804e-08
126,160,0.40010026331553006,0.4001002968981651,3.358263506170189e-08
127,93,0.41753730112332055,0.4312763475361824,0.013739046412861833
127,106,0.405180003283643,0.481281357910472,0.07610135462682899
127,114,0.44028940537505623,0.46124842488917644,0.020959019514120214
127,119,0.40698526027890625,0.4208349416923219,0.013849681413415638
127,135,0.4001728897150929,0.4139772125788658,0.013804322863772922
127,140,0.4174737411198845,0.43828796886194915,0.02081422774206465
127,148,0.406425068600904,0.4825868448234083,0.07616177622250431
127,161,0.4376208475820284,0.4519483277010985,0.01432748011907009
128,94,0.4325206050380623,0.43252935085582694,8.745817764665986e-06
128,107,0.41524379385075266,0.4152473376647929,3.5438140402188623e-06
128,115,0.42552295810795165,0.4255395671795159,1.6609071564255284e-05
128,120,0.4104108216978294,0.4104113335523326,5.118545032267718e-07
128,136,0.4142991815992653,0.41432051913937484,2.1337540109522823e-05
128,141,0.4134542839688814,0.4134550810350158,7.970661344280927e-07
128,149,0.39771453529426765,0.3977220401097572,7.504815489556282e-06
128,162,0.400980879611931,0.40098182332115917,9.43709228151679e-07
129,95,0.41046092850763377,0.4104609285076969,6.311617894994015e-14
129,108,0.4250347468686173,0.4250347468686214,4.107825191113079e-15
129,116,0.40921141248412785,0.4092114124843101,1.8224310949221945e-13
129,121,0.4229992509611435,0.42299925096116164,1.815214645262131e-14
129,137,0.42564309144261786,0.4256430914429658,3.4794389591752406e-13
129,142,0.4228083556586892,0.4228083556586989,9.71445146547012e-15
129,150,0.4223560138395671,0.4223560138395781,1.099120794378905e-14
129,163,0.40985969242029113,0.4098596924202937,2.55351295663786e-15
130,96,0.42313527888357,0.42313528157661595,2.6930459529062034e-09
130,109,0.4327983708562942,0.4327984020385022,3.1182207982372034e-08
130,117,0.41514490497962453,0.4151449067112659,1.7316413858381452e-09
130,122,0.43327746314865345,0.43327759757588313,1.3442722968104448e-07
130,138,0.4102678922657988,0.4102678931629879,8.971891007902855e-10
130,143,0.42785701060832354,0.42785708851483756,7.790651401773374e-08
130,151,0.42675442620983683,0.4267544348660638,8.65622695744861e-09
130,164,0.44311935334836394,0.4431193844281213,3.107975737881574e-08
131,97,0.4271386752199877,0.4272417052191288,0.00010302999914107991
131,110,0.4084631456314633,0.4092467005183626,0.0007835548868992959
131,118,0.4128551523445169,0.41294143316030335,8.628081578643254e-05
131,123,0.41830538226730973,0.41933460400400907,0.0010292217366993373
131,139,0.397178542896519,0.3972229029638777,4.436006735869524e-05
131,144,0.4220523594482418,0.422894872009285,0.0008425125610431738
131,152,0.42684765442531203,0.4271323524096858,0.0002846979843737496
131,165,0.42395642164724295,0.42428404585782153,0.00032762421057858093
132,98,0.40529877618364546,0.4053075270191393,8.75083549384259e-06
132,111,0.44994344691007826,0.4499470318031267,3.5848930484139174e-06
132,119,0.4254469785781164,0.425463246464799,1.626788668257495e-05
132,124,0.3968473976646386,0.39684788310541486,4.85440776243351e-07
132,140,0.4304504947779713,0.43047129119712535,2.0796419154034407e-05
132,145,0.4130327912840698,0.4130335812050715,7.899210017203728e-07
132,153,0.4362378198595812,0.4362454278180367,7.607958455502217e-06
132,166,0.4418892652113223,0.44189020419122776,9.389799054404513e-07
133,99,0.4185165356199501,0.41851653613269224,5.127421265349597e-10
133,112,0.42572042394897597,0.4257204240810409,1.3206491455974856e-10
133,120,0.3974946178328168,0.397494618895535,1.0627181912248318e-09
133,125,0.40344967108612584,0.40344967110304786,1.6922019341336636e-11
133,141,0.4262047752547094,0.42620477684236624,1.5876568393302648e-09
133,146,0.41414421795559103,0.41414421798412715,2.853611791309163e-11
133,154,0.3994555236676501,0.39945552403002227,3.623721878120989e-10
133,167,0.40187279321582947,0.4018727932538825,3.80530051913297e-11
134,100,0.419591552529088,0.41959155254430036,1.5212386905716357e-11
134,113,0.40412097014201687,0.40412097027486316,1.3284628952447974e-10
134,121,0.41604936486345717,0.4160493648721985,8.74134098438617e-12
134,126,0.41194681075532086,0.4119468113083256,5.530047531010496e-10
134,142,0.4157717121703539,0.4157717121742205,3.866573727862033e-12
134,147,0.4120228408674977,0.4120228411398653,2.7236762845106455e-10
134,155,0.4106663363820972,0.41066633641040823,2.831102019484888e-11
134,168,0.43500837253728186,0.43500837263686115,9.95792892588554e-11
135,101,0.4087507326670976,0.40885166010677737,0.00010092743967976547
135,114,0.41301943191935325,0.41380459376529466,0.0007851618459414067
135,122,0.42560274788920804,0.4256909008732062,8.815298399816873e-05
135,127,0.40505616157680224,0.4060787956863313,0.0010226341095290747
135,143,0.41295324543640344,0.4129972175519621,4.397211555867697e-05
135,148,0.42764602230736976,0.4284679676470487,0.0008219453396789422
135,156,0.41866494476118465,0.4189393060766812,0.00027436131549651854
135,169,0.43121653294853446,0.4315306808170467,0.00031414786851224896
136,102,0.41711209918609765,0.4183966976481134,0.0012845984620157291
136,115,0.41298363853922576,0.41382634223904474,0.0008427036998189807
136,123,0.41959824609889884,0.4211741458728418,0.001575899773942957
136,128,0.4268322079353492,0.42696404265447924,0.00013183471913003064
136,144,0.4184358787189358,0.41972589097922125,0.001290012260285467
136,149,0.40845923265075706,0.4086077427123508,0.0001485100615937207
136,157,0.3928734691894199,0.39370800525523186,0.0008345360658119638
136,170,0.4395765509252628,0.4397095993067174,0.0001330483814545591
137,103,0.4290093394277985,0.42900933969218263,2.643841257032875e-10
137,116,0.41775904663458496,0.41775904667076513,3.6180169971089526e-11
137,124,0.4070709103940702,0.4070709109636269,5.695567351082786e-10
137,129,0.42921467817457293,0.42921467817635034,1.7774115512736444e-12
137,145,0.4202488388978916,0.42024883980517763,9.07286024087739e-10
137,150,0.4289731300030824,0.4289731300060586,2.976174862112657e-12
137,158,0.4107220424788464,0.4107220425825386,1.0369216596473052e-10
137,171,0.42440595221804733,0.42440595222244604,4.39870362356487e-12
138,104,0.4046271750772211,0.40462717507922913,2.0080048734882894e-12
138,117,0.40244938506574,0.4024493850991081,3.336808607201647e-11
138,125,0.4153958767520423,0.41539587675401346,1.971145469070734e-12
138,130,0.42336782502781156,0.4233678253155449,2.8773333715648164e-10
138,146,0.4060334836621115,0.40603348366452385,2.4123480990567714e-12
138,151,0.43359915483227607,0.4335991549615054,1.2922934944370468e-10
138,159,0.4282962290510506,0.4282962290574784,6.4278027345210376e-12
138,172,0.42162753388877366,0.4216275339264265,3.7652825302103565e-11
139,105,0.4003583870460571,0.40035879512582695,4.0807976986467764e-07
139,118,0.4247773585193058,0.4247805414152559,3.182895950082365e-06
139,126,0.42122375955656416,0.42122402092046013,2.613638959703124e-07
139,131,0.4305036397014457,0.43051172217686795,8.082475422277469e-06
139,147,0.4214494123284992,0.4214495223912894,1.1006279021508192e-07
139,152,0.4166724845659291,0.4166768129519009,4.328385971807958e-06
139,160,0.425524079017354,0.42552474351749736,6.645001433547293e-07
139,173,0.43753187940668997,0.4375331734793067,1.294072616730979e-06
140,106,0.42387953715726573,0.42513184124207715,0.0012523040848114175
140,119,0.41189402254676877,0.4127234792338494,0.0008294566870806208
140,127,0.42890331943445126,0.4304658241565255,0.0015625047220742538
140,132,0.4137664111304295,0.4138951998316644,0.00012878870123489428
140,148,0.441090298056647,0.44234616107919567,0.0012558630225486533
140,153,0.4138287693583627,0.41397973112032876,0.00015096176196605082
140,161,0.4229692003765984,0.4238248232086853,0.0008556228320868997
140,174,0.42245059608052365,0.4225809745542704,0.0001303784737467506
141,107,0.4048024028009272,0.4048025268563176,1.2405539040472036e-07
141,120,0.39206385250989223,0.39206389070116393,3.8191271700682705e-08
141,128,0.42314507277653146,0.42314528609796376,2.1332143229635392e-07
141,133,0.4121169301894912,0.4121169348145344,4.625043181771815e-09
141,149,0.43878601612166307,0.4387862588850879,2.427634248070021e-07
141,154,0.4021130202305542,0.40211302721264813,6.9820939585518715e-09
141,162,0.4167107368685781,0.41671080535274924,6.84841711118267e-08
141,175,0.41491594703516227,0.41491595485468447,7.819522196417239e-09
142,108,0.4076065129502313,0.40760651295029127,5.995204332975845e-14
142,121,0.40872569751124527,0.40872569751157994,3.3467673077325344e-13
142,129,0.4268591688297348,0.4268591688298069,7.210898544940392e-14
142,134,0.42196951120672554,0.4219695112083141,1.5885626147849052e-12
142,150,0.4064018923627749,0.40640189236288254,1.0763612223740893e-13
142,155,0.40463452167467395,0.40463452167537395,6.999956170261612e-13
142,163,0.4190130694243937,0.41901306942445343,5.972999872483342e-14
142,176,0.4176081485784969,0.41760814857873,2.3314683517128287e-13
143,109,0.4403938655508079,0.440394260679569,3.9512876109926154e-07
143,122,0.44016714645669297,0.4401704132296625,3.2667729695234904e-06
143,130,0.4173701327470954,0.41737038253015,2.497830546288604e-07
143,135,0.4327103587527846,0.432718337426598,7.97867381341355e-06
143,151,0.42723791936823996,0.4272380243252137,1.0495697372325807e-07
143,156,0.4194004304233694,0.4194046343435711,4.20392020172855e-06
143,164,0.4023366739566012,0.4023373056586927,6.317020914692328e-07
143,177,0.40947795840872403,0.40947923660025615,1.2781915321169457e-06
144,110,0.42226849870140865,0.4425513670235411,0.02028286832213244
144,123,0.41311939795237196,0.4961242438334283,0.08300484588105633
144,131,0.4298321463038694,0.44348986697635273,0.013657720672483331
144,136,0.41035630958473535,0.4310107611629878,0.020654451578252464
144,152,0.4291622978703979,0.4360289265341684,0.006866628663770524
144,157,0.42817741137212606,0.44166801784185067,0.013490606469724609
144,165,0.4298251351330716,0.43695434006589373,0.007129204932822153
144,178,0.4249216089989286,0.4317198963447552,0.0067982873458266035
145,111,0.43286556583366476,0.4328656968508044,1.3101713963736827e-07
145,124,0.4022306488093741,0.402230681214085,3.240471091459085e-08
145,132,0.41597698914214176,0.4159772077136947,2.1857155291238328e-07
145,137,0.41835536520239175,0.41835536810753515,2.905143403619803e-09
145,153,0.42186959297216375,0.42186984987369697,2.569015332132274e-07
145,158,0.4114984383709905,0.4114984427665434,4.3955529216432865e-09
145,166,0.41703360615696816,0.41703366786789603,6.171092786777521e-08
145,179,0.4104352591340813,0.4104352643601427,5.2260614169519215e-09
146,112,0.4255414079535904,0.4255414079600189,6.428468868335813e-12
146,125,0.42523012718126413,0.4252301271827105,1.446398556481654e-12
146,133,0.4355687659966522,0.4355687660080727,1.1420531187411598e-11
146,138,0.4366122557626016,0.436612255769188,6.586398093588741e-12
146,154,0.4060456979368409,0.40604569795337975,1.6538825864387263e-11
146,159,0.41566226069224016,0.4156622606947327,2.492561712585939e-12
146,167,0.4306651786776828,0.43066517868070897,3.0261904093720204e-12
146,180,0.4211505337586649,0.42115053375949024,8.253397965063414e-13
147,113,0.41226032871660073,0.4122603300549663,1.3383655850240928e-09
147,126,0.401273630319276,0.4012736404517873,1.0132511329974392e-08
147,134,0.3989697716992877,0.39896977238202386,6.827361453964897e-10
147,139,0.4348247660965952,0.43482479754347103,3.1446875825569265e-08
147,155,0.440212826182121,0.4402128264440118,2.6189078683458433e-10
147,160,0.3930842994718388,0.3930843130519472,1.3580108371158417e-08
147,168,0.40298500798997566,0.40298500945207316,1.4620974986279123e-09
147,181,0.42117372886340104,0.4211737326337115,3.770310452733128e-09
148,114,0.42133216525738826,0.4418667265896421,0.020534561332253842
148,127,0.4204983337998976,0.503446909957705,0.08294857615780743
148,135,0.42162679233091194,0.43513653442803557,0.013509742097123634
148,140,0.4471322743418262,0.4675250943723413,0.020392820030515124
148,156,0.4155815640885103,0.42226382406191665,0.006682259973406324
148,161,0.4361917080395472,0.4502146613248435,0.014022953285296291
148,169,0.4096589398233622,0.41647657843233477,0.006817638608972554
148,182,0.4165043664072815,0.42316846506906813,0.006664098661786633
149,115,0.4333533932674527,0.433372048836436,1.8655568983283466e-05
149,128,0.40675026231395023,0.40675772072494404,7.458410993810283e-06
149,136,0.3993328620405092,0.3993568212418469,2.3959201337686586e-05
149,141,0.41980997175440965,0.4198108718337847,9.000793750324476e-07
149,157,0.4263537771843653,0.4263722762556978,1.8499071332500616e-05
149,162,0.41945984988496443,0.4194609155070099,1.0656220454929866e-06
149,170,0.41777220512496244,0.4177797249500431,7.51982508068183e-06
149,183,0.41298771224719755,0.4129886173531281,9.051059305376086e-07
150,116,0.41781149409859714,0.4178114940986693,7.216449660063518e-14
150,129,0.4494505088294017,0.4494505088294049,3.219646771412954e-15
150,137,0.3956270165053867,0.3956270165055245,1.3783418850721318e-13
150,142,0.43972417259923385,0.43972417259923546,1.609823385706477e-15
150,158,0.4251100253512548,0.4251100253514633,2.084998840246044e-13
150,163,0.4003134014895491,0.4003134014895491,0.0
150,171,0.42287617582386744,0.42287617582387355,6.106226635438361e-15
150,184,0.4213448799203213,0.4213448799203213,0.0
151,117,0.43384057981958,0.43384058053442015,7.14840131532668e-10
151,130,0.41262692093122794,0.41262692904797416,8.116746219588578e-09
151,138,0.4176694405269414,0.41766944089737623,3.704348494615317e-10
151,143,0.4102621080858846,0.4102621395464284,3.1460543781225425e-08
151,159,0.43310195892710296,0.43310195906296284,1.3585987890252227e-10
151,164,0.39876535440839134,0.39876536699249043,1.2584099096102364e-08
151,172,0.4285360546609857,0.42853605564693226,9.859465466277584e-10
151,185,0.41936958468158303,0.41936958746391706,2.782334029838296e-09
152,118,0.4204423501406182,0.42048588800073067,4.353786011246363e-05
152,131,0.40987325193006036,0.4101548812736588,0.00028162934359843295
152,139,0.42174118939621974,0.4217635880403976,2.2398644177856752e-05
152,144,0.41239558724199676,0.41281889708860187,0.0004233098466051022
152,160,0.418793833277255,0.4188018568436302,8.023566375192637e-06
152,165,0.4293922376558244,0.42955699147675314,0.00016475382092873136
152,173,0.41231953352222217,0.4123355213370409,1.598781481870759e-05
152,186,0.4127391833965245,0.4127618158751019,2.2632478577422344e-05
153,119,0.4267413711194392,0.42676040523175784,1.9034112318627727e-05
153,132,0.4194257219874857,0.41943330680376667,7.584816280992168e-06
153,140,0.4177797049058518,0.4178040324842868,2.4327578435012764e-05
153,145,0.43573224826131574,0.4357331753486567,9.270873409517044e-07
153,161,0.4266817596309537,0.4267012770577851,1.9517426831372475e-05
153,166,0.4328206544971751,0.43282175651278637,1.1020156112651058e-06
153,174,0.4220091885099898,0.4220168634198814,7.674909891619563e-06
153,187,0.423930661718011,0.42393158665334907,9.249353380424985e-07
154,120,0.43088200907064744,0.4308820106991679,1.6285204851307356e-09
154,133,0.40662589809160093,0.4066258984626167,3.710157736591668e-10
154,141,0.4146569432988895,0.414656945732774,2.4338844828442063e-09
154,146,0.422412861428445,0.4224128614712824,4.283740029364935e-11
154,162,0.4211128015626947,0.42111280436155024,2.798855536223499e-09
154,167,0.40026881993587865,0.40026881999301356,5.713490791592335e-11
154,175,0.42007352585733965,0.4200735264759385,6.185988388196506e-10
154,188,0.42217831587147137,0.4221783159464224,7.495104537014186e-11
155,121,0.42164555368076617,0.42164555368417,3.4038327711982674e-12
155,134,0.45458576776410975,0.4545857677901304,2.602063009504718e-11
155,142,0.4490979664952962,0.44909796649680744,1.511235581119763e-12
155,147,0.4263071605898617,0.4263071606885028,9.864109529189591e-11
155,163,0.42779164211434156,0.42779164211488213,5.405675906899887e-13
155,168,0.4277331090999126,0.4277331091362609,3.6348313248169006e-11
155,176,0.4285934516593849,0.4285934516623802,2.995326209287441e-12
155,189,0.4240018270651605,0.42400182707454814,9.387657318171705e-12
156,122,0.41673910171638723,0.4167828407805176,4.373906413035478e-05
156,135,0.4284569750970224,0.42872870748857395,0.00027173239155153794
156,143,0.42235324921998385,0.42237508169648147,2.1832476497618547e-05
156,148,0.4185761667722342,0.4189826196718197,0.0004064528995855188
156,164,0.40865049200919107,0.40865793501714054,7.443007949470282e-06
156,169,0.4210178904229075,0.4211732943681709,0.0001554039452634215
156,177,0.435774590076464,0.4357899569549649,1.5366878500899794e-05
156,190,0.4162707945733257,0.4162925976886607,2.180311533500623e-05
157,123,0.42480634089434566,0.42582327562691963,0.0010169347325739708
157,136,0.4112395240279939,0.4120253752077307,0.0007858511797367851
157,144,0.39555811771202976,0.3963905719725387,0.0008324542605089302
157,149,0.40180385993462797,0.40190302175994563,9.916182531766182e-05
157,165,0.4266829415732383,0.4270065265604547,0.0003235849872164076
157,170,0.4239447657332271,0.42403358432083543,8.881858760834138e-05
157,178,0.4069080415167424,0.40718525572976516,0.0002772142130227362
157,191,0.39357516543712145,0.393618634293488,4.34688563665242e-05
158,124,0.4268295951848271,0.42682959605431203,8.694849285006967e-10
158,137,0.4147214280654408,0.4147214281704145,1.0497369640205534e-10
158,145,0.4153584779495515,0.4153584793346123,1.3850607882837096e-09
158,150,0.417237424903617,0.41723742490816057,4.543587728278453e-12
158,166,0.4258200807625336,0.42582008239525676,1.6327231788793028e-09
158,171,0.4188942123018485,0.4188942123085639,6.715406009050184e-12
158,179,0.4264175037699463,0.4264175039581272,1.8818091529482217e-10
158,192,0.42379940984022724,0.4237994098568968,1.6669554625536875e-11
159,125,0.431282495963418,0.4312824959641435,7.254752354413085e-13
159,138,0.3907736633766279,0.3907736633829406,6.31272811801864e-12
159,146,0.4201205306203232,0.42012053062122096,8.977818488631328e-13
159,151,0.42618621940344287,0.42618621945197044,4.8527570850609436e-11
159,167,0.4272400886322889,0.4272400886333897,1.1007861289158427e-12
159,172,0.407214391674238,0.40721439168829066,1.4052647934192919e-11
159,180,0.44180685029918465,0.4418068502998083,6.236677840831817e-13
159,193,0.39202902684917007,0.3920290268511286,1.9585444377412387e-12
160,126,0.40708256869635717,0.40708266493999457,9.624363739302311e-08
160,139,0.397924470230313,0.39792508730915965,6.170788466319799e-07
160,147,0.4347492264755176,0.43474926718998913,4.071447151643426e-08
160,152,0.42225359837622234,0.4222551078899834,1.5095137610443565e-06
160,168,0.4235399942877429,0.4235400061293247,1.1841581770699605e-08
160,173,0.41145619185432886,0.41145665285327465,4.609989457948771e-07
160,181,0.4303125098429192,0.43031254271222885,3.286930966295287e-08
160,194,0.40636139694480067,0.4063614571617424,6.021694171076675e-08
161,127,0.4103045117334067,0.4113669894942482,0.001062477760841507
161,140,0.4226418121090159,0.42345097471146104,0.0008091626024451237
161,148,0.42357881950056386,0.42443278998267864,0.0008539704821147742
161,153,0.43371604369065925,0.43382199919653813,0.00010595550587888525
161,169,0.4139372374185931,0.4142632139342634,0.00032597651567028985
161,174,0.42799021040323765,0.4280817101175291,9.14997142914542e-05
161,182,0.4233632499458039,0.42364815062239625,0.00028490067659237006
161,195,0.41826438549743394,0.4183109790559479,4.659355851394098e-05
162,128,0.4089486417008459,0.40894889638695725,2.546861113672527e-07
162,141,0.42785823049346255,0.4278583000108766,6.951741404748191e-08
162,149,0.45444564586735003,0.4544459357006898,2.8983333977272707e-07
162,154,0.41058620381801436,0.4105862120465516,8.228537240473344e-09
162,170,0.4188223185779821,0.4188225749982386,2.56420256528056e-07
162,175,0.4098112001583485,0.40981120937340754,9.215059049161312e-09
162,183,0.4303815914396381,0.4303816616676041,7.022796599809311e-08
162,196,0.4096145353729302,0.4096145441913805,8.818450303316183e-09
163,129,0.42318316787303434,0.42318316787306154,2.7200464103316335e-14
163,142,0.4025491143412305,0.4025491143412835,5.3013149425851225e-14
163,150,0.4266339552273093,0.426633955227348,3.8691272408186705e-14
163,155,0.4141201367849236,0.414120136785152,2.2842838731662596e-13
163,171,0.40918335399464784,0.409183353994705,5.717648576819556e-14
163,176,0.39997850008367963,0.39997850008375746,7.782663402622347e-14
163,184,0.4147620428390258,0.41476204283903306,7.271960811294775e-15
163,197,0.4164681783147218,0.41646817831477595,5.412337245047638e-14
164,130,0.40575238152432264,0.40575246801938025,8.649505761626486e-08
164,143,0.4087964357249442,0.4087970238205923,5.880956481241206e-07
164,151,0.4279664124052352,0.4279664488225105,3.641727530645511e-08
164,156,0.4213617036045148,0.42136309944592276,1.3958414079584536e-06
164,172,0.4083172299562975,0.40831723957356114,9.617263652117458e-09
164,177,0.42356979171217657,0.42357022507799275,4.3336581617703374e-07
164,185,0.43309511023370295,0.43309513833170343,2.8098000481868723e-08
164,198,0.4309659766209281,0.4309660448737148,6.825278670019586e-08
165,131,0.40935069701099436,0.40964397905077454,0.00029328203978018497
165,144,0.43151642207962715,0.43194552380851037,0.00042910172888321885
165,152,0.4432454578464295,0.4433947098607099,0.0001492520142803988
165,157,0.44047222829829835,0.4407615346745776,0.0002893063762792747
165,173,0.4244649585190713,0.42448232129437563,1.7362775304341493e-05
165,178,0.43305715305895237,0.4332042695207324,0.00014711646178000581
165,186,0.40994325488691175,0.409967744576569,2.4489689657236635e-05
165,199,0.40061208483272437,0.4006293349121501,1.725007942571244e-05
166,132,0.41497719733890914,0.41497745831710814,2.6097819899595365e-07
166,145,0.3995485032454216,0.3995485654147133,6.216929165914209e-08
166,153,0.4114910974983432,0.41149140424546,3.067471168183289e-07
166,158,0.4128288202277425,0.4128288254618023,5.2340597966882285e-09
166,174,0.43482382767223754,0.43482409149514345,2.638229059104269e-07
166,179,0.4275669838485031,0.4275669900715061,6.223003001792904e-09
166,187,0.4255092980934363,0.4255093603233624,6.222992610105393e-08
166,200,0.42129141686132243,0.42129143198999475,1.5128672314901337e-08
167,133,0.43276318380522,0.43276318382068524,1.5465240199574737e-11
167,146,0.42060391769187094,0.42060391769497774,3.106792600959807e-12
167,154,0.4084773169101835,0.40847731693257794,2.2394419652016495e-11
167,159,0.4279971889255699,0.42799718892895183,3.3819058664619206e-12
167,175,0.4504815807577944,0.45048158078305,2.5255630919929217e-11
167,180,0.4276064870878604,0.4276064870889805,1.1201040095443204e-12
167,188,0.42699973972819316,0.4269997397335066,5.313416373553537e-12
167,201,0.4149962283571147,0.4149962283594131,2.298383705578999e-12
168,134,0.4291051878935492,0.4291051880985206,2.0497142871889196e-10
168,147,0.4292951295758479,0.42929513086737414,1.2915262193047283e-09
168,155,0.4220886114127229,0.4220886114920387,7.93157761691532e-11
168,160,0.399162051911125,0.3991620555931777,3.6820526627678873e-09
168,176,0.42053970824489634,0.42053970826484266,1.9946322371566794e-11
168,181,0.4171232679213889,0.417123268990749,1.0693601004696518e-09
168,189,0.4185459736085995,0.4185459736767319,6.813238861980153e-11
168,202,0.411357756665543,0.4113577568828053,2.1726231924645845e-10
169,135,0.421229881194927,0.42150808244678917,0.0002782012518621757
169,148,0.411025149060499,0.4114289017655587,0.0004037527050597123
169,156,0.43291502599203735,0.43305415900245886,0.0001391330104215105
169,161,0.41759314808313597,0.4178804752084561,0.00028732712532014704
169,177,0.43258369228935867,0.4326001847031906,1.6492413831947772e-05
169,182,0.4300904811690614,0.4302297113392813,0.00013923017021988393
169,190,0.4125451326630582,0.4125684494279762,2.3316764918013266e-05
169,203,0.4090995940772993,0.40911386046681697,1.4266389517680889e-05
170,136,0.4123004806854332,0.4123220235994082,2.1542913975047817e-05
170,149,0.4197134856078312,0.4197210601967992,7.574588967995677e-06
170,157,0.39551105062487235,0.3955276782102495,1.662758537712694e-05
170,162,0.41206787163080527,0.4120688236414652,9.520106599159028e-07
170,178,0.43744151040528123,0.4374503623470683,8.851941787069162e-06
170,183,0.41172498334069785,0.4117257918827204,8.085420225567574e-07
170,191,0.4077079015435754,0.40771141009539497,3.508551819575434e-06
170,204,0.40734635816201586,0.4073469025828677,5.444208518445848e-07
171,137,0.42748956603215615,0.42748956603220295,4.679590048795035e-14
171,150,0.41866390704853684,0.4186639070485382,1.3322676295501878e-15
171,158,0.4225411760062848,0.4225411760063554,7.05546732149287e-14
171,163,0.4264384775544652,0.4264384775544652,0.0
171,179,0.40786457108061275,0.4078645710806971,8.43769498715119e-14
171,184,0.4240151899258897,0.4240151899258897,0.0
171,192,0.4013923747147752,0.40139237471478145,6.2727600891321345e-15
171,205,0.41719453198521395,0.41719453198521783,3.885780586188048e-15
172,138,0.42180218232103794,0.4218021824155208,9.448286597546485e-11
172,151,0.41942658734330474,0.4194265882336486,8.903438541985054e-10
172,159,0.4333842584839273,0.43338425851859874,3.467143239177517e-11
172,164,0.4352619819439111,0.4352619850625994,3.118688307601758e-09
172,180,0.4029901392402192,0.4029901392494472,9.228007247230607e-12
172,185,0.4163194557528671,0.4163194564531931,7.003260193982896e-10
172,193,0.42453424706042503,0.4245342470888337,2.8408664309864662e-11
172,206,0.42349952174413114,0.42349952184977563,1.0564449315353386e-10
173,139,0.4081529211347913,0.40815415340936845,1.232274577156467e-06
173,152,0.43135128597994143,0.43135431075578207,3.024775840632099e-06
173,160,0.42488772268501845,0.42488819596124233,4.7327622387793866e-07
173,165,0.41425427036296053,0.4142581773891811,3.9070262205509465e-06
173,181,0.43039775749759046,0.43039782225169954,6.475410907480494e-08
173,186,0.4300529361007567,0.4300541568532757,1.2207525190155444e-06
173,194,0.4165610195559908,0.4165611383538883,1.1879789751922942e-07
173,207,0.44282236113329576,0.4428225012378599,1.401045641169496e-07
174,140,0.4211271992950987,0.42114825535044026,2.1056055341583946e-05
174,153,0.42666700210241665,0.42667470426644216,7.702164025513714e-06
174,161,0.4245695961198135,0.4245864854269279,1.688930711440939e-05
174,166,0.40687684089043696,0.4068777913628116,9.504723746389665e-07
174,182,0.41826014143849993,0.41826884649109514,8.70505259520371e-06
174,187,0.42188003942999774,0.4218808371534391,7.977234413591994e-07
174,195,0.41517676357392014,0.4151803223794784,3.5588055582458367e-06
174,208,0.4189416798725469,0.41894220121448694,5.213419400629249e-07
175,141,0.41939408465888456,0.41939408737586037,2.7169758110012765e-09
175,154,0.41591700900920253,0.4159170096251256,6.159230903080015e-10
175,162,0.41228088502349486,0.4122808881477242,3.1242293196953597e-09
175,167,0.40724466655246033,0.4072446666165103,6.404998753595237e-11
175,183,0.42349465458686075,0.423494657352025,2.765164264229014e-09
175,188,0.4364410383935877,0.4364410384776049,8.401718210038212e-11
175,196,0.42347432538479285,0.4234743260466725,6.618796621893352e-10
175,209,0.42602634921035265,0.4260263494320211,2.216684613642883e-10
176,142,0.4015097002234945,0.4015097002238828,3.883005028626485e-13
176,155,0.4462792297063004,0.4462792297088057,2.505273766217897e-12
176,163,0.4121745959932874,0.41217459599342826,1.4088730182493236e-13
176,168,0.3929717916861176,0.3929717916941823,8.064660050877137e-12
176,184,0.39693136297238446,0.39693136297243076,4.629630012686903e-14
176,189,0.4224325362469051,0.4224325362491312,2.2261081866759014e-12
176,197,0.4095057947127755,0.4095057947131721,3.9662717554733717e-13
176,210,0.40676588552832016,0.40676588552897214,6.519784712111232e-13
177,143,0.43239356930937306,0.43239478620049193,1.216891118871466e-06
177,156,0.42474865648812876,0.4247515541459372,2.8976578084205507e-06
177,164,0.4186154907683307,0.4186159342078098,4.43439479080876e-07
177,169,0.43621588033436803,0.43621965280643454,3.772472066509991e-06
177,185,0.4115676892345755,0.4115677470199292,5.778535372424898e-08
177,190,0.41066610858286584,0.41066731021107306,1.2016282072147e-06
177,198,0.425928626352175,0.4259287668015705,1.404493955026176e-07
177,211,0.4158274616161126,0.41582758761647876,1.2600036614074384e-07
178,144,0.40920553773230267,0.40962503096401726,0.00041949323171458497
178,157,0.42256957629024616,0.4228445986496254,0.0002750223593792622
178,165,0.4002554459676774,0.4004185113607767,0.00016306539309929313
178,170,0.41677523407011907,0.4168201040989771,4.487002885800173e-05
178,186,0.4305462752890467,0.4305686453309063,2.237004185956515e-05
178,191,0.4477406517378031,0.44776262468728106,2.1972949477977455e-05
178,199,0.43790629994267954,0.4379220010323124,1.5701089632835785e-05
178,212,0.4022690677941359,0.40227569157204873,6.623777912828643e-06
179,145,0.42101813604798516,0.42101813769543855,1.6474533959254245e-09
179,158,0.41406493382728043,0.41406493401557287,1.8829243719764577e-10
179,166,0.397324891994907,0.39732489393694204,1.942035032787004e-09
179,171,0.4317931619819138,0.4317931619899013,7.987499550665689e-12
179,187,0.4374169600290205,0.43741696168279326,1.6537727853815909e-09
179,192,0.415008291538093,0.41500829155792135,1.982836117520037e-11
179,200,0.41136491735311675,0.41136491779957873,4.464619784982915e-10
179,213,0.404194990023935,0.40419499008261134,5.867634156331292e-11
180,146,0.43654283714390557,0.4365428371442293,3.2374103398069565e-13
180,159,0.4242154608738348,0.42421546087457546,7.406297797274419e-13
180,167,0.4312871790407873,0.4312871790411936,4.063416270128073e-13
180,172,0.4185022330724874,0.41850223307757606,5.088651722218174e-12
180,188,0.4194964112890382,0.41949641128955434,5.161426841482353e-13
180,193,0.4363986848590865,0.43639868485969485,6.083467063433545e-13
180,201,0.42199903514238507,0.4219990351426396,2.5451862839531714e-13
180,214,0.4227258106871358,0.4227258106872811,1.45328193923433e-13
181,147,0.43405307052131065,0.43405307418081557,3.65950492131617e-09
181,160,0.4356799706116659,0.4356799813759213,1.0764255375939058e-08
181,168,0.4203019804741934,0.42030198165003146,1.1758380380477718e-09
181,173,0.42869617112222935,0.4286961906848196,1.9562590269917024e-08
181,189,0.42998343993080107,0.42998344011352296,1.8272189317158904e-10
181,194,0.41605882778698516,0.4160588330903548,5.303369632336796e-09
181,202,0.4072133683783149,0.40721336896714433,5.888294296596541e-10
181,215,0.40767300339408985,0.40767300419017394,7.960840875398389e-10
182,148,0.4061962368115305,0.4066012846071829,0.00040504779565242455
182,161,0.41388769067307773,0.4141676638971832,0.00027997322410544534
182,169,0.42135967527081664,0.4215146955614953,0.00015502029067865353
182,174,0.42629204941026555,0.4263357977527781,4.374834251252846e-05
182,190,0.42646245356896983,0.42648422582750606,2.1772258536223443e-05
182,195,0.4348931327080734,0.43491542837215563,2.2295664082239153e-05
182,203,0.4166849262241142,0.4166981946435898,1.3268419475631621e-05
182,216,0.4378657579804646,0.43787300486957137,7.246889106748977e-06
183,149,0.41736788648644796,0.4173681298608821,2.433744341612254e-07
183,162,0.4227475460875894,0.42274761487911694,6.879152752992113e-08
183,170,0.4181514938770842,0.4181517091884018,2.153113175529242e-07
183,175,0.43204150425116705,0.4320415121280142,7.876847174514978e-09
183,191,0.4110463505846828,0.41104647301502706,1.2243034425152288e-07
183,196,0.3881273519767151,0.38812735951450983,7.53779472173477e-09
183,204,0.41471052286190224,0.41471056348205715,4.062015490635673e-08
183,217,0.41530148065726047,0.4153014964566347,1.5799374253333553e-08
184,150,0.4305852767231223,0.4305852767231331,1.0824674490095276e-14
184,163,0.42105323448746246,0.42105323448746507,2.609024107869118e-15
184,171,0.40825485107025405,0.40825485107027076,1.6708856520608606e-14
184,176,0.427514753920498,0.42751475392051613,1.815214645262131e-14
184,192,0.43425368683136645,0.4342536868314164,4.9960036108132044e-14
184,197,0.41180810776231264,0.41180810776232374,1.1102230246251565e-14
184,205,0.4079904511752481,0.4079904511752829,3.47499806707674e-14
184,218,0.40234705501315604,0.4023470550131594,3.3861802251067274e-15
185,151,0.4283447147035531,0.42834471739105273,2.6874996117420835e-09
185,164,0.3984302730446425,0.3984302825442667,9.499624198383572e-09
185,172,0.41690553830224,0.4169055390514438,7.492038101020171e-10
185,177,0.4176719768944597,0.4176719953227009,1.8428241210788343e-08
185,193,0.4153755276914312,0.4153755277763382,8.490697034346795e-11
185,198,0.42051518466531,0.4205151896057856,4.940475584191972e-09
185,206,0.43643976895883685,0.43643976927499806,3.161612083246723e-10
185,219,0.426180201290989,0.4261802016354277,3.444386997841775e-10
186,152,0.4202753563548298,0.420279770962548,4.414607718161712e-06
186,165,0.41487537650807443,0.4148810653740105,5.6888659360487814e-06
186,173,0.4013781689772699,0.40137947860134815,1.309624078238425e-06
186,178,0.40634467293172605,0.40634900353546677,4.3306037407209175e-06
186,194,0.3872799577782681,0.3872801210300432,1.6325177509823874e-07
186,199,0.42114277318419213,0.42114407019763245,1.2970134403156308e-06
186,207,0.43748367989945264,0.4374838726535668,1.9275411416996846e-07
186,220,0.4198662263934367,0.4198663695764737,1.4318303703797497e-07
187,153,0.42057390668549866,0.4205741621300654,2.554445667213301e-07
187,166,0.41832343029936125,0.4183234917312706,6.143190933727283e-08
187,174,0.4044390625243352,0.4044392822250474,2.197007121784722e-07
187,179,0.40931852372927985,0.4093185289364792,5.207199338386204e-09
187,195,0.43404565576875886,0.43404578303587427,1.272671154017857e-07
187,200,0.4503159290541523,0.45031594169517275,1.26410204526195e-08
187,208,0.4261164003569814,0.4261164347096583,3.4352676925308856e-08
187,221,0.42679445707412944,0.42679446329576265,6.221633208625121e-09
188,154,0.415391847968383,0.4153918479981981,2.981509483745981e-11
188,167,0.418156813306767,0.41815681331219584,5.428824056963322e-12
188,175,0.4268511420139024,0.4268511420475243,3.362188305544578e-11
188,180,0.4278863211766507,0.42788632117811853,1.4678258608569195e-12
188,196,0.40844789937827175,0.40844789941040244,3.21306869999205e-11
188,201,0.4189359018870821,0.4189359018901194,3.0373481507695033e-12
188,209,0.4451522469971621,0.44515224700958433,1.2422229911379645e-11
188,222,0.4232869809991011,0.4232869810032868,4.185707336290534e-12
189,155,0.42485662529114776,0.4248566253001287,8.980927113100279e-12
189,168,0.41489962385568313,0.41489962388591733,3.0234204029255807e-11
189,176,0.42960907767102724,0.4296090776735767,2.5494606425979782e-12
189,181,0.4216094339179892,0.4216094339875057,6.951650366460171e-11
189,197,0.42569407901123685,0.4256940790125696,1.3327672299112692e-12
189,202,0.4212173804171179,0.421217380440349,2.3231083723374013e-11
189,210,0.4071233931458056,0.40712339314800394,2.1983526110602725e-12
189,223,0.43899204628191996,0.43899204628479166,2.87170287549543e-12
190,156,0.41396972729030773,0.41397394935354515,4.222063237413476e-06
190,169,0.41167591816887733,0.41168140248896756,5.484320090232142e-06
190,177,0.42297856819306257,0.42297984575967035,1.2775666077824432e-06
190,182,0.4046322765600904,0.4046365160833188,4.239523228422026e-06
190,198,0.4055302763383116,0.40553047224967936,1.959113677396651e-07
190,203,0.40603879733239995,0.4060399111055374,1.1137731374399884e-06
190,211,0.4204963137707029,0.4204964894932744,1.75722571493786e-07
190,216,0.4222955064837834,0.4222961544575303,6.479737469367031e-07
191,157,0.4322296088954111,0.43223751816118355,7.909265772432228e-06
191,170,0.41017966618873986,0.41018293771218134,3.271523441483737e-06
191,178,0.4365617735932467,0.4365659907581948,4.217164948083774e-06
191,183,0.42535260130492125,0.42535300750598687,4.0620106561695124e-07
191,199,0.4083459202260131,0.4083471924213712,1.272195358059669e-06
191,204,0.4258701768430883,0.425870450593027,2.7374993866180475e-07
191,212,0.4429000039850179,0.44290056083717916,5.568521612708821e-07
191,217,0.38871580862130106,0.3887159025774309,9.39561298207714e-08
192,158,0.4007233349524681,0.4007233349617749,9.306833081978994e-12
192,171,0.4293857317153818,0.4293857317157764,3.9457326295178063e-13
192,179,0.42323578126722944,0.42323578127829264,1.1063205906935991e-11
192,184,0.4119815328911602,0.41198153289118805,2.786659791809143e-14
192,200,0.4037865497506226,0.4037865497727107,2.2088109119522414e-11
192,205,0.42233582627826743,0.4223358262789002,6.32771612885108e-13
192,213,0.4031142279782551,0.40311422798115454,2.899458451111059e-12
192,218,0.42099067695037085,0.4209906769504408,6.994405055138486e-14
193,159,0.42944431364178115,0.42944431364350955,1.7283952047364437e-12
193,172,0.4158185415061838,0.4158185415163802,1.01963992804599e-11
193,180,0.41972182847580525,0.4197218284762607,4.554689958524705e-13
193,185,0.43936690378975185,0.43936690381769683,2.7944979663629965e-11
193,201,0.3973447604567884,0.3973447604572917,5.033196082138147e-13
193,206,0.42537482124868065,0.42537482125390463,5.22398790891998e-12
193,214,0.4411310648947352,0.441131064895055,3.1979974224327634e-13
193,219,0.41689406235934795,0.4168940623650483,5.700329097635404e-12
194,160,0.42885209824511505,0.42885211859840355,2.0353288499030953e-08
194,173,0.39263149456911467,0.3926315316665764,3.7097461713653246e-08
194,181,0.43136584133958183,0.4313658469424554,5.602873554000354e-09
194,186,0.42946760875018747,0.42946765452523383,4.577504636449348e-08
194,202,0.42176770064432384,0.4217677017079719,1.0636480585191066e-09
194,207,0.41782095420432996,0.4178209655722375,1.1367907559733936e-08
194,215,0.4160573025544868,0.41605730399321816,1.4387313562735926e-09
194,220,0.41626258879030886,0.4162625974075577,8.617248858922011e-09
195,161,0.40780805465235764,0.40781645081668255,8.39616432490864e-06
195,174,0.4250710226219916,0.4250743758280846,3.3532060930152596e-06
195,182,0.4291280965587352,0.4291324311702962,4.334611561018775e-06
195,187,0.4280360363042963,0.4280364486791505,4.1237485420841935e-07
195,200,0.42715496017761384,0.42715504818681144,8.800919759632819e-08
195,203,0.4157519570859914,0.41575309746946776,1.140383476372353e-06
195,208,0.42264740255893407,0.42264767220024546,2.6964131139006753e-07
195,216,0.42879785860990566,0.4287985221579117,6.635480060412924e-07
196,162,0.4207156328466592,0.4207156358371167,2.990457492746401e-09
196,175,0.41192514134037606,0.4119251420025374,6.621613257706827e-10
196,183,0.42320277858156197,0.42320278122830596,2.646743990641909e-09
196,188,0.4419275232471723,0.44192752332756646,8.039413579297161e-11
196,201,0.41853767383869706,0.4185376738709487,3.225164579845341e-11
196,204,0.4229241467845286,0.42292414863289957,1.8483709562922002e-09
196,209,0.41806716349272516,0.41806716370486374,2.1213858447666212e-10
196,217,0.41061402604733255,0.410614026904008,8.566754527983278e-10
197,163,0.42614317323900525,0.42614317323906553,6.0285110237146e-14
197,176,0.40336602486234907,0.4033660248625849,2.3581137043038325e-13
197,184,0.40865006327375974,0.40865006327378134,2.1593837828959295e-14
197,189,0.408544152151757,0.4085441521524063,6.493139359520228e-13
197,202,0.4279192669483472,0.4279192669500453,1.698086116164177e-12
197,205,0.4114110774697137,0.41141107747005756,3.43836070726411e-13
197,210,0.43987568485131123,0.4398756848515688,2.575717417130363e-13
197,218,0.4161084058121096,0.4161084058121537,4.4075854077618715e-14
198,164,0.4196775813849078,0.4196776054786109,2.409370308820158e-08
198,177,0.417869567419215,0.417869614223609,4.680439402715564e-08
198,185,0.4100295753137,0.4100295806113013,5.2976013020789026e-09
198,190,0.3893082813878098,0.38930834033449974,5.8946689918126793e-08
198,203,0.41718184685481835,0.41718188819146246,4.1336644107659026e-08
198,206,0.44745265736700846,0.44745265815176805,7.847595906440574e-10
198,211,0.4124945219556352,0.41249453312150547,1.1165870283935675e-08
198,219,0.42641221051306494,0.4264122113679454,8.548804442121138e-10
199,165,0.4195924825335855,0.41959637298104513,3.8904474596312966e-06
199,178,0.4350019758533896,0.4350049308384379,2.9549850482646356e-06
199,186,0.4089113769007295,0.4089125905391301,1.213638400610062e-06
199,191,0.4287645962218153,0.4287658102511921,1.2140293768059252e-06
199,204,0.4301181215046792,0.4301183206939084,1.9918922916639659e-07
199,207,0.419013349491836,0.4190134884992548,1.3900741879790957e-07
199,212,0.4264124337565616,0.4264128310854279,3.9732886625287733e-07
199,220,0.40973619573644643,0.4097362990951724,1.0335872596689555e-07
200,166,0.4195405035809237,0.4195405153343108,1.1753387096913315e-08
200,179,0.4335944836604082,0.43359448470128303,1.040874830771088e-09
200,187,0.42516169103157064,0.4251617009817326,9.950161972138716e-09
200,192,0.41167754207342494,0.4116775421563966,8.29716850780926e-11
200,195,0.43654555718397553,0.4365455803708371,2.31868615974129e-08
200,205,0.4158272739107708,0.4158272739675983,5.6827487160404644e-11
200,208,0.41096836989546687,0.4109683764818739,6.586407030884089e-09
200,213,0.4377996129761726,0.4377996132423796,2.6620700088741955e-10
200,221,0.42342320542541917,0.42342320664530214,1.2198829724141547e-09
201,167,0.41770294858576507,0.4177029485878272,2.0621282459387658e-12
201,180,0.43097658979580866,0.4309765897963963,5.876410469340954e-13
201,188,0.409541770061647,0.40954177006431497,2.6679769504767137e-12
201,193,0.4121748655556037,0.41217486555701993,1.416256001363081e-12
201,196,0.4092330600118885,0.40923306002366383,1.1775302954930567e-11
201,206,0.4262664963620987,0.42626649636734815,5.249467527335128e-12
201,209,0.4301107127696847,0.4301107127742782,4.593492253235354e-12
201,214,0.4343996438317835,0.4343996438322724,4.889422200449189e-13
201,222,0.39966863759599414,0.39966863759755755,1.5634160632771454e-12
202,168,0.4178187734331964,0.4178187735385593,1.0536288508333769e-10
202,181,0.4251552135544664,0.425155213799152,2.4468560511081705e-10
202,189,0.414816288714813,0.4148162887412323,2.6419255672038844e-11
202,194,0.4030007131517212,0.40300071355679606,4.0507486254171e-10
202,197,0.4301146475185172,0.4301146475227007,4.183486890241284e-12
202,207,0.42145850327087186,0.4214585037234354,4.5256354219702644e-10
202,210,0.42078172019110655,0.4207817201980298,6.923239759260014e-12
202,215,0.42206211672864713,0.42206211683361283,1.0496570279627804e-10
202,223,0.4177144018662009,0.4177144018752639,9.062972594620078e-12
203,169,0.3986278308600994,0.3986310823128332,3.251452733776805e-06
203,182,0.43149928731382253,0.43150179473980466,2.50742598212339e-06
203,190,0.41523970218703227,0.4152407400638407,1.0378768084406964e-06
203,195,0.42605481447559557,0.42605587976416337,1.06528856780308e-06
203,198,0.4201201599901469,0.4201202816683191,1.2167817220465338e-07
203,208,0.4225287371286031,0.4225289003771032,1.6324850010684955e-07
203,211,0.4236208514406257,0.42362096060379634,1.0916317061404612e-07
203,216,0.4248164260417649,0.42481682003615273,3.939943878372709e-07
203,224,0.42795557869519174,0.4279556244084188,4.57132270370586e-08
204,170,0.4335193685160825,0.43351951212808615,1.4361200362245086e-07
204,183,0.4010179070008224,0.4010179468812494,3.9880427016303344e-08
204,191,0.41954777232140184,0.4195478540179852,8.169658338719188e-08
204,196,0.43259003661367834,0.4325900417181811,5.104502764918806e-09
204,199,0.4106740658761721,0.4106741300070987,6.413092656920583e-08
204,209,0.43052962376441306,0.4305296253012928,1.5368797345871599e-09
204,212,0.4380906703327222,0.4380907009374562,3.060473402483055e-08
204,217,0.4211651356636022,0.42116514629083196,1.062722976286068e-08
204,225,0.42577207427737457,0.4257720788861052,4.6087306193598465e-09
205,171,0.4135330430469786,0.4135330430473423,3.637090628672013e-13
205,184,0.41427448338070133,0.41427448338072714,2.581268532253489e-14
205,192,0.41995338693588474,0.41995338693679357,9.088285679581531e-13
205,197,0.43889773027068135,0.43889773027078716,1.0580425424677742e-13
205,200,0.43187580014313465,0.43187580016399785,2.086320005645348e-11
205,210,0.4225654362981028,0.4225654362982714,1.6864287744056128e-13
205,213,0.42989141595225655,0.42989141595495495,2.698397061351443e-12
205,218,0.43819914637602325,0.4381991463760885,6.522560269672795e-14
205,226,0.4235221192110947,0.42352211921156235,4.676259379721159e-13
206,172,0.4354276332057727,0.43542763324739586,4.162314937161682e-11
206,185,0.4394217142655405,0.4394217143794057,1.1386519505052206e-10
206,193,0.42615355890516976,0.4261535589111656,5.995814955639389e-12
206,198,0.42472279071059155,0.4247227909687073,2.5811575099510264e-10
206,201,0.4300981088778264,0.4300981088798892,2.062794379753541e-12
206,211,0.40552970089842577,0.40552970113153175,2.3310597896397667e-10
206,214,0.4313345819247909,0.43133458192611374,1.322830733840874e-12
206,219,0.4390303797454011,0.43903037976895626,2.3555157824262096e-11
206,227,0.4143445500769797,0.4143445500812896,4.309941292746089e-12
207,173,0.4293233400104273,0.42932338442495377,4.441452644554644e-08
207,186,0.40362163476912555,0.40362168960378497,5.483465942424104e-08
207,194,0.390715612985792,0.3907156246588037,1.167301172388946e-08
207,199,0.4243855932328386,0.42438563715965355,4.392681496323547e-08
207,202,0.43958592594043067,0.4395859271856114,1.2451807362978684e-09
207,212,0.4334670777502716,0.43346709875771977,2.1007448169907406e-08
207,215,0.4212391437857378,0.4212391454704237,1.684685890790405e-09
207,220,0.4083845858547311,0.40838459607218125,1.0217450163718667e-08
207,228,0.4208888648708702,0.4208888658873859,1.0165157049435436e-09
208,174,0.42552333781692986,0.42552347975255317,1.4193562331010767e-07
208,187,0.412247609516996,0.4122476432168489,3.369985290824218e-08
208,195,0.4329137269840813,0.43291380925203626,8.226795494836736e-08
208,200,0.419866553933605,0.41986656213926704,8.205662038740513e-09
208,203,0.41951856865997494,0.4195186248221583,5.616218334836276e-08
208,213,0.42680433876962875,0.42680433963196784,8.623390890249993e-10
208,216,0.41069806873193465,0.41069810391548045,3.5183545799011284e-08
208,221,0.4355068704277578,0.4355068744691727,4.041414869426774e-09
208,229,0.43590211374570104,0.43590211670298823,2.9572871929062217e-09
209,175,0.4308602183946988,0.4308602185849483,1.9024948283430376e-10
209,188,0.44227685434271174,0.44227685436767517,2.4963420219847876e-11
209,196,0.42703560143662145,0.4270356016185948,1.8197332529723553e-10
209,201,0.43391441431606775,0.43391441432620986,1.014210937455573e-11
209,204,0.4259661564305522,0.42596615693087936,5.003271685843913e-10
209,214,0.42400687570208556,0.4240068757058312,3.745614929329122e-12
209,217,0.4501145551283289,0.450114555364604,2.362751105877692e-10
209,222,0.4354695407422855,0.4354695407612093,1.8923806965887024e-11
209,230,0.4156614512285396,0.41566145125683635,2.8296753828982446e-11
210,176,0.4023557272043599,0.4023557272047558,3.959055305813308e-13
210,189,0.43354496853049324,0.43354496853159047,1.0972334152370422e-12
210,197,0.4358928520116586,0.43589285201192585,2.672306820272752e-13
210,202,0.4173243690065646,0.4173243690094391,2.874478433056993e-12
210,205,0.43717735668561336,0.4371773566861788,5.654365864415922e-13
210,215,0.41526144320538655,0.4152614432091951,3.808564574825368e-12
210,218,0.4235826348195531,0.42358263481962777,7.466249840604178e-14
210,223,0.43745372245947084,0.43745372246002834,5.574984918155224e-13
210,231,0.42460100706033777,0.42460100706053744,1.996736109788344e-13
211,177,0.4310143003215795,0.4310143421339689,4.181238938416598e-08
211,190,0.4213984545062863,0.4213985071562605,5.264997415821426e-08
211,198,0.40153880225084476,0.4015388133424599,1.1091615126357368e-08
211,203,0.41542370410237384,0.4154237410317384,3.692936456634044e-08
211,206,0.4281684331810141,0.4281684338837487,7.027345927390627e-10
211,216,0.4106115572836524,0.4106115804371555,2.3153503114770047e-08
211,219,0.43419289156171426,0.43419289232724684,7.655325817701453e-10
211,224,0.39791147432110935,0.3979114786338216,4.3127122428821e-09
211,232,0.4030696041444524,0.4030696045905113,4.460588565180501e-10
212,178,0.4158361162831232,0.41583734852633203,1.2322432088041069e-06
212,191,0.4473982343711632,0.44739874468595353,5.103147903140481e-07
212,199,0.41512795430957594,0.41512833537160637,3.8106203043009046e-07
212,204,0.42382382982713873,0.42382391507415823,8.524701949896851e-08
212,207,0.4135475868303099,0.41354764638200503,5.955169513072178e-08
212,217,0.4219502239340548,0.4219502535247744,2.9590719596850334e-08
212,220,0.4106800920071926,0.4106801363284237,4.432123112962927e-08
212,225,0.4326632931061982,0.43266330404590475,1.093970652954468e-08
212,233,0.40937998353263727,0.4093799907570551,7.224417841733555e-09
213,179,0.4234077260510677,0.423407726103435,5.236733269242677e-11
213,192,0.40417097760661735,0.4041709776112553,4.6379566853715914e-12
213,200,0.4042129547307792,0.4042129548352576,1.0447842591077006e-10
213,205,0.41636793660240806,0.4163679366054059,2.9978242110928477e-12
213,208,0.4239767200093425,0.4239767202678329,2.584903957547624e-10
213,218,0.42516502499164993,0.42516502499198194,3.3201219551415306e-13
213,221,0.4157500034084154,0.4157500034636115,5.519612544802044e-11
213,226,0.4265816278138771,0.4265816278162633,2.386202346826849e-12
213,234,0.4366017684352818,0.43660176843801135,2.7295388171921786e-12
214,180,0.3979931402541635,0.3979931402543506,1.8712809080057013e-13
214,193,0.43063255952576224,0.43063255952621676,4.545253062815391e-13
214,201,0.40997276402473426,0.40997276402508237,3.4811042937121783e-13
214,206,0.43775106794287577,0.43775106794456187,1.6860957074982252e-12
214,209,0.4201194480791632,0.42011944808047674,1.313560371585254e-12
214,219,0.4215439421217915,0.42154394212362184,1.830313678397033e-12
214,222,0.4139241780618485,0.4139241780623011,4.5258241598844506e-13
214,227,0.4255937994655972,0.42559379946595016,3.5293989952833726e-13
215,181,0.422234868910494,0.4222348692436969,3.3320290970806354e-10
215,194,0.42155521875957314,0.4215552193114053,5.518321910535917e-10
215,202,0.4150286203680001,0.4150286204741759,1.0617579038196823e-10
215,207,0.40900740521659706,0.4090074058332775,6.166804289442496e-10
215,210,0.38285304747257637,0.3828530474819172,9.340805906532523e-12
215,220,0.4084612819141914,0.40846128239708385,4.828924482502828e-10
215,223,0.4309287866429626,0.4309287866551933,1.2230716439631806e-11
215,228,0.4117587537954412,0.411758753883438,8.799683204330222e-11
216,182,0.43455167006217105,0.43455299775591794,1.3276937468886807e-06
216,190,0.44138297089897977,0.44138353326558194,5.623666021747908e-07
216,195,0.42379976683622445,0.4238003440566404,5.772204159648631e-07
216,203,0.4476059580733803,0.44760632501205627,3.66938675999684e-07
216,208,0.4166191777029757,0.4166192684800893,9.077711360383489e-08
216,211,0.4025189812774475,0.4025190420337397,6.075629221946599e-08
216,221,0.4226446929813718,0.42264470645507246,1.3473700655186605e-08
216,224,0.4214717037951322,0.4214717292852905,2.549015826192047e-08
216,229,0.3958931254294078,0.39589313588842595,1.0459018151554034e-08
217,183,0.4137100772766215,0.41371009044935536,1.317273384815465e-08
217,191,0.4127462124192567,0.4127462378308123,2.5411555637511185e-08
217,196,0.41438157145323123,0.41438157328412395,1.8308927152155263e-09
217,204,0.4122277247608043,0.41222773378617106,9.025366731751916e-09
217,209,0.4330519757026808,0.43305197626451825,5.618374654403624e-10
217,212,0.4381932237387825,0.43819323340111527,9.662332767224058e-09
217,222,0.4153093558904869,0.41530935604976865,1.5928175445267811e-10
217,225,0.4235913230761765,0.4235913246677793,1.5916028495155388e-09
217,230,0.413456885229168,0.4134568854712631,2.4209506621630794e-10
218,184,0.4170268397401594,0.41702683974016025,8.326672684688674e-16
218,192,0.42779727149118474,0.4277972714912523,6.755707104844078e-14
218,197,0.4062140120174611,0.4062140120174742,1.3100631690576847e-14
218,205,0.42343332629943037,0.42343332629947744,4.707345624410664e-14
218,210,0.42259958518753665,0.4225995851875566,1.992850329202156e-14
218,213,0.43533951209398236,0.4353395120942039,2.2154500456395e-13
218,223,0.4194046525441506,0.4194046525441762,2.5590640717609858e-14
218,226,0.4347672920222169,0.4347672920222537,3.680389326632394e-14
218,231,0.4320653186618033,0.43206531866181425,1.0935696792557792e-14
219,185,0.42825418206773225,0.4282541821906233,1.2289103068496843e-10
219,193,0.42128778340391704,0.42128778341040607,6.489031534329115e-12
219,198,0.42525879030134983,0.4252587905798156,2.7846575045842314e-10
219,206,0.4259938597423731,0.4259938597657323,2.3359203460415756e-11
219,211,0.43087975444022847,0.430879754691722,2.5149354820896974e-10
219,214,0.4187235286528805,0.41872352865430984,1.4293566330536578e-12
219,224,0.4285825691156562,0.4285825692272228,1.1156664481148937e-10
219,227,0.3991185743865458,0.3991185743912095,4.663713859542895e-12
219,232,0.408671036030132,0.40867103604508137,1.4949375071182658e-11
220,186,0.4453492975019695,0.4453493377510502,4.024908067945532e-08
220,194,0.4217788893100209,0.4217788979497334,8.639712500979613e-09
220,199,0.41974689529445813,0.4197469275507516,3.225629346959025e-08
220,207,0.42853282477182264,0.4285328347488066,9.976983961212937e-09
220,212,0.40702286577180996,0.4070228812196031,1.5447793155765055e-08
220,215,0.4134710740156079,0.41347107527628246,1.2606745647403272e-09
220,225,0.40872296833392624,0.4087229707260988,2.3921725711417707e-09
220,228,0.4104690841079156,0.41046908486908096,7.611653529693285e-10
220,233,0.4421344918630858,0.44213449326802573,1.4049399421622866e-09
221,187,0.40974327189832854,0.4097432758320022,3.933673664580084e-09
221,200,0.4276464608136155,0.4276464617984457,9.848301618653466e-10
221,208,0.42387418418727124,0.4238741867948531,2.6075818726489786e-09
221,213,0.3985479965947792,0.3985479967055289,1.1074968719881895e-10
221,216,0.4249042237939013,0.424904227626574,3.832672679227045e-09
221,226,0.4291709934856272,0.42917099350413224,1.8505030840998415e-11
221,229,0.4105058777295872,0.41050587808757716,3.579899710004497e-10
221,234,0.4314446203057607,0.43144462032691117,2.115047026407524e-11
222,188,0.4185774074570648,0.41857740746418887,7.1240791044147045e-12
222,201,0.40531966564715716,0.4053196656500819,2.924716024921281e-12
222,209,0.43586564165342223,0.4358656416704349,1.701266905129728e-11
222,214,0.4161942007961245,0.41619420079722824,1.1037282199310994e-12
222,217,0.42934254396828164,0.4293425440309244,6.264277985223998e-11
222,227,0.42456185031203914,0.4245618503142514,2.212285910019318e-12
222,230,0.4129043848456106,0.41290438485342607,7.81547049300002e-12
222,235,0.43047232034656685,0.43047232034830746,1.7406076580073204e-12
223,189,0.4231002291360234,0.4231002291374808,1.457389764425443e-12
223,202,0.4164644932017062,0.4164644932055303,3.8241076971701204e-12
223,210,0.3976669903354901,0.3976669903360616,5.715428130770306e-13
223,215,0.41892817735158233,0.41892817735665017,5.067835040506452e-12
223,218,0.43389769411353013,0.43389769411362883,9.869882688917642e-14
223,226,0.40777255316840644,0.4077725531689825,5.760392163267625e-13
223,228,0.41195115207871347,0.41195115208194955,3.2360780721774063e-12
223,231,0.4288546077741412,0.42885460777440576,2.645661467681748e-13
223,236,0.4214964570967339,0.4214964570971891,4.551914400963142e-13
224,203,0.3916564713329844,0.3916564862539245,1.492094009458711e-08
224,211,0.418100690568868,0.4181006946413514,4.072483406059035e-09
224,216,0.41952957289894066,0.41952958226940107,9.370460407609471e-09
224,219,0.4281318470343916,0.42813184734935256,3.1496094621275006e-10
224,227,0.42678586947123925,0.4267858695274218,5.618255860539989e-11
224,229,0.405794679316073,0.4057946801163413,8.002682960750462e-10
224,232,0.42442995199603495,0.4244299521795995,1.8356455244727954e-10
224,237,0.42234286492376205,0.4223428649871093,6.334727187251588e-11
225,204,0.42525453091107857,0.425254533994805,3.083726440866741e-09
225,212,0.40534236121412537,0.4053423642389281,3.0248027416135415e-09
225,217,0.418103140565553,0.41810314183057057,1.2650175906792072e-09
225,220,0.42425565734942106,0.42425565904631496,1.6968939031691832e-09
225,228,0.4157883719911587,0.4157883721973586,2.061998904956397e-10
225,230,0.42627837601444246,0.42627837611258634,9.814388191031753e-11
225,233,0.42927961670917714,0.42927961704097867,3.3180153069523044e-10
225,238,0.4081681759329181,0.40816817597708993,4.417183285809756e-11
226,205,0.41804521879044765,0.4180452187908553,4.076738946423575e-13
226,213,0.42331411426621435,0.42331411426808574,1.871391930308164e-12
226,218,0.4098563315562284,0.40985633155627266,4.424238753131249e-14
226,221,0.42579514332305335,0.42579514333077734,7.723988115770908e-12
226,223,0.4136288607980784,0.4136288607982316,1.5315526624704034e-13
226,229,0.4445500042041542,0.44455000420962953,5.475342401695116e-12
226,231,0.40651358590092407,0.40651358590098574,6.167288901792745e-14
226,234,0.4081217240634864,0.4081217240638563,3.698708006538709e-13
226,236,0.4324652334086828,0.43246523340878357,1.0075273948473296e-13
227,206,0.43218399991448225,0.4321839999185999,4.117650664881012e-12
227,214,0.40414933286439936,0.40414933286467575,2.763900219804327e-13
227,219,0.43073157089182224,0.43073157089631087,4.488631688559508e-12
227,222,0.42487619346410266,0.4248761934647211,6.184497358674435e-13
227,224,0.40923000088615286,0.4092300009085162,2.236333340732699e-11
227,230,0.4041100528040662,0.40411005280495094,8.847367283237872e-13
227,232,0.4326766754074878,0.4326766754101193,2.6315061241177773e-12
227,235,0.4267301425658085,0.42673014256606817,2.596811654598241e-13
227,237,0.4015749610610719,0.4015749610619926,9.207079543216423e-13
228,207,0.4267778328725993,0.4267778332368586,3.642592893982055e-10
228,215,0.44173891822486916,0.44173891831005074,8.518158400860898e-11
228,220,0.41309214029534586,0.4130921405808122,2.854663172513483e-10
228,223,0.43732878851794565,0.43732878852537926,7.433609283680198e-12
228,225,0.41272880893566166,0.4127288090573695,1.2170781049647417e-10
228,231,0.4091356587593986,0.40913565876184327,2.4446555890733634e-12
228,233,0.41363891794548546,0.41363891800963615,6.415068476428587e-11
228,236,0.4104760561333652,0.41047605613878085,5.415667914121514e-12
228,238,0.4384146213339637,0.4384146213468485,1.2884804334589717e-11
229,208,0.4264634721656966,0.4264634743601132,2.1944166483933714e-09
229,216,0.4091926966909149,0.4091927000091485,3.3182335767989457e-09
229,221,0.4265728418372379,0.42657284224659725,4.0935932421604093e-10
229,224,0.42097406558970746,0.42097406623684164,6.47134179576625e-10
229,226,0.4131051618267463,0.4131051618416769,1.4930612302066493e-11
229,232,0.41931939860069345,0.419319398670694,7.000056090333828e-11
229,234,0.42166872938460687,0.42166872940166905,1.7062184998195562e-11
229,237,0.43818516873297003,0.43818516875716734,2.4197310821705287e-11
230,209,0.4274476738885475,0.42744767391450633,2.595884618372679e-11
230,217,0.43522533528901175,0.43522533538461183,9.560008340514514e-11
230,222,0.4142826947845509,0.4142826947925477,7.99682542407254e-12
230,225,0.4123286066132823,0.41232860666457954,5.1297244230141814e-11
230,227,0.4347507795661246,0.43475077956940417,3.279543303591481e-12
230,233,0.41015834950475594,0.41015834953152563,2.6769697569761775e-11
230,235,0.4121315476828215,0.4121315476854655,2.6439961331448103e-12
230,238,0.4207182470581749,0.42071824706400385,5.828948435038228e-12
231,210,0.4289249927085983,0.42892499270877554,1.7724710588140624e-13
231,218,0.39530418955958163,0.39530418955961266,3.1030733538273125e-14
231,223,0.41572684068421967,0.4157268406844483,2.28650431921551e-13
231,226,0.417354979230984,0.417354979231178,1.9395596240201485e-13
231,228,0.42471074572631856,0.42471074572727663,9.580669591002788e-13
231,234,0.42425816216246465,0.4242581621626843,2.1965762542208722e-13
231,236,0.42537182235311066,0.42537182235324983,1.3916645613676337e-13
231,239,0.421140303249009,0.42114030324912155,1.1257661469699087e-13
232,211,0.4085363924632277,0.40853639260888774,1.4566003958549345e-10
232,219,0.4143950265521642,0.4143950265667925,1.4628298572461063e-11
232,224,0.4170980919639847,0.4170980920285383,6.455364021107357e-11
232,227,0.4046281901928605,0.40462819019553936,2.6788571361180402e-12
232,229,0.4072057499109044,0.4072057499425694,3.166500395224148e-11
232,235,0.4409749983051094,0.44097499830582265,7.132627821704318e-13
232,237,0.43412603247208353,0.43412603247507486,2.9913294063987905e-12
232,239,0.42055216692086617,0.4205521669214259,5.597189378647727e-13
233,212,0.4142471458126923,0.414247148090307,2.277614707946185e-09
233,220,0.41897451539554004,0.4189745165743582,1.1788181542016218e-09
233,225,0.4190585769227027,0.41905857731027146,3.8756875486711806e-10
233,228,0.402262459586171,0.4022624597161012,1.299301777279993e-10
233,230,0.4241945192741423,0.42419451933482866,6.068634483824553e-11
233,235,0.42546345112372763,0.42546345113549905,1.1771417174344379e-11
233,236,0.40063161221772275,0.40063161222861654,1.0893785873378192e-11
233,238,0.43628179944612167,0.43628179947291734,2.6795676788538003e-11
233,239,0.4327378539361825,0.4327378539462028,1.0020262397603119e-11
234,213,0.4139111865957061,0.41391118659782833,2.122246822722218e-12
234,221,0.42376756395180004,0.4237675639605538,8.753775482261972e-12
234,226,0.42707025176337293,0.42707025176373975,3.668176873361517e-13
234,229,0.41646937023890546,0.4164693702451102,6.204758928873844e-12
234,231,0.41697920285490453,0.4169792028549747,7.016609515630989e-14
234,236,0.4164777422495455,0.41647774224966594,1.2045919817182948e-13
234,237,0.44410443970753477,0.444104439708106,5.71209746169643e-13
234,239,0.43883210465676536,0.43883210465687483,1.0946799022804043e-13
235,222,0.4239712173499128,0.4239712173513579,1.445121800003335e-12
235,227,0.4064487258680025,0.4064487258686905,6.880052083602095e-13
235,230,0.43192267489281455,0.4319226748949534,2.138844656940364e-12
235,232,0.4233263767017918,0.4233263767038186,2.0268231537556858e-12
235,233,0.40897875318336535,0.4089787531878711,4.505729123138735e-12
235,237,0.43704355247459403,0.43704355247532195,7.279177260954839e-13
235,238,0.4061781017659335,0.40617810176700037,1.0668688155135442e-12
235,239,0.41262427850985867,0.4126242785102452,3.8652414602324825e-13
236,223,0.4227923201766168,0.42279232017724644,6.296629884161575e-13
236,226,0.42027776583272963,0.42027776583313986,4.1022740759899534e-13
236,228,0.4221162737465543,0.4221162737502694,3.71508379615193e-12
236,231,0.42061468581676226,0.4206146858169797,2.174371793728369e-13
236,233,0.42095991252019366,0.42095991252424847,4.054812041687228e-12
236,234,0.4168422428681694,0.4168422428686357,4.662936703425657e-13
236,237,0.41615810204043874,0.41615810204113524,6.96498414498592e-13
236,238,0.4444873073077837,0.4444873073087769,9.93205517829665e-13
236,239,0.41390579995004645,0.41390579995040616,3.597122599785507e-13
237,224,0.4097125796485437,0.4097125796717786,2.323491399280897e-11
237,227,0.4044872774238867,0.40448727742480556,9.188760863310108e-13
237,229,0.4140246078179244,0.4140246078291288,1.1204426275668311e-11
237,232,0.4144471433801642,0.4144471433831003,2.936095810923689e-12
237,234,0.4119477193437589,0.4119477193445109,7.520095657298498e-13
237,235,0.42516442448466046,0.4251644244849199,2.594591208548991e-13
237,236,0.42289759093261964,0.42289759093283713,2.1749269052406817e-13
237,238,0.42126386646476904,0.42126386646523045,4.614086890342151e-13
237,239,0.41836384353210576,0.41836384353230843,2.0267121314532233e-13
238,225,0.41195857670169883,0.4119585767218438,2.0144996781823465e-11
238,228,0.4307808156737532,0.43078081568316073,9.407530310312495e-12
238,230,0.4345723474070771,0.4345723474120605,4.983402579483709e-12
238,233,0.43791880265032346,0.4379188026607045,1.0381029369455064e-11
238,235,0.42005941293853527,0.4200594129396773,1.1420309142806673e-12
238,236,0.42039114402613936,0.4203911440272081,1.068756194655407e-12
238,237,0.4155594515113908,0.4155594515130441,1.6532886171205519e-12
238,239,0.43538614209508925,0.43538614209598714,8.978928711655954e-13
239,231,0.42058583174835584,0.4205858317485458,1.8995915951336428e-13
239,232,0.4170724137328278,0.41707241373443704,1.6092682741941644e-12
239,233,0.4160234971366536,0.4160234971408539,4.200306769064355e-12
239,234,0.3972661218445227,0.39726612184490767,3.8496983378877303e-13
239,235,0.42876024771750987,0.42876024771793236,4.224953720211033e-13
239,236,0.43600019496613995,0.436000194966535,3.9507286331286195e-13
239,237,0.41531071221252025,0.4153107122130998,5.795364188543317e-13
239,238,0.39931569154534613,0.39931569154627317,9.270362255620057e-13
