source,target,before,after,delta
0,1,0.4238079062664172,0.4238079062664374,2.020605904817785e-14
0,2,0.400710110163205,0.4007101101632554,5.040412531798211e-14
0,3,0.43035791460249345,0.4303579146026596,1.6614487563515468e-13
0,4,0.42535293393543694,0.42535293393567875,2.418065747633591e-13
0,5,0.4248020870779227,0.42480208707843686,5.1414428270391e-13
0,6,0.41788040851994585,0.41788040851996366,1.7819079545233762e-14
0,7,0.4118967540884766,0.41189675408850784,3.1252778143198157e-14
0,8,0.42355984239401623,0.42355984239464767,6.314393452555578e-13
1,0,0.41167717375149937,0.41167717375150864,9.270362255620057e-15
1,2,0.42148429078929406,0.4214842907892995,5.440092820663267e-15
1,3,0.42630679041650776,0.42630679041652375,1.5987211554602254e-14
1,4,0.4306903464952378,0.4306903464952773,3.952393967665557e-14
1,6,0.4149117494264795,0.4149117494264807,1.1657341758564144e-15
1,9,0.4233193407697994,0.4233193407699042,1.0480505352461478e-13
1,11,0.41581940444023363,0.41581940444024384,1.021405182655144e-14
1,14,0.4339421247306175,0.433942124730624,6.494804694057166e-15
2,0,0.4247823740802419,0.42478237408028297,4.107825191113079e-14
2,1,0.4243816825466099,0.4243816825466221,1.2212453270876722e-14
2,3,0.41874025251982633,0.41874025251991837,9.203748874142548e-14
2,4,0.4175843656215583,0.41758436562170537,1.4704903961160198e-13
2,5,0.42093325650762076,0.42093325650789726,2.7650104428289524e-13
2,7,0.4090013492569951,0.40900134925701537,2.0261570199409107e-14
2,10,0.39672874773613487,0.396728747736294,1.591504705800162e-13
2,12,0.4092415946343029,0.40924159463465015,3.4727776210274897e-13
2,15,0.4081022057940206,0.40810220579404577,2.5146551507759796e-14
3,0,0.43821506510794234,0.4382150651081906,2.48245868306185e-13
3,1,0.42195413774179896,0.42195413774185764,5.867528685143952e-14
3,2,0.43936343303888625,0.4393634330390503,1.6403545188836688e-13
3,5,0.41930769132190354,0.4193076913242616,2.3580581931526012e-12
3,6,0.426396728084636,0.4263967280846869,5.090372567906343e-14
3,8,0.41234691134884816,0.41234691135171914,2.8709812305294236e-12
3,11,0.4226239547172035,0.42262395471747966,2.761679773755077e-13
3,13,0.4493200186254549,0.44932001863138443,5.929534641069267e-12
3,16,0.39735876656223745,0.3973587665655094,3.271938275872799e-12
4,0,0.41956214624439414,0.41956214624447674,8.260059303211165e-14
4,1,0.42297209019392956,0.4229720901939763,4.674038933671909e-14
4,2,0.4026247383686518,0.4026247383687249,7.310818617156656e-14
4,6,0.4144611756611641,0.4144611756612055,4.141131881851834e-14
4,7,0.43145213973249663,0.4314521397325834,8.676392937445598e-14
4,9,0.42286420646709433,0.42286420646888667,1.7923440509548527e-12
4,12,0.4010296961957259,0.40102969619733786,1.6119328094532648e-12
4,17,0.42686862693402944,0.42686862695216515,1.8135715151856857e-11
5,0,0.4138546892425474,0.413854689243723,1.175559649624347e-12
5,2,0.4158466512815614,0.4158466512823019,7.405187574249794e-13
5,3,0.40751620512160047,0.4075162051249334,3.332945031075951e-12
5,8,0.4185296024570952,0.4185296024736383,1.654310022303207e-11
5,10,0.42599005679913315,0.4259900568047763,5.643152611867208e-12
5,13,0.418145859677613,0.41814585971656537,3.895239686357854e-11
5,18,0.42922259740331714,0.42922259744030306,3.6985914331211234e-11
5,26,0.4126060887314677,0.41260608886642025,1.3495254913564736e-10
6,0,0.42131147877871605,0.4213114787787238,7.771561172376096e-15
6,1,0.44000973734711984,0.4400097373471206,7.771561172376096e-16
6,3,0.4405424285669064,0.4405424285669194,1.2989609388114332e-14
6,4,0.4304756217180479,0.43047562171808124,3.3362201889985954e-14
6,9,0.4151246636724481,0.4151246636725363,8.820721930646869e-14
6,11,0.43508365293294743,0.43508365293295637,8.93729534823251e-15
6,14,0.41897017645869883,0.4189701764587035,4.6629367034256575e-15
6,19,0.4373142670691329,0.4373142670691329,0.0
6,27,0.418676781166238,0.4186767811662424,4.385380947269368e-15
7,0,0.4025124124479141,0.40251241244792463,1.0547118733938987e-14
7,2,0.40168837194497176,0.4016883719449791,7.327471962526033e-15
7,4,0.44519549348184173,0.44519549348189014,4.8405723873656825e-14
7,10,0.4152428835635271,0.4152428835635662,3.907985046680551e-14
7,12,0.4291600021252949,0.4291600021254089,1.1396439347777232e-13
7,15,0.4175243896934473,0.41752438969345523,7.93809462606987e-15
7,20,0.4055810357955423,0.4055810357957599,2.1760371282653068e-13
7,28,0.42198828531756777,0.42198828531758537,1.759703494030873e-14
8,0,0.40886303736269364,0.40886303736410634,1.4127032876842804e-12
8,3,0.4219844071918125,0.4219844071957985,3.985978214160468e-12
8,5,0.429657259495034,0.4296572595112615,1.6227463817131138e-11
8,11,0.42049266228305854,0.4204926622846105,1.5519807661235063e-12
8,13,0.4141272289573763,0.41412722900335763,4.598132985478287e-11
8,16,0.4069616824034544,0.4069616824253741,2.191974379783801e-11
8,21,0.435588715093538,0.4355887152606664,1.6712836670151887e-10
8,29,0.4393811227901298,0.4393811228735751,8.34453062203977e-11
9,1,0.4142740641812771,0.4142740641814048,1.27675647831893e-13
9,4,0.4103874138558233,0.41038741385765604,1.8327561690512084e-12
9,6,0.43138200657786835,0.4313820065779808,1.1246559239452836e-13
9,12,0.40825993486770135,0.40825993487205414,4.35279590149662e-12
9,14,0.4122371962839667,0.41223719628435124,3.8452574457892297e-13
9,17,0.41404775096209984,0.41404775101066227,4.8562431853582666e-11
9,22,0.4443326020278802,0.4443326020391381,1.1257883514304012e-11
9,30,0.4324982609276265,0.4324982610092498,8.162331921468535e-11
10,2,0.414847375168324,0.41484737516859455,2.7056135110115065e-13
10,5,0.4227132668676849,0.4227132668713629,3.67800234712945e-12
10,7,0.4193328688960704,0.4193328688962247,1.542654892716655e-13
10,13,0.44039181635187913,0.44039181636062363,8.744505120006352e-12
10,15,0.42079006684285314,0.4207900668430534,2.0028423364237824e-13
10,18,0.42210331025329867,0.42210331026286185,9.563183578364942e-12
10,23,0.4007556965064195,0.4007556965078023,1.3827827771706325e-12
10,31,0.4317351033296699,0.43173510333949083,9.820921853531672e-12
11,1,0.41783835285679616,0.41783835285682,2.3814283878209608e-14
11,3,0.43659786004363654,0.43659786004381546,1.7891244041834398e-13
11,6,0.4376702665170839,0.4376702665171042,2.0317081350640365e-14
11,8,0.43368182267078964,0.4336818226714562,6.66577903984944e-13
11,14,0.4281676972986207,0.4281676972986628,4.207745263329343e-14
11,16,0.43225871152584594,0.43225871152664513,7.991940442764189e-13
11,19,0.4226904403866327,0.4226904403866496,1.687538997430238e-14
11,24,0.4253917123439278,0.42539171234421896,2.911559882079473e-13
11,32,0.4210635394968393,0.4210635394969066,6.733502644351574e-14
12,2,0.40957238398489654,0.40957238398506635,1.698086116164177e-13
12,4,0.41122629478373823,0.41122629478530737,1.569133711853965e-12
12,7,0.40728583162858834,0.40728583162879023,2.0189405702808472e-13
12,9,0.40521567696057215,0.4052156769647146,4.142464149481384e-12
12,15,0.4324841032958033,0.4324841032960209,2.1760371282653068e-13
12,17,0.4240497434674027,0.4240497435090245,4.162181710398727e-11
12,20,0.43356565072945047,0.4335656507364519,7.001454971344856e-12
12,25,0.40959713976889034,0.40959713982598667,5.7096327665817626e-11
12,33,0.4256963195083955,0.42569631953205933,2.36638486583729e-11
13,3,0.4034870559398928,0.4034870559555538,1.5660972518816152e-11
13,5,0.42816167836726415,0.4281616784448835,7.761935538752596e-11
13,8,0.41652201117378,0.41652201126688665,9.31066335141395e-11
13,10,0.42166547536084403,0.4216654753864339,2.558986356149262e-11
13,16,0.41356227263399314,0.41356227273270973,9.871659045757042e-11
13,18,0.3851945352651178,0.3851945354875854,2.224675998974135e-10
13,21,0.4075834881326425,0.4075834895212375,1.38859501674915e-09
13,26,0.4094548410447426,0.4094548423778933,1.3331507009439747e-09
13,34,0.4161177927943748,0.4161177953910118,2.5966370165164676e-09
14,1,0.42075217878111115,0.42075217878111115,0.0
14,6,0.43443733197398554,0.43443733197398554,0.0
14,9,0.4130190241103104,0.413019024110337,2.65898414397725e-14
14,11,0.4223202532522796,0.4223202532522796,0.0
14,19,0.42301627011738274,0.42301627011738274,0.0
14,22,0.4171531725991794,0.4171531725992405,6.111777750561487e-14
14,27,0.40618636879201114,0.4061863687920121,9.43689570931383e-16
14,35,0.41330761139085437,0.4133076113909154,6.100675520315235e-14
15,2,0.4160766122898783,0.4160766122898925,1.4210854715202004e-14
15,7,0.4271171485918786,0.4271171485918894,1.0769163338864018e-14
15,10,0.4273246629553266,0.42732466295538507,5.845324224651449e-14
15,12,0.42061389202873767,0.4206138920289256,1.8790524691780774e-13
15,20,0.4168942841365931,0.4168942841369517,3.5860203695392556e-13
15,23,0.43024023379586473,0.43024023379591614,5.140332604014475e-14
15,28,0.42218240602931373,0.42218240602934354,2.980948821118545e-14
15,36,0.44380292591097253,0.44380292591100784,3.530509218307998e-14
16,3,0.420434638572498,0.4204346385766677,4.1696646135847004e-12
16,8,0.40822627381234916,0.4082262738324542,2.010502875293696e-11
16,11,0.4465450098865754,0.4465450098882442,1.6687762283140728e-12
16,13,0.4059235082469779,0.4059235082924836,4.550565479988222e-11
16,21,0.41897415267894506,0.4189741528415858,1.6264073421368153e-10
16,24,0.4283078842436176,0.42830788425004296,6.425360243866862e-12
16,29,0.41566568352516026,0.415665683608489,8.332873280281206e-11
16,37,0.41761989134791905,0.4176198913781844,3.026534578509654e-11
16,50,0.42607354886496035,0.42607354896251903,9.755868335403761e-11
17,4,0.42746222417176216,0.42746222422530417,5.354200416363142e-11
17,9,0.42478208363124165,0.42478208377348203,1.4224038613619427e-10
17,12,0.4021882203896787,0.40218822051611935,1.2644063573929998e-10
17,22,0.41880722455467984,0.4188072248886493,3.33969463195416e-10
17,25,0.4045937919414885,0.4045937944774329,2.535944398918133e-09
17,30,0.40978559927237407,0.4097856024326312,3.1602571115563194e-09
17,38,0.4105933708360694,0.41059337895890413,8.122834738166773e-09
17,51,0.41630472079729647,0.41630473755312,1.675582350646465e-08
18,5,0.4086165947194617,0.40861659476014756,4.068584358307703e-11
18,10,0.4342696845896712,0.43426968460604803,1.6376844325094453e-11
18,13,0.42102855748730594,0.42102855760671976,1.1941381217184244e-10
18,23,0.42244073397482856,0.42244073398669046,1.1861900350851329e-11
18,26,0.4222255844208773,0.42222558484059275,4.1971542907859316e-10
18,31,0.43238407581393434,0.432384075927826,1.1389167386965937e-10
18,39,0.4267910375612811,0.42679103809197083,5.306897143952938e-10
18,52,0.40565463755167713,0.4056546380219903,4.703131772920699e-10
19,6,0.42697990980626654,0.4269799098062689,2.3314683517128287e-15
19,11,0.42378674271397604,0.42378674271398714,1.1102230246251565e-14
19,14,0.4030312983435194,0.4030312983435267,7.271960811294775e-15
19,24,0.41780749066227474,0.41780749066230605,3.1308289294429414e-14
19,27,0.42318460442286265,0.42318460442286976,7.105427357601002e-15
19,32,0.4092988681783509,0.4092988681783588,7.882583474838611e-15
19,40,0.38736435586666035,0.3873643558666648,4.440892098500626e-15
19,45,0.40253461499833243,0.40253461499834875,1.63202784619898e-14
19,53,0.4160619836220264,0.4160619836220265,1.1102230246251565e-16
20,7,0.3949725557639071,0.39497255576430607,3.9895864389905e-13
20,12,0.42532318289928256,0.4253231829066528,7.370215548974102e-12
20,15,0.42248381035316346,0.4224838103535941,4.306555112520982e-13
20,25,0.4188115911204732,0.41881159123328543,1.1281220402281633e-10
20,28,0.40700856842316085,0.40700856842436206,1.2012058014931881e-12
20,33,0.41476224892315283,0.41476224896993674,4.6783910079284396e-11
20,41,0.41144041073928117,0.41144041074191456,2.63339350325964e-12
20,46,0.4187132871810732,0.4187132874282162,2.4714297275352237e-10
20,54,0.4398021231123117,0.43980212315730466,4.4992953807110325e-11
21,8,0.4152818082369368,0.4152818087045141,4.675773102036374e-10
21,13,0.3939209511429723,0.39392095287308265,1.7301103327760359e-09
21,16,0.43825323514147874,0.4382532356296052,4.881264836775756e-10
21,26,0.43299720857350826,0.43299721620850723,7.634998966388196e-09
21,29,0.4114995095940205,0.411499512310923,2.7169025362816512e-09
21,34,0.3997421501849572,0.3997421661871929,1.6002235703194145e-08
21,42,0.43253785436992637,0.4325378678246393,1.345471295488565e-08
21,47,0.4413099703763959,0.44131000233518114,3.1958785229324604e-08
21,55,0.42335413283772155,0.42335417691319577,4.407547421481084e-08
22,9,0.4363658151609713,0.4363658151726609,1.1689593737429504e-11
22,14,0.4339224037451338,0.43392240374606317,9.293676939137185e-13
22,17,0.426888518927891,0.42688851904515807,1.1726708493142723e-10
22,27,0.40995658723713274,0.40995658723801787,8.851253063824061e-13
22,30,0.4060964103217993,0.4060964105188966,1.9709733845019173e-10
22,35,0.4277027358729093,0.4277027359000366,2.7127300405993537e-11
22,43,0.4432877809918209,0.4432877812773345,2.855135572410461e-10
22,48,0.42421241146734057,0.4242124114814363,1.4095724587548375e-11
22,56,0.424789185440119,0.42478918564695667,2.0683765811213561e-10
23,10,0.41213733062173274,0.4121373306228086,1.075861622013008e-12
23,15,0.405958982431438,0.4059589824315871,1.4910295220715852e-13
23,18,0.42304057120116223,0.4230405712060846,4.9223958242805566e-12
23,28,0.43577549653176273,0.43577549653208236,3.1963320878958257e-13
23,31,0.43906802050172516,0.4390680205067862,5.061062680056239e-12
23,36,0.42758890739139543,0.4275889073920306,6.351585923880521e-13
23,44,0.40865719938702305,0.4086571993915667,4.543643239429684e-12
23,49,0.3954702993249515,0.3954702993251242,1.726951914804431e-13
23,57,0.4316661448042606,0.43166614480591603,1.655453552018571e-12
24,11,0.418656982760262,0.4186569827606687,4.067302050714261e-13
24,16,0.41768145397255474,0.4176814539770835,4.528766250899707e-12
24,19,0.402828478092238,0.4028284780923057,6.772360450213455e-14
24,29,0.4031922547019259,0.4031922547165673,1.464139920415164e-11
24,32,0.41471526548130555,0.41471526548159604,2.904898543931722e-13
24,37,0.42693162965958503,0.42693162966558096,5.995925977941852e-12
24,45,0.4203336389611599,0.42033363896165754,4.976574707882264e-13
24,58,0.427486642561002,0.4274866425641737,3.1716851367491472e-12
25,12,0.42705915774419306,0.42705915791797366,1.7378060102046788e-10
25,17,0.4580620734600943,0.45806207599869186,2.538597554391231e-09
25,20,0.41113240217669883,0.41113240250728283,3.3058400461527526e-10
25,30,0.4269700444485176,0.42697004879177364,4.343256032601772e-09
25,33,0.4154476325202508,0.4154476338030719,1.2828211271020962e-09
25,38,0.40504619028103606,0.4050462014440881,1.1163052038298815e-08
25,46,0.40783724349208167,0.4078372514236939,7.931612255873688e-09
25,59,0.42007958645980176,0.4200796168628222,3.040302043455512e-08
26,5,0.40409413260218874,0.40409413298066815,3.7847941447566313e-10
26,13,0.4251736442438642,0.42517364592753887,1.6836746441484252e-09
26,18,0.41957261687041164,0.41957261797495643,1.1045447889657112e-09
26,21,0.4080776379678789,0.4080776457104621,7.742583241210355e-09
26,31,0.41561997787995514,0.41561997901051595,1.1305608116352062e-09
26,34,0.41043469948861633,0.4104347151803158,1.5691699495334888e-08
26,39,0.40464778678497926,0.4046477964194304,9.634451125783983e-09
26,47,0.415284144239201,0.4152841756138419,3.137464088531772e-08
26,60,0.40607984585562157,0.4060798865513297,4.069570813669543e-08
27,6,0.4269575202569576,0.4269575202569576,0.0
27,14,0.4275102144581222,0.4275102144581222,0.0
27,19,0.4094571115457341,0.4094571115457341,0.0
27,22,0.4186537115993628,0.4186537115994021,3.930189507173054e-14
27,32,0.409376186123766,0.409376186123766,0.0
27,35,0.4387345652267986,0.4387345652268379,3.930189507173054e-14
27,40,0.42947937493622595,0.42947937493622595,0.0
27,48,0.40096859984665684,0.40096859984667593,1.9095836023552692e-14
27,61,0.39811399232831224,0.3981139923283203,8.049116928532385e-15
28,7,0.39918764695058323,0.3991876469506075,2.425837308805967e-14
28,15,0.41845142010674974,0.41845142010677755,2.781108676686017e-14
28,20,0.41568615090668154,0.4156861509075654,8.838485499040871e-13
28,23,0.44125272725042736,0.4412527272505079,8.054668043655511e-14
28,33,0.4207034271940113,0.4207034271971564,3.1450952953093747e-12
28,36,0.3979585963566184,0.39795859635667546,5.706546346573305e-14
28,41,0.4243275399884841,0.4243275399886456,1.6148193893172902e-13
28,49,0.4199190458085744,0.4199190458085927,1.8263168755083825e-14
28,62,0.4206507375884333,0.42065073758855387,1.20570220474292e-13
29,8,0.40364170165651986,0.4036417017914134,1.3489354078188853e-10
29,16,0.4012827712059874,0.4012827713510782,1.4509082824076813e-10
29,21,0.418287110651195,0.4182871123799168,1.7287217768391372e-09
29,24,0.4147813251529599,0.4147813251882695,3.530958858632971e-11
29,34,0.431284208841404,0.4312842116895966,2.8481925706813627e-09
29,37,0.43919732384224,0.4391973240416504,1.99410432610847e-10
29,42,0.41865959102981287,0.4186595938993792,2.86956630679569e-09
29,50,0.4355791889968369,0.43557918970520065,7.083637565408196e-10
29,63,0.41224695109320664,0.41224695548653095,4.393324315454805e-09
30,9,0.4029089228538279,0.40290892310540694,2.515790353818659e-10
30,17,0.4162643591979776,0.41626436248485116,3.2868735511115688e-09
30,22,0.4241978778076364,0.4241978783984687,5.908322719960779e-10
30,25,0.40689786364926817,0.4068978681619026,4.512634432796148e-09
30,35,0.4424534697746552,0.44245347036453353,5.898783128621687e-10
30,38,0.434849160652463,0.43484917519839766,1.4545934678977801e-08
30,43,0.42689335525030003,0.42689336346294365,8.212643620719717e-09
30,51,0.41899408463731413,0.41899411466816894,3.0030854802909346e-08
30,64,0.41714903044827584,0.41714906804629187,3.7598016033868475e-08
31,10,0.43102163511430713,0.43102163513107206,1.6764922783352176e-11
31,18,0.42378721863896424,0.4237872187524973,1.1353307183270545e-10
31,23,0.4011844309829301,0.40118443099507894,1.21488374915657e-11
31,26,0.4122137520367392,0.4122137524652648,4.285256038905061e-10
31,36,0.4277856391132546,0.42778563912182266,8.568035170242183e-12
31,39,0.41978710872758435,0.419787109269372,5.417876702829005e-10
31,44,0.4232205362482532,0.42322053635221557,1.0396239424892428e-10
31,52,0.3939336625525154,0.3939336630326774,4.801620212546709e-10
31,65,0.43076811077987,0.4307681110862201,3.063501119449086e-10
32,11,0.39796630574799596,0.3979663057480597,6.372680161348399e-14
32,19,0.4240784188468225,0.4240784188468347,1.2212453270876722e-14
32,24,0.4224033972770706,0.42240339727727244,2.0183854587685346e-13
32,27,0.4169458328067403,0.4169458328067684,2.808864252301646e-14
32,37,0.4294191847838135,0.42941918478452634,7.128186929605818e-13
32,40,0.42020799533783837,0.42020799533785924,2.0872192862952943e-14
32,45,0.40906517755515387,0.4090651775552365,8.26561041833429e-14
32,53,0.4158726982143181,0.41587269821432715,9.048317650695026e-15
32,66,0.4270193831476973,0.42701938314774396,4.668487818548783e-14
33,12,0.4078925322593997,0.4078925323077871,4.838740519375051e-11
33,20,0.4076445716741269,0.4076445717658619,9.173500847836635e-11
33,25,0.41727200375678175,0.4172720046630401,9.062583461449947e-10
33,28,0.40453999250724115,0.4045399925147741,7.53297424438415e-12
33,38,0.38705294494341896,0.38705294764176673,2.6983477674491496e-09
33,41,0.4118582921455909,0.41185829216101655,1.542566074874685e-11
33,46,0.4211667584699901,0.42116676051483853,2.0448484572277437e-09
33,54,0.42624745064820785,0.42624745095010946,3.0190161481868927e-10
33,67,0.4049749845417315,0.4049749877697367,3.228005251987298e-09
34,13,0.4417679285437122,0.4417679370767699,8.53305770487367e-09
34,21,0.4330806288060347,0.4330806748849168,4.6078882098843366e-08
34,26,0.41296700236738615,0.4129670471526357,4.478524956441632e-08
34,29,0.399131091354729,0.3991311027842295,1.142950045718294e-08
34,39,0.4142983876333443,0.41429844628546436,5.8652120049629275e-08
34,42,0.4211398307180662,0.42113991224584124,8.15277750310095e-08
34,47,0.416571256046215,0.4165716317034084,3.75657193407708e-07
34,55,0.4207525417229905,0.4207530954494419,5.537264514132723e-07
34,68,0.4468535716050475,0.44685482914620495,1.257541157428932e-06
35,14,0.42674803669387773,0.4267480366948081,9.303668946358812e-13
35,22,0.4081370341210652,0.40813703414828423,2.7219004827827575e-11
35,27,0.39774500207535207,0.3977450020762379,8.858469513484124e-13
35,30,0.43237653090374956,0.4323765311010233,1.9727375288880467e-10
35,40,0.4151592874624931,0.41515928746315645,6.63358257213531e-13
35,43,0.40156438540020506,0.4015643856859745,2.857694636482222e-10
35,48,0.444431856845695,0.4444318568598032,1.4108214596575408e-11
35,56,0.4169041754142241,0.4169041756212463,2.0702223268997955e-10
35,69,0.420234893652543,0.4202348937769174,1.243743996681701e-10
36,15,0.411609171271378,0.411609171271484,1.0597078770047119e-13
36,23,0.4272236975904394,0.4272236975910649,6.254996520738132e-13
36,28,0.4175004146103582,0.4175004146105831,2.2493118478905672e-13
36,31,0.4261354523857873,0.4261354523893203,3.5330072201134044e-12
36,41,0.43109512562924746,0.4310951256296528,4.0534242629064465e-13
36,44,0.43046632753725905,0.43046632754043085,3.1717961590516097e-12
36,49,0.4176357805122193,0.41763578051234007,1.2079226507921703e-13
36,57,0.42523318367672874,0.4252331836778857,1.1569634139618756e-12
36,70,0.43171987034250403,0.4317198703429073,4.032885136950881e-13
37,16,0.41609728859240047,0.4160972886241749,3.1774416431318286e-11
37,24,0.41389254690598276,0.4138925469149237,8.940959084213773e-12
37,29,0.42015685839610284,0.420156858515594,1.1949113920550758e-10
37,32,0.41023472104777553,0.41023472104939884,1.6233125954556726e-12
37,42,0.4199004415499986,0.4199004419261557,3.7615710546390346e-10
37,45,0.4254391338494026,0.42543913385204496,2.642386309759104e-12
37,50,0.41247897587668736,0.41247897601566835,1.3898099338049974e-10
37,58,0.4245754994068204,0.4245754994260653,1.924493897575985e-11
37,71,0.4360744322033492,0.43607443235773535,1.5438617051444226e-10
38,17,0.4336371802118226,0.43363720387219395,2.366037132883747e-08
38,25,0.44477670240673167,0.4447767349070421,3.2500310442884484e-08
38,30,0.42202665167630476,0.4220266930279992,4.13516944575143e-08
38,33,0.4142223007170779,0.4142223107893536,1.0072275735684144e-08
38,43,0.4279672005821811,0.4279672614408021,6.085862103155648e-08
38,46,0.4372293157827511,0.4372293931742621,7.739151103303143e-08
38,51,0.4183872390164802,0.4183876135588306,3.7454235041201045e-07
38,59,0.41092712164060013,0.4109276462906628,5.246500626721051e-07
38,72,0.4392885618907033,0.4392897968136918,1.2349229884800472e-06
39,18,0.4079965959077024,0.40799659734896015,1.4412577797884296e-09
39,26,0.4175312960066456,0.4175313057981782,9.791532584735307e-09
39,31,0.4408321236257848,0.44083212510093384,1.4751490584608007e-09
39,34,0.4279608698842352,0.42796089060047066,2.07162354493029e-08
39,44,0.4081498596541151,0.4081498609661481,1.312032982259126e-09
39,47,0.42732683065700666,0.4273268721158435,4.145883686357266e-08
39,52,0.4139138399540912,0.4139138511079164,1.115382519678576e-08
39,60,0.40946835120935293,0.4094684050013586,5.3792005683117594e-08
39,73,0.4255548362947662,0.42555487931921604,4.302444983617093e-08
40,19,0.4060040595344416,0.4060040595344416,0.0
40,27,0.43237526689402633,0.43237526689402633,0.0
40,32,0.41665718504808064,0.41665718504808064,0.0
40,35,0.415915745408799,0.4159157454088397,4.068967385251199e-14
40,48,0.43330512242794395,0.4333051224279639,1.992850329202156e-14
40,53,0.4249497383159586,0.4249497383159586,0.0
40,61,0.4188705673270645,0.41887056732707273,8.215650382226158e-15
40,74,0.39860874653531886,0.3986087465353211,2.220446049250313e-15
41,20,0.433017351107007,0.4330173511079126,9.056089211867402e-13
41,28,0.41911422154462,0.41911422154469846,7.843725668976731e-14
41,33,0.41220961072050427,0.4122096107236455,3.1412095147231867e-12
41,36,0.44043291895639264,0.4404329189564496,5.695444116327053e-14
41,49,0.3973376026177069,0.3973376026177229,1.5987211554602254e-14
41,54,0.4199664169299383,0.4199664169328857,2.9474200857748656e-12
41,62,0.4051838388648459,0.40518383886497306,1.2717604747081168e-13
41,75,0.4237874675259841,0.4237874675292027,3.21859205953956e-12
42,21,0.414126229223898,0.4141262434692005,1.4245302493165468e-08
42,29,0.4163016688289624,0.4163016736287039,4.799741493144438e-09
42,34,0.42072741896470484,0.420727448228521,2.9263816148095145e-08
42,37,0.4186721088549111,0.41867211003835375,1.1834426771883955e-09
42,50,0.42437092203247256,0.42437092656461106,4.532138497825855e-09
42,55,0.41640691293062687,0.4164069939622795,8.103165261008627e-08
42,63,0.41387554018262396,0.41387557777822875,3.7595604795992443e-08
42,76,0.4004323473923791,0.40043247869517,1.3130279091777552e-07
43,22,0.4373753035072196,0.4373753043810858,8.73866201622775e-10
43,30,0.4347344296764822,0.43473443801381023,8.337328050167514e-09
43,35,0.4346938129494325,0.4346938138218934,8.724609368293557e-10
43,38,0.42921311737707146,0.4292131389770628,2.1599991351095582e-08
43,51,0.4119053601985296,0.41190540480515037,4.4606620785980766e-08
43,56,0.4346010961205984,0.4346011048924571,8.771858739375915e-09
43,64,0.4240855026922509,0.42408555856030367,5.5868052739604934e-08
43,77,0.4197693595416907,0.4197694040788304,4.453713969843065e-08
44,23,0.4522857729027157,0.45228577291353383,1.0818124174249988e-11
44,31,0.40099806378881303,0.400998063892253,1.0343997880468692e-10
44,36,0.42305033120282004,0.4230503312104496,7.629563647526538e-12
44,39,0.4452603597628509,0.4452603602433083,4.804573960903724e-10
44,52,0.4400708498250333,0.44007085025085263,4.258193242456798e-10
44,57,0.42486046284700274,0.42486046287661045,2.960770517645983e-11
44,65,0.4181000865057217,0.41810008677745364,2.717319147471642e-10
44,78,0.4199359984848497,0.4199359985990035,1.1415379752577337e-10
45,19,0.4172065459919008,0.41720654599192014,1.9317880628477724e-14
45,24,0.3884360624427513,0.3884360624430534,3.020916850005051e-13
45,32,0.397962925546157,0.39796292554622853,7.155387393709134e-14
45,37,0.4219038846515729,0.4219038846525763,1.0033640585049852e-12
45,53,0.40384649959688657,0.4038464995969001,1.354472090042691e-14
45,58,0.42578032692491613,0.42578032692560513,6.890044090823721e-13
45,66,0.42088313529137833,0.4208831352914581,7.97695243193175e-14
45,79,0.4354025325106963,0.43540253251128197,5.856426454897701e-13
46,20,0.43292701898725233,0.43292701979399867,8.067463364014316e-10
46,25,0.42421588392407744,0.42421589253905573,8.614978286303199e-09
46,33,0.4241851623346025,0.42418516548815144,3.1535489219969293e-09
46,38,0.4435535944296785,0.4435536223910949,2.7961416404487238e-08
46,54,0.40384603458915524,0.4038460372600379,2.670882681687914e-09
46,59,0.37948922096305954,0.37948929740863363,7.644557409314245e-08
46,67,0.40618908514549734,0.40618911622151965,3.107602231100515e-08
46,80,0.4038539362314773,0.4038540663778246,1.3014634731023378e-07
47,21,0.40829235235247063,0.40829245455522245,1.0220275181715976e-07
47,26,0.41413448382759394,0.41413458320387503,9.93762810930221e-08
47,34,0.4279500830275642,0.4279504728736662,3.898461020113153e-07
47,39,0.39410737059454654,0.3941075008192828,1.3022473627222197e-07
47,55,0.43239114401560025,0.4323923940252951,1.250009694864218e-06
47,60,0.4054839868710627,0.40548517536802064,1.1884969579600835e-06
47,68,0.41854635946940993,0.418549214915511,2.8554461010688037e-06
47,81,0.4187526524191938,0.4187563711737402,3.7187545464112404e-06
48,22,0.4225482209307685,0.42254822094408084,1.3312351221372865e-11
48,27,0.4134023228375055,0.41340232283793876,4.3326453535996734e-13
48,35,0.4377419444564073,0.43774194446968695,1.3279655153297654e-11
48,40,0.4104322690931399,0.4104322690934644,3.2451819009793326e-13
48,56,0.4545267283783087,0.4545267284795635,1.0125478233646845e-10
48,61,0.4199497534211882,0.41994975342415264,2.9644620092028617e-12
48,69,0.4037610122805922,0.4037610123414231,6.083089587605173e-11
48,82,0.4099922338381704,0.40999223386247113,2.430072809644912e-11
49,23,0.4301460495043596,0.4301460495044867,1.2712053631958042e-13
49,28,0.4170284435068119,0.41702844350686774,5.5844218138645374e-14
49,36,0.41330530433927065,0.41330530433936136,9.070522111187529e-14
49,41,0.4206235932189786,0.4206235932190817,1.0313971898767704e-13
49,57,0.39936820387673755,0.39936820387695116,2.1360690993788012e-13
49,62,0.43466829131395684,0.4346682913140277,7.083222897108499e-14
49,70,0.41593900785759125,0.41593900785766924,7.799316747991725e-14
49,83,0.41542120002418853,0.4154212000242665,7.799316747991725e-14
50,16,0.4295484869331832,0.4295484870579272,1.2474399291306781e-10
50,29,0.4211119663499876,0.4211119668470443,4.970566735984505e-10
50,37,0.41146943679787734,0.4114694369668948,1.690174666890698e-10
50,42,0.4225815802742551,0.422581581928765,1.6545099179587908e-09
50,58,0.4264435376698069,0.42644353774059174,7.078482244793349e-11
50,63,0.41795406350907,0.41795406598229423,2.4732242365210766e-09
50,71,0.4020056643257877,0.4020056649548759,6.290881704451579e-10
50,84,0.40879647251655915,0.40879647530376484,2.787205688470351e-09
51,17,0.42401641413608576,0.42401646595766196,5.182157619687544e-08
51,30,0.4174086865798442,0.4174087771761702,9.059632599672796e-08
51,38,0.4140134923767026,0.4140138752352732,3.8285857062447803e-07
51,43,0.43480181126924516,0.434801944618387,1.333491418398225e-07
51,59,0.4205203109426137,0.42052146580897015,1.1548663564342476e-06
51,64,0.40893288701792996,0.40893399761889426,1.1106009643047088e-06
51,72,0.4255566327729049,0.42555935670612605,2.7239332211492773e-06
51,85,0.4127684817544128,0.4127720280540066,3.5462995938151387e-06
52,18,0.4091745347961234,0.4091745360632767,1.2671532712005273e-09
52,31,0.4323803662272005,0.4323803675241584,1.2969579299415557e-09
52,39,0.4178749066966792,0.4178749178269128,1.113023356813514e-08
52,44,0.4176463122295571,0.41764631338312164,1.153564521683137e-09
52,60,0.43874187149145366,0.43874191876149427,4.72700406040083e-08
52,65,0.4008323218189696,0.40083232760767423,5.788704626752406e-09
52,73,0.423363935134408,0.4233639729406051,3.780619711735156e-08
52,86,0.414095436830514,0.4140954575960019,2.076548794027744e-08
53,19,0.39429603290764753,0.39429603290764753,0.0
53,32,0.42373050984608335,0.4237305098460834,5.551115123125783e-17
53,40,0.41817062910860414,0.41817062910860636,2.220446049250313e-15
53,45,0.41464820547436776,0.41464820547437303,5.2735593669694936e-15
53,61,0.41566177356173206,0.41566177356175904,2.6978419498391304e-14
53,66,0.4156506531351011,0.4156506531351033,2.220446049250313e-15
53,74,0.41367974922417616,0.41367974922418366,7.494005416219807e-15
53,87,0.41461133317925886,0.41461133317926024,1.3877787807814457e-15
54,20,0.41937096682799646,0.41937096687638387,4.838740519375051e-11
54,33,0.41370297060769595,0.4137029707711027,1.6340673258952165e-10
54,41,0.4149042412305996,0.4149042412398014,9.201805983849454e-12
54,46,0.40878071794163107,0.40878071880464684,8.630157699585084e-10
54,62,0.4212469482973296,0.4212469483043201,6.990463763401067e-12
54,67,0.43274230155569454,0.4327423029080965,1.352401968190975e-09
54,75,0.4379513664760959,0.4379513666476938,1.7159790255405483e-10
54,88,0.41188202156300996,0.4118820231146083,1.5515983498026742e-09
55,21,0.41959719588107525,0.4195973514307403,1.555496650373911e-07
55,34,0.4201202595878935,0.42012087026073497,6.106728414612128e-07
55,42,0.41204435388491795,0.41204463027225274,2.763873347966239e-07
55,47,0.41303967540434133,0.4130410062732532,1.330868911852967e-06
55,63,0.41149640933185105,0.4114968493173616,4.399855105252648e-07
55,68,0.4163607960472953,0.4163653805200946,4.584472799273875e-06
55,76,0.40644806916148646,0.40645148088791183,3.4117264253730184e-06
55,89,0.430760177436521,0.4307689325311408,8.75509461978341e-06
56,22,0.42459165747502303,0.4245916580994402,6.244171846248037e-10
56,35,0.41749381247421885,0.4174938130976294,6.23410545408376e-10
56,43,0.4277629786174979,0.42776298730413076,8.686632857468624e-09
56,48,0.4205419123696192,0.4205419126886986,3.1907942954489954e-10
56,64,0.4317393923515602,0.43173943215990623,3.980834600847416e-08
56,69,0.41415875710592037,0.4141587607765167,3.6705963268879316e-09
56,77,0.427296857275077,0.4272968890178334,3.1742756423369656e-08
56,90,0.4459290433149601,0.4459290603688484,1.7053888301532538e-08
57,23,0.4220789276820463,0.42207892768529187,3.2455704790379514e-12
57,36,0.40395279965635833,0.40395279965865083,2.2924995235484857e-12
57,44,0.425329007255501,0.4253290072813367,2.583572245029586e-11
57,49,0.4274241928663503,0.4274241928668847,5.344058529033191e-13
57,65,0.4160798177462169,0.41607981781869435,7.247746847127701e-11
57,70,0.4160279209708878,0.4160279209734816,2.5938140524317532e-12
57,78,0.41455814406577235,0.4145581440966067,3.0834335085216935e-11
57,91,0.41688891569353853,0.4168889157030395,9.500955577834702e-12
58,24,0.42202900422773637,0.422029004230451,2.7146063175109703e-12
58,37,0.4092874417835032,0.4092874417937288,1.0225598146007542e-11
58,45,0.4218659109374578,0.42186591093848597,1.0281775431053575e-12
58,50,0.4280025654884727,0.42800256551705523,2.858252523552096e-11
58,66,0.43065532948186336,0.43065532948242735,5.639932965095795e-13
58,71,0.4246274249028383,0.4246274249342348,3.139649651373588e-11
58,79,0.42006079981476246,0.42006079981997974,5.217271059620998e-12
58,92,0.41551784956851945,0.41551784959577576,2.725630832145498e-11
59,25,0.4133731684065373,0.4133732717341777,1.0332764038833986e-07
59,38,0.4362742960215705,0.4362748627351909,5.667136204201562e-07
59,46,0.4080390268826657,0.40803927361145015,2.4672878445874957e-07
59,51,0.4217380794592896,0.4217393008279386,1.221368648995913e-06
59,67,0.42056853547358947,0.4205689299404659,3.944668764410686e-07
59,72,0.45865894504081034,0.4586630634958219,4.118455011581368e-06
59,80,0.4208597304281307,0.42086289491002504,3.1644818943576958e-06
59,93,0.4269369048752111,0.426944852957756,7.948082544950719e-06
60,26,0.42194140814935255,0.4219415529840508,1.4483469823467487e-07
60,39,0.4182694857048312,0.4182696756379,1.8993306882819638e-07
60,47,0.39303701821502224,0.39303829975347343,1.2815384511921657e-06
60,52,0.41216048291987145,0.4121606498175874,1.668977159252627e-07
60,68,0.4364703666991528,0.43647480311418146,4.436415028674645e-06
60,73,0.4262857261365611,0.4262870620641136,1.3359275524704728e-06
60,81,0.4307510322504709,0.4307567958746133,5.763624142396395e-06
60,94,0.41114514929338447,0.4111496270626431,4.477769258603992e-06
61,27,0.42134137182906245,0.42134137182924475,1.822986206434507e-13
61,40,0.4253952898216707,0.42539528982180735,1.3666845433135677e-13
61,48,0.43557770492641823,0.43557770492932346,2.9052316108391096e-12
61,53,0.42395305257543536,0.4239530525754692,3.3861802251067274e-14
61,69,0.4361840502946585,0.43618405032027496,2.5616453402932393e-11
61,74,0.43803074540466763,0.4380307454050355,3.678723992095456e-13
61,82,0.4227890724083084,0.4227890724185408,1.0232426017608987e-11
61,95,0.42596469412621357,0.4259646941277533,1.5397128017013983e-12
62,28,0.46248809362756454,0.4624880936275751,1.0547118733938987e-14
62,41,0.422864830864254,0.42286483086427584,2.1815882433884326e-14
62,49,0.40142795643071005,0.40142795643071344,3.3861802251067274e-15
62,54,0.4168503894477725,0.41685038944823527,4.627964678149965e-13
62,70,0.4089675332644299,0.4089675332644437,1.3766765505351941e-14
62,75,0.4475981256257241,0.4475981256262306,5.064837438339964e-13
62,83,0.4127332274998177,0.4127332274998325,1.4765966227514582e-14
62,96,0.40701582768043826,0.40701582768088496,4.4669823395793173e-13
63,29,0.4344314231328316,0.4344314307511477,7.618316089086363e-09
63,42,0.42367985541961495,0.4236798941701258,3.8750510855667386e-08
63,50,0.4192342443932133,0.41923425154852295,7.15530967809741e-09
63,55,0.3938647959331163,0.39386492701469783,1.3108158153363192e-07
63,71,0.42529758572410276,0.42529759375974835,8.035645593373886e-09
63,76,0.4202187623003767,0.4202189748302144,2.1252983772868106e-07
63,84,0.42527884189967396,0.42527891071166457,6.88119906055995e-08
63,97,0.4372501017170878,0.43725034776383637,2.4604674858652587e-07
64,30,0.4294024640053969,0.4294025918960866,1.278906897050902e-07
64,43,0.42079473926861344,0.4207949276074125,1.8833879905644224e-07
64,51,0.4226285844057386,0.4226297785533694,1.1941476308341414e-06
64,56,0.3727231698698305,0.3727233048379006,1.3496807010904277e-07
64,72,0.40947063365934894,0.40947468616213917,4.0525027902305055e-06
64,77,0.42874745903690964,0.4287486415772048,1.182540295185941e-06
64,85,0.4188409862435897,0.4188462473130628,5.261069473128099e-06
64,98,0.42191032476283336,0.42191434689207336,4.022129240000005e-06
65,31,0.4322398792219011,0.4322398799615548,7.396536716441915e-10
65,44,0.42442404486933705,0.4244240455273943,6.580572753378533e-10
65,52,0.4443731902070138,0.4443731955983835,5.39136968402687e-09
65,57,0.4342750893083189,0.43427508950117066,1.928517900928739e-10
65,73,0.42650546221252716,0.4265054824568684,2.0244341258912613e-08
65,78,0.4133457610208307,0.4133457622088482,1.1880175176948171e-09
65,86,0.41163045409378,0.4116304652568277,1.1163047708429019e-08
65,99,0.4216393441808756,0.42163934812831116,3.947435545104128e-09
66,32,0.4277687412816449,0.42776874128167475,2.986499936241671e-14
66,45,0.4261993427262038,0.4261993427262592,5.540012892879531e-14
66,53,0.4564877958917609,0.45648779589176874,7.827072323607354e-15
66,58,0.42275238075218335,0.42275238075242777,2.444155988712282e-13
66,74,0.4220147318670812,0.4220147318671491,6.789013795582832e-14
66,79,0.40476853933266005,0.40476853933286777,2.077227279073668e-13
66,87,0.4264248861242862,0.4264248861243147,2.8477220581635265e-14
66,100,0.4128419038787915,0.4128419038789451,1.535993554568904e-13
67,33,0.41490576567079385,0.41490577074462637,5.073832520796628e-09
67,46,0.4060703591850486,0.40607039082242485,3.1637376274318285e-08
67,54,0.4255127280308138,0.42551273232293574,4.292121935645099e-09
67,59,0.4290190565534341,0.4290191800676637,1.235142296218683e-07
67,75,0.4071510986693154,0.40715110336124594,4.691930510780651e-09
67,80,0.4425428904185779,0.44254310081376286,2.1039518494081477e-07
67,88,0.419087497062541,0.41908755478845994,5.772591893382639e-08
67,101,0.42773640628961335,0.42773665483651563,2.4854690228170995e-07
68,34,0.40479703210256035,0.4048037455837593,6.713481198961091e-06
68,47,0.40051730670628666,0.40053241249477384,1.5105788487179694e-05
68,55,0.41244976847394477,0.41247338303415193,2.361456020716357e-05
68,60,0.4216733572460477,0.42169607629430017,2.271904825246196e-05
68,76,0.4171125564670523,0.41715557585533547,4.3019388283160875e-05
68,81,0.42635913995424646,0.4265208277096029,0.0001616877553564655
68,89,0.39389001669306173,0.39417125313751733,0.0002812364444556015
68,102,0.42692787235395924,0.4273438666004028,0.00041599424644356287
69,35,0.4166572291672972,0.41665722951679474,3.494975420181845e-10
69,48,0.40485254390958597,0.4048525440885677,1.7898171833508059e-10
69,56,0.42273099148691046,0.4227309949659967,3.479086241320317e-09
69,61,0.40576119701262736,0.4057611970891589,7.653155886799823e-11
69,77,0.41693799773934814,0.41693801521642626,1.7477078118055545e-08
69,82,0.4341966000709307,0.4341966008626393,7.917085875774887e-10
69,90,0.43769618385119236,0.4376961932493886,9.398196221255262e-09
69,103,0.4193821043122644,0.41938210698206346,2.6697990485047285e-09
70,36,0.4169888011382451,0.4169888011388948,6.497025140106416e-13
70,49,0.429702040396341,0.4297020403964977,1.566524687746096e-13
70,57,0.4128012341409635,0.41280123414320596,2.2424839762891224e-12
70,62,0.41654491033036545,0.41654491033067054,3.05089287166993e-13
70,78,0.4085748782066945,0.4085748782144941,7.799594303747881e-12
70,83,0.41857989835087506,0.4185798983512547,3.796407632705723e-13
70,91,0.42962404736434734,0.4296240473668688,2.5214830223774243e-12
70,104,0.42005763413521835,0.42005763413579206,5.737077479750496e-13
71,37,0.4218609561328603,0.421860956322975,1.9011470175911427e-10
71,50,0.4332958415963033,0.4332958422331254,6.368220950569992e-10
71,58,0.42193797823157503,0.42193797831084956,7.927453138378837e-11
71,63,0.45157477762413595,0.45157478042334775,2.7992118067921012e-09
71,79,0.4132897059989157,0.4132897060661649,6.724920620371222e-11
71,84,0.423413995721429,0.42341399887629577,3.1548667567271593e-09
71,92,0.4449972037814918,0.4449972043929005,6.114087014452707e-10
71,105,0.43292345692274775,0.4329234596535568,2.7308090233546523e-09
72,38,0.4249993156971353,0.4250059085824305,6.59288529519797e-06
72,51,0.42168642578032706,0.4217009075157924,1.4481735465365908e-05
72,59,0.40657773881194326,0.4065991127632608,2.137395131751596e-05
72,64,0.4315864553367942,0.4316073290369118,2.0873700117607363e-05
72,80,0.3960164018301522,0.3960582848264248,4.188299627261305e-05
72,85,0.4386874444078594,0.43883735686588493,0.0001499124580255362
72,93,0.39053517363022483,0.39080407382557125,0.00026890019534642207
72,106,0.43803339625403576,0.43843297284577665,0.0003995765917408911
73,39,0.4148208501667663,0.4148209861621671,1.359954008295361e-07
73,52,0.4215555244820723,0.4215556439899606,1.1950788830761283e-07
73,60,0.412196104809566,0.4121973484556861,1.243646120141495e-06
73,65,0.43238000725659675,0.43238007408882184,6.683222508740982e-08
73,81,0.4120535690096699,0.4120574642722315,3.895262561615098e-06
73,86,0.4347381811918512,0.4347386569775915,4.75785740305934e-07
73,94,0.4117973124897126,0.4118003312561201,3.018766407514306e-06
73,107,0.41159605452615206,0.4115973263416767,1.2718155246171925e-06
74,40,0.43929544716969904,0.43929544716973606,3.702593787124897e-14
74,53,0.4086266212294987,0.4086266212295079,9.159339953157541e-15
74,61,0.4125908587363828,0.41259085873672424,3.414490912234669e-13
74,66,0.4149467347660404,0.4149467347660667,2.631228568361621e-14
74,82,0.4128709601026627,0.4128709601054897,2.826960887603036e-12
74,87,0.41853551335712674,0.41853551335715067,2.3925306180672123e-14
74,95,0.400445637498722,0.40044563749914414,4.2216230511371577e-13
74,108,0.4298919327473302,0.4298919327473646,3.441691376337985e-14
75,41,0.3981446032656829,0.3981446032757761,1.0093204050320992e-11
75,54,0.4148110482591725,0.4148110484315916,1.7241913452537005e-10
75,62,0.41424539269300653,0.41424539270067456,7.6680328753298e-12
75,67,0.4264823194918407,0.42648232097563743,1.4837967521330597e-09
75,83,0.41632076749643626,0.41632076750373587,7.299605364607942e-12
75,88,0.42998351338310437,0.4299835150854559,1.7023515375136355e-09
75,96,0.42353294860831103,0.4235329487744598,1.6614876141574086e-10
75,109,0.4238018689520361,0.4238018704343176,1.4822815197490513e-09
76,42,0.4225401662664721,0.4225406594471979,4.931807257579912e-07
76,55,0.41659920404579437,0.4166028073516315,3.603305837152071e-06
76,63,0.42968429108763334,0.4296850770327339,7.859451005565177e-07
76,68,0.41266053094167815,0.4126690640060761,8.533064397964196e-06
76,84,0.4110031405169119,0.411004046593962,9.060770501112536e-07
76,89,0.4180913574908579,0.4181076755947105,1.6318103852608346e-05
76,97,0.4194227827066788,0.41943004178233084,7.259075652021885e-06
76,110,0.41232562726807487,0.4123461768598725,2.054959179764726e-05
77,43,0.41623803530730463,0.41623816672366015,1.3141635551994213e-07
77,56,0.41073256418070764,0.41073265839109463,9.421038699164441e-08
77,64,0.39631375873485875,0.3963148499226784,1.0911878196573355e-06
77,69,0.4322853729303383,0.4322854266067152,5.3676376898792455e-08
77,85,0.4052689991809935,0.4052724755397201,3.4763587266062324e-06
77,90,0.41696734172153144,0.4169677593853842,4.176638527808585e-07
77,98,0.4039549793849141,0.4039576298976277,2.650512713586739e-06
77,111,0.44035570587747325,0.4403568878835169,1.182006043654038e-06
78,44,0.42405196524691247,0.42405196547642326,2.2951079925448425e-10
78,57,0.4077706972941584,0.40777069736234495,6.818656750340324e-11
78,65,0.40190377227107543,0.40190377332756555,1.0564901176124408e-09
78,70,0.43117699150266575,0.43117699152177,1.9104273718539844e-11
78,86,0.4058533496644568,0.4058533532038891,3.539432302801515e-09
78,91,0.42867976680929937,0.4286797668888471,7.954775727014862e-11
78,99,0.41402429681508157,0.41402429811702035,1.3019387790080827e-09
78,112,0.42712577782039846,0.42712577802392115,2.035226986940586e-10
79,45,0.4473124886625284,0.44731248866340145,8.730793865652231e-13
79,58,0.4375867138358027,0.4375867138410104,5.2076676304579905e-12
79,66,0.42146315647774757,0.4214631564782265,4.789502128232925e-13
79,71,0.42557068987300767,0.4255706898996107,2.660305309376554e-11
79,87,0.4094709849665074,0.40947098496686485,3.5743630277806915e-13
79,92,0.4128210703381609,0.4128210703612566,2.3095692025520975e-11
79,100,0.41571443979757594,0.41571443980080486,3.228917133668574e-12
79,113,0.4290301336822908,0.42903013369910914,1.6818324510836646e-11
80,46,0.4275826643306925,0.42758313993767955,4.756069870714974e-07
80,59,0.43015841374483454,0.4301617939561871,3.3802113525438493e-06
80,67,0.4193535102054291,0.4193542710056032,7.60800174082199e-07
80,72,0.4108046932748822,0.4108129762335478,8.282958665561946e-06
80,88,0.42296589672131424,0.4229667788879579,8.821666436786835e-07
80,93,0.4191354707685931,0.41915148278339304,1.6012014799948737e-05
80,101,0.42673529564418333,0.4267426861229977,7.390478814373047e-06
80,114,0.41915796525130855,0.41917830103302833,2.0335781719782453e-05
81,47,0.3995371156267699,0.3995536872599514,1.6571633181472478e-05
81,60,0.4249699031056175,0.4249947306944056,2.482758878807889e-05
81,68,0.4385298413776386,0.4386764099560985,0.00014656857845990467
81,73,0.43600953534501086,0.43602686511225275,1.7329767241891503e-05
81,89,0.4149824955696558,0.41527835246397093,0.0002958568943151607
81,94,0.42515327884827847,0.4253020179861181,0.00014873913783963744
81,102,0.40413755508535487,0.40456363855540867,0.0004260834700537952
81,115,0.4064413086713179,0.4067331106290294,0.00029180195771150164
82,48,0.4112409834978924,0.4112409835635058,6.561340359922951e-11
82,61,0.4013268058684719,0.40132680589653263,2.8060720413947138e-11
82,69,0.40080610190608307,0.40080610264777833,7.416952607641747e-10
82,74,0.41218267717902807,0.4121826771871563,8.128220319036927e-12
82,90,0.4161483541502231,0.4161483575322279,3.3820047873334147e-09
82,95,0.4173595863506428,0.417359586385405,3.4762193124038276e-11
82,103,0.4199556457237384,0.41995564669336244,9.696240477197193e-10
82,116,0.425057890904436,0.4250578910087663,1.0433026664813383e-10
83,49,0.39568917351438376,0.3956891735144089,2.5146551507759796e-14
83,62,0.4275768010460159,0.42757680104607626,6.034062138837726e-14
83,70,0.4191493972060346,0.4191493972061125,7.788214517745473e-14
83,75,0.40375510648419616,0.4037551064863104,2.114253216944917e-12
83,91,0.4033935980497012,0.403393598049938,2.368105711525459e-13
83,96,0.4243858583980996,0.4243858583999643,1.8646750810091817e-12
83,104,0.41033298673968205,0.4103329867397727,9.064970996064403e-14
83,117,0.4177555513587557,0.4177555513600255,1.2698175844150228e-12
84,50,0.4133587973121783,0.4133588055318454,8.219667113618101e-09
84,63,0.411464996568451,0.41146506617134737,6.960289639090789e-08
84,71,0.4255296862862073,0.4255296955180584,9.231851116897616e-09
84,76,0.43057860142160326,0.43057884797166646,2.4655006319873607e-07
84,92,0.4126074813201614,0.41260748924950574,7.929344347790135e-09
84,97,0.42555613328064806,0.4255564187169683,2.8543632024646826e-07
84,105,0.40303201265415084,0.40303208043859684,6.778444600064049e-08
84,118,0.4154779413224998,0.41547818667344677,2.4535094694799753e-07
85,51,0.4125183742755255,0.4125338162910332,1.544201550768287e-05
85,64,0.4082873477992965,0.4083095089306424,2.2161131345899143e-05
85,72,0.4112053569742035,0.4113391655298103,0.00013380855560679583
85,77,0.41480363719809676,0.4148188298853803,1.5192687283560602e-05
85,93,0.42153064045409194,0.42180368148581676,0.00027304103172481886
85,98,0.4346771980216317,0.4348082344632624,0.00013103644163070527
85,106,0.4322169923115669,0.43261039979145716,0.00039340747989025093
85,119,0.43184294294652953,0.43211886537862765,0.00027592243209811906
86,52,0.41745121983237554,0.4174512804338881,6.060151253040047e-08
86,65,0.44060043509849295,0.44060046904993166,3.3951438715984494e-08
86,73,0.44166413280837324,0.44166459608803327,4.6327966002346344e-07
86,78,0.3994151242984196,0.3994151357965895,1.1498169916190903e-08
86,94,0.43503045757433456,0.43503196529607924,1.5077217446757274e-06
86,99,0.4363112234136091,0.43631126640200246,4.2988393345044784e-08
86,107,0.43264343971128305,0.4326440770808056,6.373695225492249e-07
86,120,0.4291880425560357,0.42918813895100655,9.639497083879789e-08
87,53,0.41531952535368993,0.41531952535369454,4.6074255521944e-15
87,66,0.4017739993531008,0.40177399935312663,2.581268532253489e-14
87,74,0.3925058023185778,0.3925058023186242,4.6407322429331543e-14
87,79,0.41276015464359617,0.4127601546437377,1.4155343563970746e-13
87,95,0.4297282291678324,0.42972822916803033,1.979527652906654e-13
87,100,0.41913262997963846,0.41913262997974277,1.0430545316353346e-13
87,108,0.4265400342087926,0.42654003420881,1.73749903353837e-14
87,121,0.42931309099034715,0.4293130909904112,6.405986852087153e-14
88,54,0.43642406600523526,0.4364240709928571,4.987621871066494e-09
88,67,0.40354040116752193,0.4035404594421284,5.8274606473673884e-08
88,75,0.41730303475305924,0.41730304020531683,5.452257589855236e-09
88,80,0.4171121484414839,0.41711239380664716,2.4536516324280555e-07
88,96,0.40982483658630237,0.4098248413953073,4.809004916506154e-09
88,101,0.4160165166144234,0.41601680647570266,2.8986127925678673e-07
88,109,0.41421402669185503,0.4142140848806775,5.8188822482652114e-08
88,122,0.4161040845540973,0.416104329449108,2.4489501071478514e-07
89,55,0.45029219306090745,0.4503403085709352,4.811551002775749e-05
89,68,0.422982699733224,0.42326758972166134,0.00028488998843734237
89,76,0.3975934804538829,0.3976811873256775,8.770687179460168e-05
89,81,0.39575834609003513,0.3960893371801299,0.0003309910900947677
89,97,0.41512265478545013,0.41522426035648086,0.00010160557103072732
89,102,0.4198109460794325,0.42066369041568924,0.000852744336256761
89,110,0.41940536844767823,0.42021060959416245,0.0008052411464842257
89,123,0.42748959853211843,0.42853644062067997,0.0010468420885615393
90,56,0.41194284410790033,0.4119428925062872,4.839838685377629e-08
90,69,0.4148865052257939,0.4148865328084692,2.758267531044467e-08
90,77,0.4386551722543092,0.43865558328936616,4.1103505693529385e-07
90,82,0.44883880855041136,0.4488388188895489,1.0339137546111488e-08
90,98,0.4257170937543186,0.4257184497521785,1.355997859886493e-06
90,103,0.4234371848700137,0.42343722159744224,3.6727428542882024e-08
90,111,0.4004638292044998,0.4004644345440302,6.053395303906584e-07
90,124,0.4256575031249253,0.4256575918938124,8.876888712983089e-08
91,57,0.4179736972762,0.41797369728616923,9.969247649621593e-12
91,70,0.43320780437900797,0.43320780438206474,3.0567770537004435e-12
91,78,0.4299483512836554,0.42994835132094594,3.7290559529168377e-11
91,83,0.4351480905119403,0.43514809051334846,1.4081513732833173e-12
91,99,0.4217579928689111,0.4217579929745336,1.0562251073764628e-10
91,104,0.4401640000080842,0.44016400001032924,2.2450374892457603e-12
91,112,0.41753446523825427,0.41753446526570215,2.744787730435405e-11
91,125,0.40142802039677916,0.40142802040058323,3.804068171575636e-12
92,58,0.431738314975114,0.43173831504329496,6.818096087712888e-11
92,71,0.4044476212150412,0.40444762182299265,6.07951466946588e-10
92,79,0.42254302256524046,0.4225430226230791,5.7838622780082005e-11
92,84,0.4243385812440206,0.4243385839444787,2.7004581348855083e-09
92,100,0.40689530697534476,0.406895307017223,4.187822311152445e-11
92,105,0.43474755431806633,0.4347475566556487,2.3375823499094395e-09
92,113,0.4124717729339479,0.4124717733088112,3.7486330706215654e-10
92,126,0.39658967502705517,0.3965896766441828,1.6171276540077884e-09
93,59,0.40516153727390425,0.40520556093822035,4.402366431610627e-05
93,72,0.42626455551056897,0.4265368838665733,0.0002723283560043255
93,80,0.40566768749782955,0.4057540163505591,8.632885272952251e-05
93,85,0.41139119532345064,0.41170140885776807,0.00031021353431742726
93,101,0.41771604615164176,0.4178178143497919,0.00010176819815016502
93,106,0.43297383382386545,0.43380176920059316,0.0008279353767277065
93,114,0.3959096087157301,0.3966942965927973,0.0007846878770672028
93,127,0.405876803720479,0.4069071677740718,0.0010303640535928027
94,60,0.4189856588537877,0.4190087707436919,2.311188990422597e-05
94,73,0.4237449858087153,0.4237610566833437,1.6070874628404397e-05
94,81,0.4334609221569847,0.43362560448849535,0.00016468233151067935
94,86,0.419993562837339,0.42000163437217986,8.07153484083667e-06
94,102,0.41821537088204297,0.4186394968960688,0.0004241260140258052
94,107,0.4464621548108323,0.4464853554872156,2.3200676383283714e-05
94,115,0.4185477722942357,0.4188303369968882,0.0002825647026525324
94,128,0.4106274737252864,0.41067268692806913,4.521320278272345e-05
95,61,0.4325871509006266,0.43258715090219646,1.5698553568199713e-12
95,74,0.4088306982575749,0.4088306982580371,4.621858451514527e-13
95,82,0.41476048748434513,0.4147604874972285,1.2883361044657704e-11
95,87,0.4211058508855984,0.42110585088570945,1.1107781361374691e-13
95,103,0.420316570785562,0.4203165708271563,4.1594283572976565e-11
95,108,0.4147029396113232,0.4147029396114816,1.5837331446277858e-13
95,116,0.4095595987335164,0.4095595987392443,5.727918139797339e-12
95,129,0.42243658126036165,0.4224365812606445,2.8282931552325863e-13
96,62,0.41879793851505304,0.41879793852180375,6.750711101233264e-12
96,75,0.3941081153734156,0.3941081155391862,1.657705639424023e-10
96,83,0.4257470278999949,0.42574702790642105,6.4261373999841e-12
96,88,0.41959861337264165,0.41959861487275235,1.5001107023238092e-09
96,104,0.4032754519800616,0.403275451985837,5.775380174100064e-12
96,109,0.4155150919378845,0.4155150932440526,1.306168118109241e-09
96,117,0.4162220039933944,0.4162220040932811,9.98867100143741e-11
96,130,0.4197336815952239,0.4197336824418409,8.466169987286776e-10
97,63,0.42954729358996857,0.4295482045196537,9.10929685127293e-07
97,76,0.43103394651743115,0.4310411958906812,7.249373250028945e-06
97,84,0.42785731332248733,0.4278583634867546,1.0501642672688938e-06
97,89,0.433083433224142,0.43310231546740385,1.888224326185295e-05
97,105,0.42437541943491913,0.42437630552952843,8.860946092981159e-07
97,110,0.4102914381610316,0.4103152134167335,2.377525570190775e-05
97,118,0.43314916017591437,0.4331563860098852,7.225833970836426e-06
97,131,0.438592194682824,0.4386105754486011,1.838076577709291e-05
98,64,0.4232885548522397,0.4233088916228484,2.0336770608697652e-05
98,77,0.426788336390765,0.42680221604079305,1.3879650028025825e-05
98,85,0.42596703666818675,0.4261127269395373,0.00014569027135052925
98,90,0.4317533805916266,0.43176050028594243,7.11969431582693e-06
98,106,0.4102444298928829,0.4106319928808817,0.00038756298799880184
98,111,0.4220977280970801,0.4221195465071067,2.181841002657503e-05
98,119,0.4146707554903191,0.4149347905768592,0.0002640350865401042
98,132,0.4205304669134726,0.42057251898102344,4.205206755081292e-05
99,65,0.3903097345588334,0.39030973863338403,4.074550641330887e-09
99,78,0.4279217904018511,0.427921791911727,1.5098759464926559e-09
99,86,0.410583321324992,0.41058333573961703,1.4414625049141705e-08
99,91,0.4368544492531242,0.43685444953645525,2.8333102530808674e-10
99,107,0.4366574534061453,0.4366574875441471,3.413800181428783e-08
99,112,0.4279676643119614,0.4279676650441931,7.322316641911186e-10
99,120,0.45111313988155854,0.45111315057477075,1.0693212204593294e-08
99,133,0.4231196929095603,0.42311969431787344,1.4083131327780052e-09
100,66,0.41520421516922423,0.4152042151695718,3.4755531785890525e-13
100,79,0.38410257442252127,0.38410257442571305,3.1917801734948625e-12
100,87,0.4115205405678002,0.41152054056805987,2.596811654598241e-13
100,92,0.4211516346483365,0.4211516346649274,1.6590895324242183e-11
100,108,0.4147473294228114,0.41474732942304393,2.3253621250773904e-13
100,113,0.41906651457565436,0.4190665145877379,1.2083556377717741e-11
100,121,0.41168060989654964,0.41168060989793615,1.3865020243031267e-12
100,134,0.41737012055009826,0.41737012055693135,6.833089649660451e-12
101,67,0.4241524914830553,0.4241533893516353,8.978685800409281e-07
101,80,0.42333619207751955,0.42334356173317955,7.369655660005581e-06
101,88,0.42304953331120637,0.4230505743959745,1.0410847681163737e-06
101,93,0.42371562465477347,0.4237344658789604,1.8841224186938454e-05
101,109,0.4265422937458871,0.42654318980286304,8.960569759519643e-07
101,114,0.41775686839307297,0.4177807924161379,2.3924023064947342e-05
101,122,0.43242679317615895,0.4324341298084623,7.336632303345247e-06
101,135,0.4036255050679475,0.4036444114673763,1.8906399428808562e-05
102,68,0.4227193873109001,0.42952527677045477,0.0068058894595546815
102,81,0.4281885511119509,0.4353269182796678,0.007138367167716875
102,89,0.42497237040115143,0.43890947819619625,0.013937107795044812
102,94,0.4204897766709002,0.42742341195000416,0.006933635279103956
102,110,0.4273525765699003,0.4480755600596709,0.02072298348977064
102,115,0.4268748576985942,0.44063282909950635,0.013757971400912172
102,123,0.40872516891007643,0.49253323621728373,0.0838080673072073
102,136,0.4278463899412587,0.4485430025831886,0.0206966126419299
103,69,0.4227103618976194,0.42271036465733675,2.7597173435367495e-09
103,82,0.4403449210945593,0.44034492216428817,1.069728861047281e-09
103,90,0.3946059366867615,0.3946059494665844,1.2779822866626489e-08
103,95,0.4027509259875596,0.40275092611505187,1.2749223898822493e-10
103,111,0.42725469624840995,0.4272547288042817,3.2555871776196454e-08
103,116,0.42372634628494,0.42372634666794734,3.8300734805929437e-10
103,124,0.4237125378269548,0.4237125462624878,8.435532994344186e-09
103,137,0.4119406332857577,0.4119406340161266,7.303688764892513e-10
104,70,0.42727017755411034,0.4272701775543563,2.4596991110570343e-13
104,83,0.43032903270311545,0.430329032703319,2.0355939156502245e-13
104,91,0.4143906506645336,0.41439065066529635,7.627232179174825e-13
104,96,0.4283750020234672,0.4283750020288297,5.3625437423932e-12
104,112,0.4255762878738538,0.42557628787557583,1.722011422344849e-12
104,117,0.4146393254306883,0.41463932543434057,3.652245172958146e-12
104,125,0.4468854052530778,0.4468854052534862,4.0839553960836383e-13
104,138,0.3953822587888872,0.395382258790782,1.8947621249765234e-12
105,71,0.4221738548811956,0.4221738627012022,7.820006642234034e-09
105,84,0.41620278336305055,0.4162028502800581,6.691700754624108e-08
105,92,0.39325525808594103,0.3932552648029786,6.7170375928071735e-09
105,97,0.4275274895068034,0.42752772865657107,2.3914976765571083e-07
105,113,0.4310792792737134,0.4310792840147387,4.741025294574541e-09
105,118,0.4171587358077554,0.4171589413744153,2.0556665986104505e-07
105,126,0.42076190922898954,0.4207619477352217,3.8506232147295094e-08
105,139,0.43418596429834105,0.4341860839993939,1.1970105284753174e-07
106,72,0.41400084624410854,0.42055208595717075,0.006551239713062207
106,85,0.3998140993719579,0.4064438721881504,0.006629772816192536
106,93,0.41755309018397724,0.4311144873595942,0.01356139717561694
106,98,0.3999361910240549,0.4062997077894678,0.006363516765412858
106,114,0.4299617594543453,0.4502836871493151,0.02032192769496982
106,119,0.4439202135388029,0.45768510820624975,0.013764894667446848
106,127,0.4418352972472871,0.524195901016686,0.08236060376939891
106,140,0.4500852592258188,0.4700236641875224,0.01993840496170357
107,73,0.42010019962470363,0.4201015387792027,1.339154499069295e-06
107,86,0.4194216047587514,0.41942229311970963,6.883609582342132e-07
107,94,0.40668027328048006,0.4066847291982374,4.455917757328898e-06
107,99,0.43853418419694834,0.4385343037363438,1.1953939543785097e-07
107,115,0.44416089368305606,0.4441692061557649,8.312472708826846e-06
107,120,0.42400310671792013,0.42400337587898024,2.691610601068817e-07
107,128,0.434195852314961,0.4341992444008044,3.3920858433789114e-06
107,141,0.40951694509291825,0.40951738227591467,4.371829964155971e-07
108,74,0.41171721728290284,0.41171721728293204,2.919886554764162e-14
108,87,0.4209481097917149,0.4209481097917247,9.825473767932635e-15
108,95,0.4296337458740485,0.42963374587417147,1.2295719997723609e-13
108,100,0.41147844978189796,0.4114784497819624,6.444844657949034e-14
108,116,0.41066300075079776,0.41066300075116724,3.694822225952521e-13
108,121,0.41216521729889355,0.4121652172989327,3.913536161803677e-14
108,129,0.4213141613918125,0.4213141613918269,1.4432899320127035e-14
108,142,0.4171904162446291,0.4171904162446479,1.8818280267396403e-14
109,75,0.41211029243743164,0.41211029711895003,4.681518395166506e-09
109,88,0.40347328380527475,0.40347334139381874,5.7588543989073315e-08
109,96,0.416537667051718,0.4165376711809342,4.1292161911954395e-09
109,101,0.4162784822487183,0.4162787301538403,2.479051220416473e-07
109,117,0.420768981913046,0.4207689847229105,2.809864507735682e-09
109,122,0.4569086842693179,0.4569088937217749,2.0945245698955617e-07
109,130,0.41600368445746205,0.4160037164846869,3.202722487216647e-08
109,143,0.41423126790685344,0.4142313914179427,1.2351108924502086e-07
110,76,0.39584197137876653,0.3959695368102102,0.00012756543144365473
110,89,0.4392535827801832,0.4401087346555288,0.0008551518753455722
110,97,0.40632810773093464,0.4064758822200445,0.00014777448910985314
110,102,0.3993261674708962,0.400609542282089,0.0012833748111927834
110,118,0.4070146502996144,0.4071419546815987,0.0001273043819842723
110,123,0.42502054615355167,0.42659604609196244,0.0015754999384107737
110,131,0.4215186926177611,0.42234784800824027,0.0008291553904791749
110,144,0.42271007266436866,0.423999712153727,0.0012896394893583407
111,77,0.42086801970556403,0.4208692875064115,1.2678008474709124e-06
111,90,0.418592878657928,0.41859353785423564,6.591963076507668e-07
111,98,0.4428800229419592,0.4428843170432108,4.294101251578475e-06
111,103,0.41581716916236744,0.41581727933054335,1.1016817591524841e-07
111,119,0.4358323384662443,0.4358407280668022,8.38960055787874e-06
111,124,0.428305941241094,0.4283062081382471,2.6689715310057593e-07
111,132,0.40928326448878904,0.40928668643703925,3.421948250204032e-06
111,145,0.423779133414202,0.4237795444900626,4.11075860629051e-07
112,78,0.40382305936273805,0.4038230594636757,1.0093764712948428e-10
112,91,0.42976992659482394,0.42976992662459323,2.976929813769402e-11
112,99,0.41977334997843385,0.4197733502667987,2.8836483201288843e-10
112,104,0.43186422054662493,0.4318642205522545,5.62955237981555e-12
112,120,0.42475376496351297,0.42475376552961996,5.661069946150121e-10
112,125,0.410498144801011,0.4104981448106475,9.636513809141434e-12
112,133,0.41191147166645214,0.4119114718024858,1.360336288058761e-10
112,146,0.4217489526417539,0.4217489526577346,1.5980716749908197e-11
113,79,0.43073711265144865,0.4307371126924351,4.098643646699429e-11
113,92,0.41518091657164463,0.4151809169399981,3.683534588461157e-10
113,100,0.4461499309683517,0.44614993099803213,2.968042478457278e-11
113,105,0.4105370907931065,0.41053709242460595,1.6314994355504098e-09
113,121,0.42385709915732284,0.42385709917466136,1.7338519509024763e-11
113,126,0.42984976902816885,0.4298497701571345,1.1289656431934247e-09
113,134,0.4074799136564267,0.4074799137998056,1.4337886433679614e-10
113,147,0.4195776057034425,0.41957760624320256,5.397600699730276e-10
114,80,0.4165726613588182,0.4166992345333784,0.00012657317456021833
114,93,0.4105736893421969,0.41140671662053196,0.0008330272783350634
114,101,0.4115193007481388,0.4116684981682439,0.00014919742010510717
114,106,0.3944098415648572,0.39566548355515113,0.001255641990293932
114,122,0.4145229233961004,0.41464869842858515,0.00012577503248473176
114,127,0.4430068129934596,0.44456946411461806,0.0015626511211584426
114,135,0.4366337046503043,0.43745800230739085,0.0008242976570865257
114,148,0.4047287015807246,0.40598938800474244,0.0012606864240178317
115,81,0.43254420641810015,0.432870920277225,0.00032671385912486084
115,94,0.4134634842208326,0.4137489102838752,0.0002854260630426042
115,102,0.40820062808315627,0.40904260071946613,0.0008419726363098623
115,107,0.4159843499964914,0.41603020379483946,4.585379834803893e-05
115,123,0.4106614509460697,0.4116950698132308,0.001033618867161079
115,128,0.4191847474430682,0.4192741620463452,8.94146032769938e-05
115,136,0.413464425284626,0.4142590419047618,0.0007946166201358018
115,149,0.426042057439494,0.42614579824522325,0.0001037408057292244
116,82,0.4006126335232523,0.40061263356379795,4.054562241506687e-11
116,95,0.43507245022313334,0.4350724502292341,6.1007310314664664e-12
116,103,0.435528121676127,0.435528121807009,1.3088202743816169e-10
116,108,0.42262344801420765,0.4226234480147077,5.000444502911705e-13
116,124,0.4527569313072155,0.4527569316040179,2.9680241597773716e-10
116,129,0.436803189737974,0.43680318973886534,8.913425553203069e-13
116,137,0.4292696775461427,0.42926967758038004,3.4237335189146734e-11
116,150,0.4372157402797063,0.4372157402812006,1.4943046799942294e-12
117,83,0.4286735559072287,0.42867355591156503,4.3363090895809364e-12
117,96,0.43540531866896914,0.43540531876777777,9.880862794631184e-11
117,104,0.40568325592317567,0.4056832559270768,3.901157175079106e-12
117,109,0.4282077106684862,0.42820771155257914,8.840929655029584e-10
117,125,0.42488720471889285,0.4248872047228337,3.940847648209456e-12
117,130,0.43599488749272186,0.43599488806571807,5.729962060385674e-10
117,138,0.41996058003528314,0.4199605800702222,3.4939051651861064e-11
117,151,0.430502798235413,0.4305027984903411,2.5492813415795013e-10
118,84,0.4182256297197119,0.41822653348020156,9.03760489667782e-07
118,97,0.44684615098267105,0.44685339602793994,7.245045268888806e-06
118,105,0.4148913066290531,0.4148920691836231,7.625545699885272e-07
118,110,0.40055324777849965,0.4005737666446844,2.0518866184759954e-05
118,126,0.4569473662930489,0.4569478730741355,5.067810865955202e-07
118,131,0.4289833944240218,0.42899925451148424,1.586008746246037e-05
118,139,0.41214059546099746,0.4121439406061729,3.345145175415176e-06
118,152,0.4394897762803187,0.4394982270283599,8.450748041177736e-06
119,85,0.4184669335090445,0.4187817062374634,0.00031477272841889947
119,98,0.41949502195557864,0.41976554053388954,0.00027051857831089654
119,106,0.4067530857213667,0.40759418759291305,0.0008411018715463459
119,111,0.44932756311764754,0.4493743044489799,4.674133133236724e-05
119,127,0.39852452799326216,0.3995712771542475,0.0010467491609853496
119,132,0.43792437832114717,0.43801455843204007,9.018011089290123e-05
119,140,0.420187764800259,0.42097306846649263,0.0007853036662336388
119,153,0.42068741985655644,0.4207909171494279,0.00010349729287145726
120,86,0.42574795378193414,0.42574798739984004,3.3617905903504663e-08
120,99,0.41340149806620713,0.4134015095348471,1.1468639982137319e-08
120,107,0.39870716388764654,0.3987072438873735,7.999972695404978e-08
120,112,0.4091350247099695,0.40913502632262183,1.6126523449955243e-09
120,128,0.43623978744156594,0.4362399231798857,1.357383197508888e-07
120,133,0.42310198272236255,0.4231019858305734,3.1082108553626142e-09
120,141,0.42901039417590414,0.4290104330168876,3.88409834850556e-08
120,154,0.4173278677813608,0.4173278724764616,4.695100808138619e-09
121,87,0.4259038982324226,0.42590389823257535,1.5276668818842154e-13
121,100,0.40729652904914565,0.4072965290504957,1.3500311979441904e-12
121,108,0.4140503931765988,0.41405039317673553,1.3672396548258803e-13
121,113,0.40206467478769276,0.4020646747946204,6.927625140207283e-12
121,129,0.40790826674305153,0.40790826674321606,1.645350522494482e-13
121,134,0.4076593314712794,0.4076593314751998,3.9203640334051215e-12
121,142,0.42129350124857007,0.4212935012489477,3.77642361826247e-13
121,155,0.3988323211543545,0.3988323211559883,1.6338042030383804e-12
122,88,0.39168394330604156,0.39168482039994207,8.770939005087186e-07
122,101,0.4188051730965406,0.418812515704402,7.342607861393624e-06
122,109,0.43408120967920766,0.43408196458432396,7.549051163069365e-07
122,114,0.4282871320309451,0.4283073230537614,2.0191022816307136e-05
122,130,0.4315712630515476,0.4315717428760407,4.798244931381035e-07
122,135,0.4271957651509971,0.42721171903089133,1.595387989422603e-05
122,143,0.42773777941939495,0.42774113570950234,3.356290107392468e-06
122,156,0.4132481790194091,0.41325663736449,8.458345080897267e-06
123,89,0.4295784142551056,0.44379768761539984,0.014219273360294216
123,102,0.41499488613999086,0.4924117062565253,0.07741682011653445
123,110,0.40156617305200437,0.42268684331572015,0.02112067026371578
123,115,0.4107431290893445,0.42477939885843374,0.014036269769089227
123,131,0.4117845159320146,0.425546229183321,0.013761713251306429
123,136,0.42286144244901064,0.4439555442205741,0.021094101771563456
123,144,0.43050999375205945,0.5080707556064404,0.07756076185438099
123,157,0.4307467437467406,0.4448823634310568,0.014135619684316203
124,90,0.41444949160686817,0.41444952368634935,3.2079481182556435e-08
124,103,0.4310340422031432,0.43103405118016846,8.977025289791385e-09
124,111,0.44875536338442834,0.4487554453377764,8.195334805227716e-08
124,116,0.41785889506126106,0.4178588960047986,9.435375258881606e-10
124,132,0.39685726027986107,0.3968573994011113,1.3912125024218014e-07
124,137,0.40460653427494375,0.40460653607456626,1.7996225065708416e-09
124,145,0.43831784095478543,0.4383178730468256,3.209204019194445e-08
124,158,0.42590647313016944,0.42590647584572805,2.7155586113103425e-09
125,91,0.4169443982095318,0.41694439821118745,1.655675596623496e-12
125,104,0.41973282313725835,0.4197328231378292,5.708766792622555e-13
125,112,0.41185023630409584,0.4118502363078434,3.747557819622216e-12
125,117,0.4413710181107601,0.4413710181183009,7.540745805556526e-12
125,133,0.42008463997270157,0.4200846399794257,6.724121259793492e-12
125,138,0.42530714140907866,0.42530714141299125,3.9125924722327454e-12
125,146,0.42744874787169557,0.427448747873049,1.353417378169297e-12
125,159,0.41104907892559256,0.41104907892705245,1.4598877662308496e-12
126,92,0.410110586631721,0.41011059112117565,4.489454641376511e-09
126,105,0.429275540536181,0.4292755783283141,3.7792133089631363e-08
126,113,0.40355336881915244,0.40355337198868607,3.169533635549726e-09
126,118,0.4156490576554999,0.41564919301495357,1.3535945364573365e-07
126,134,0.44195920761307267,0.4419592092941009,1.6810282055246262e-09
126,139,0.42029322507106687,0.42029330392103476,7.8849967888317e-08
126,147,0.42845603658168946,0.42845604762092454,1.103923508161131e-08
126,160,0.40075194168918105,0.4007519747717626,3.308258156309307e-08
127,93,0.4194437712425613,0.4332984846791128,0.01385471343655148
127,106,0.4183167829899659,0.49398926168858726,0.07567247869862137
127,114,0.4204162206377493,0.44115489933712887,0.020738678699379565
127,119,0.42407106255911675,0.43813255823493,0.014061495675813274
127,135,0.41604280483937905,0.42962809492071946,0.013585290081340406
127,140,0.39652026497440157,0.41686929432779285,0.02034902935339128
127,148,0.4187248755173698,0.4944822002070709,0.07575732468970109
127,161,0.43496570283228975,0.4487574332853014,0.01379173045301163
128,94,0.4087031758292011,0.4087120834626725,8.907633471388898e-06
128,107,0.43132527921691266,0.431328898019702,3.618802789318032e-06
128,115,0.42319499802468563,0.42321164013321894,1.664210853330461e-05
128,120,0.416394242817643,0.41639475461173203,5.117940890531081e-07
128,136,0.41096541204287707,0.4109867066670764,2.1294624199308387e-05
128,141,0.4433017767921263,0.44330260902160395,8.322294776652583e-07
128,149,0.4315959848807122,0.4316037453018567,7.760421144475949e-06
128,162,0.4260228177074708,0.42602380194683404,9.842393632331081e-07
129,95,0.4397045734125143,0.43970457341257646,6.217248937900877e-14
129,108,0.42785319704334346,0.4278531970433478,4.3298697960381105e-15
129,116,0.4376013914558245,0.43760139145601107,1.8657297928825756e-13
129,121,0.41279070671207096,0.4127907067120901,1.915134717478395e-14
129,137,0.41293859811893124,0.41293859811928707,3.5582647939236267e-13
129,142,0.41832140278481045,0.418321402784821,1.0547118733938987e-14
129,150,0.40481974973314855,0.4048197497331599,1.1324274851176597e-14
129,163,0.42356477931736053,0.4235647793173629,2.3869795029440866e-15
130,96,0.4169254373306454,0.41692543994368775,2.6130423380621437e-09
130,109,0.4351408631930621,0.43514089467809935,3.148503724403895e-08
130,117,0.40883253266084685,0.4088325344390347,1.7781878747236135e-09
130,122,0.4317321350734275,0.4317322668703083,1.3179688079789642e-07
130,138,0.40710489464803656,0.407104895564545,9.165084247086952e-10
130,143,0.4421573500011419,0.4421574277609253,7.77597833900856e-08
130,151,0.3986366136452621,0.39863662238481307,8.739550971803567e-09
130,164,0.4162964734920306,0.41629650548262465,3.1990594062669686e-08
131,97,0.40678151592732315,0.4068799175073617,9.840158003854294e-05
131,110,0.40602373982430884,0.406803041477501,0.000779301653192177
131,118,0.4095135975060106,0.4095983612893148,8.47637833042425e-05
131,123,0.42069678008488764,0.4217095506823797,0.001012770597492052
131,139,0.4121601012987485,0.41220314951632264,4.3048217574115366e-05
131,144,0.43156086385417924,0.43238988118700616,0.0008290173328269201
131,152,0.4257389198357335,0.42601414567484874,0.0002752258391152673
131,165,0.42899590872556215,0.4293084023319766,0.00031249360641444346
132,98,0.4332301588398832,0.43323862886819464,8.470028311446942e-06
132,111,0.41995527842528596,0.4199589089314175,3.630506131557798e-06
132,119,0.4154736215658214,0.4154902005873295,1.6579021508089653e-05
132,124,0.42528459436883437,0.42528510147199655,5.071031621839417e-07
132,140,0.4118419262319583,0.4118627880730981,2.0861841139807602e-05
132,145,0.3979107680453161,0.39791154936121825,7.813159021430316e-07
132,153,0.4339761961427636,0.4339838512828973,7.65514013367774e-06
132,166,0.44583922888571825,0.44584016832752027,9.394418020169937e-07
133,99,0.43723505537896473,0.43723505594788054,5.689158033561625e-10
133,112,0.4175525262670324,0.4175525264085963,1.4156392724729017e-10
133,120,0.42767833415501944,0.427678335273989,1.1189695836577584e-09
133,125,0.412484265469207,0.412484265487561,1.8353984998498163e-11
133,141,0.4018206012288935,0.4018206029454734,1.7165798782414754e-09
133,146,0.4055542493178459,0.40555424934836254,3.0516644766720447e-11
133,154,0.4066712581873238,0.4066712585798419,3.925180735997458e-10
133,167,0.4469841882309557,0.44698418827367215,4.271644149511644e-11
134,100,0.41768639243454,0.4176863924504088,1.586880626902598e-11
134,113,0.3966572020955855,0.3966572022339258,1.3834028367298856e-10
134,121,0.42459335635346784,0.42459335636274476,9.276912571465346e-12
134,126,0.41415251612371695,0.4141525167091771,5.854601248245217e-10
134,142,0.43543471023472313,0.43543471023894287,4.219735671995295e-12
134,147,0.42590423918423786,0.4259042394647346,2.804967369485212e-10
134,155,0.4293386127148414,0.4293386127434874,2.864597448137829e-11
134,168,0.4438416922778007,0.44384169237579213,9.79914482890365e-11
135,101,0.4283123503068707,0.4284124686654067,0.00010011835853601658
135,114,0.39653873161515113,0.3973080429791202,0.0007693113639690718
135,122,0.41530038618364307,0.41538478462558837,8.439844194529922e-05
135,127,0.42287377706678364,0.42388192904715083,0.001008151980367189
135,143,0.40913839232037336,0.40918157997598403,4.3187655610676945e-05
135,148,0.40634741985414735,0.4071607614765698,0.0008133416224224699
135,156,0.42044901405750246,0.4207248756610319,0.000275861603529437
135,169,0.4198178758232223,0.420133584113792,0.00031570829056970506
136,102,0.41321855502380833,0.41450009087537004,0.0012815358515617103
136,115,0.41403410538688196,0.4148764845951851,0.0008423792083031567
136,123,0.40709920669022215,0.4086724483130648,0.0015732416228426693
136,128,0.4422552682955664,0.4423869393432502,0.00013167104768380122
136,144,0.42092858794850085,0.42221637953609664,0.001287791587595788
136,149,0.4133699182262481,0.4135226681061307,0.0001527498798826188
136,157,0.43089265509570723,0.43174213048100607,0.0008494753852988368
136,170,0.4384832744588108,0.43861676458372456,0.0001334901249137599
137,103,0.41701144599690637,0.41701144625007813,2.5317176133299313e-10
137,116,0.41544307374437933,0.41544307377928685,3.490752131796171e-11
137,124,0.41599016517659865,0.4159901657507075,5.741088715538467e-10
137,129,0.42193950814164305,0.42193950814336784,1.724786979906412e-12
137,145,0.42115802876343084,0.4211580296346419,8.712110477482327e-10
137,150,0.4214677028281372,0.42146770283102825,2.8910207561239076e-12
137,158,0.4294720433990194,0.4294720434986677,9.964828961983585e-11
137,171,0.4160295133354783,0.416029513339665,4.1867065370126966e-12
138,104,0.43358477475540014,0.4335847747573905,1.9903523273967494e-12
138,117,0.43364552512306226,0.43364552515750004,3.4437785956242806e-11
138,125,0.4165256883027493,0.4165256883047681,2.0188295479783847e-12
138,130,0.40328039786572417,0.40328039816082395,2.95099777947172e-10
138,146,0.43432596628168807,0.43432596628413717,2.449096481171864e-12
138,151,0.431868608317186,0.4318686084483498,1.3116380204181155e-10
138,159,0.4296437748976544,0.4296437749041339,6.47953912746857e-12
138,172,0.41344197371818375,0.41344197375771574,3.9531988793584105e-11
139,105,0.4177434848365401,0.41774388139050905,3.965539689398945e-07
139,118,0.4296488041551361,0.4296519424489447,3.1382938086021994e-06
139,126,0.40928062185512143,0.40928088560492637,2.63749804940705e-07
139,131,0.43387400377744206,0.4338818521035436,7.848326101511649e-06
139,147,0.42413814264057287,0.4241382492646611,1.0662408822526004e-07
139,152,0.4386680464917059,0.43867223410456135,4.187612855477418e-06
139,160,0.4261609059678422,0.4261615393752706,6.334074284519708e-07
139,173,0.4150478108870535,0.41504903137856564,1.2204915121327709e-06
140,106,0.41639111818341035,0.41762192075030075,0.0012308025668903988
140,119,0.4107631874330361,0.4115894205973539,0.0008262331643178467
140,127,0.423991156921094,0.4255228949636368,0.0015317380425428073
140,132,0.4214699611879181,0.42159818453035536,0.00012822334243728362
140,148,0.41778050425778995,0.41901625146403315,0.0012357472062431984
140,153,0.42096935347141107,0.4211164973845532,0.0001471439131421337
140,161,0.4282939826533201,0.42911146777076103,0.0008174851174409525
140,174,0.4204430024155906,0.42056840142267915,0.00012539900708852247
141,107,0.4247821234697531,0.4247822552666672,1.3179691410458716e-07
141,120,0.43992653803134213,0.4399265779405363,3.990919417162786e-08
141,128,0.41898243289580217,0.41898265665359097,2.237577887975739e-07
141,133,0.4091138783895698,0.4091138833998425,5.010272696726048e-09
141,149,0.4096362855434007,0.4096365464257622,2.608823614913547e-07
141,154,0.419344315896415,0.41934432346891665,7.572501625752182e-09
141,162,0.41642629502912265,0.4164263691024925,7.407336982678814e-08
141,175,0.40573036034015153,0.4057303687553989,8.415247387816294e-09
142,108,0.42150257471360464,0.42150257471366703,6.23945339839338e-14
142,121,0.42114019732635494,0.4211401973267144,3.594902153736257e-13
142,129,0.42167147942483496,0.4216714794249106,7.566169912820442e-14
142,134,0.4322288414235378,0.4322288414252595,1.7217338665886928e-12
142,150,0.4190496202684844,0.41904962026859555,1.1113332476497817e-13
142,155,0.43202814312928456,0.4320281431300042,7.196465645620265e-13
142,163,0.41562444585548,0.4156244458555406,6.061817714453355e-14
142,176,0.41709243273841873,0.4170924327386485,2.2976065494617615e-13
143,109,0.4437615105106921,0.4437619032451313,3.9273443919185524e-07
143,122,0.409360913324389,0.40936405289674843,3.1395723594229707e-06
143,130,0.42480617260195724,0.4248064223561613,2.497542040402756e-07
143,135,0.41226137321525014,0.41226931642496484,7.943209714700306e-06
143,151,0.4391973730522541,0.4391974774908659,1.0443861181430592e-07
143,156,0.41384146255184023,0.41384567942638384,4.216874543605531e-06
143,164,0.430752954692154,0.43075359901233706,6.443201830408363e-07
143,177,0.41799478490888214,0.41799603616325415,1.251254372003352e-06
144,110,0.4205208894634176,0.44125213580372724,0.02073124634030965
144,123,0.418274463099266,0.5020935663639203,0.0838191032646543
144,131,0.4182216864702709,0.43171557507478253,0.013493888604511617
144,136,0.41965765918161146,0.44036253071672815,0.020704871535116687
144,152,0.42729436156306777,0.4341219871653002,0.006827625602232434
144,157,0.4333240648333346,0.44718490234668096,0.01386083751334638
144,165,0.4126927741572829,0.41957388679603885,0.00688111263875596
144,178,0.43109892188716636,0.4380941073521638,0.006995185464997444
145,111,0.40737487840218223,0.40737500560083,1.2719864778132361e-07
145,124,0.4123543898630446,0.41235442237992387,3.2516879244770536e-08
145,132,0.40804019066048436,0.40804040666678965,2.160063052869532e-07
145,137,0.40500145353427075,0.40500145631648615,2.7822154025081147e-09
145,153,0.42488634314953583,0.4248865922545027,2.491049668762457e-07
145,158,0.4263988576048027,0.4263988618031463,4.198343617201061e-09
145,166,0.41077697705356697,0.410777036485946,5.943237901817611e-08
145,179,0.4282953275629713,0.42829533265297903,5.090007748620451e-09
146,112,0.4075975565469268,0.4075975565537416,6.814770969754136e-12
146,125,0.43936845205662106,0.43936845205817215,1.5510925877038062e-12
146,133,0.4323189361156752,0.4323189361279157,1.2240541913399738e-11
146,138,0.40729802448889696,0.40729802449573843,6.841471833496371e-12
146,154,0.44973036697263385,0.4497303669902503,1.761646384323967e-11
146,159,0.43470954778549453,0.43470954778804877,2.5542346016038664e-12
146,167,0.42460250206550504,0.424602502068857,3.3519853559482726e-12
146,180,0.41886659730102777,0.41886659730193787,9.10105324436472e-13
147,113,0.41028051644133956,0.41028051775441254,1.3130729836774435e-09
147,126,0.4161818475078987,0.41618185762774834,1.01198496249566e-08
147,134,0.40673487400834035,0.40673487470639885,6.980584998927952e-10
147,139,0.42600165423262476,0.4260016845614584,3.032883366671513e-08
147,155,0.428944600000961,0.4289446002490563,2.480952665528946e-10
147,160,0.4313229691004058,0.431322981898345,1.2797939208386566e-08
147,168,0.40735628134752094,0.4073562826915775,1.34405653273717e-09
147,181,0.4346880449635955,0.4346880485414542,3.5778587315071775e-09
148,114,0.4122405309640094,0.4325673632065716,0.020326832242562154
148,127,0.4267021270568891,0.509068689334976,0.08236656227808686
148,135,0.4141522127307899,0.42745096564298657,0.013298752912196676
148,140,0.4190834689939379,0.43902670894868967,0.01994323995475178
148,156,0.41999951232029464,0.42678790462043675,0.00678839230014211
148,161,0.40784171264563307,0.4213437084632176,0.013501995817584544
148,169,0.4233485529841676,0.4303353856824464,0.0069868326982787665
148,182,0.43262692192445085,0.4394673412307762,0.0068404193063253405
149,115,0.41645470850100674,0.41647397341451964,1.9264913512895276e-05
149,128,0.4370340953671451,0.4370418247921546,7.729425009483926e-06
149,136,0.4266117935272433,0.42663643832366105,2.4644796417727655e-05
149,141,0.4228447614148711,0.4228457283945173,9.66979646188637e-07
149,157,0.41538627488261565,0.41540573385107543,1.9458968459784565e-05
149,162,0.4392029403933633,0.43920408396181115,1.1435684478811048e-06
149,170,0.4093839291617135,0.40939174288232344,7.813720609928243e-06
149,183,0.4126111787575782,0.4126121399611423,9.612035641315408e-07
150,116,0.42618712215783666,0.42618712215791266,7.599476603559197e-14
150,129,0.41978678144020964,0.41978678144021303,3.3861802251067274e-15
150,137,0.4187719346649871,0.418771934665132,1.4493961586481419e-13
150,142,0.42405676817232163,0.42405676817232385,2.220446049250313e-15
150,158,0.4230400110112633,0.423040011011482,2.1865842469992458e-13
150,163,0.4150514671553896,0.4150514671553896,0.0
150,171,0.4123021619542073,0.4123021619542136,6.2727600891321345e-15
150,184,0.4266721600133068,0.4266721600133068,0.0
151,117,0.441480258330292,0.44148025906180327,7.315112959815906e-10
151,130,0.41145790690329276,0.41145791514346175,8.24016899159119e-09
151,138,0.4212177276912194,0.4212177280683211,3.7710168321325455e-10
151,143,0.42821541837474436,0.42821544973421677,3.1359472407732625e-08
151,159,0.4143155975637252,0.41431559769959625,1.3587103664391975e-10
151,164,0.4185759992067521,0.4185760121371435,1.2930391424248455e-08
151,172,0.4247326710987348,0.42473267212773513,1.0290003293889072e-09
151,185,0.40415661473923853,0.40415661761015587,2.8709173371943564e-09
152,118,0.40633597503908125,0.406378950437073,4.297539799175132e-05
152,131,0.42390796174234985,0.42418138676744715,0.00027342502509730693
152,139,0.412796630970233,0.4128184674452426,2.1836475009584522e-05
152,144,0.4403571497488904,0.4407767381286443,0.00041958837975392127
152,160,0.4214039175558208,0.42141158994114997,7.672385329171583e-06
152,165,0.43299151375039713,0.4331496177831684,0.00015810403277127794
152,173,0.4120207954803646,0.4120358076687504,1.5012188385843395e-05
152,186,0.39880545715507615,0.39882737174637717,2.1914591301019914e-05
153,119,0.4210356570847569,0.42105464225385636,1.8985169099483556e-05
153,132,0.4203980171802486,0.4204056424007514,7.625220502793795e-06
153,140,0.4208238818993672,0.4208477666926265,2.3884793259321135e-05
153,145,0.42620961207991404,0.4262105100115217,8.979316076795918e-07
153,161,0.4218689258253833,0.42188796047186805,1.903464648472797e-05
153,166,0.4116366942070666,0.41163777384458294,1.0796375163324434e-06
153,174,0.42734453493173735,0.42735200998843204,7.475056694683513e-06
153,187,0.4373560488535068,0.4373569588940453,9.100405384820931e-07
154,120,0.42614584755851265,0.42614584927943927,1.7209266234274878e-09
154,133,0.44185021008358577,0.4418502104871041,4.035183298611855e-10
154,141,0.406992224817781,0.406992227459488,2.6417069642903357e-09
154,146,0.40641852249766025,0.4064185225434669,4.58066362618581e-11
154,162,0.43102760384547384,0.4310276068716071,3.0261332883974035e-09
154,167,0.419835816562461,0.4198358166266023,6.414130337972779e-11
154,175,0.42909129752499153,0.4290912981919371,6.669455543395486e-10
154,188,0.43102316176873623,0.43102316184993816,8.120193406568887e-11
155,121,0.4154307720774258,0.4154307720807838,3.3579805602812485e-12
155,134,0.4325969098771291,0.4325969099030755,2.594635617469976e-11
155,142,0.4233534656583436,0.4233534656598775,1.5339396419733475e-12
155,147,0.4152655157934121,0.4152655158865975,9.318540383773666e-11
155,163,0.4206097210796903,0.42060972108019373,5.034306305162772e-13
155,168,0.41569721880105365,0.41569721883391864,3.286498850840758e-11
155,176,0.42154292844797014,0.4215429284506377,2.6675328612668636e-12
155,189,0.4196839784582054,0.41968397846675376,8.548384222706318e-12
156,122,0.42264258635752405,0.42268565774686184,4.307138933778987e-05
156,135,0.4403112358168064,0.4405869157856956,0.00027567996888916424
156,143,0.4370952360326347,0.437117283406628,2.2047373993250297e-05
156,148,0.42096158732495326,0.4213774363290869,0.00041584900413366155
156,164,0.42475335545241155,0.4247611977458201,7.842293408555356e-06
156,169,0.4021794627469871,0.4023405358076834,0.0001610730606962929
156,177,0.41716188326281195,0.41717735036459075,1.5467101778798842e-05
156,190,0.41414991379975136,0.4141724685450631,2.2554745311764712e-05
157,123,0.4116841141418794,0.41272470448212617,0.001040590340246783
157,136,0.4233445490782082,0.4241447737413581,0.0008002246631499399
157,144,0.40903974838290563,0.40989153843566195,0.0008517900527563183
157,149,0.41768327294422875,0.417787798727424,0.00010452578319525285
157,165,0.42818906935086265,0.4285100311410539,0.00032096179019125426
157,170,0.42622442106747105,0.4263157481275311,9.132706006004243e-05
157,178,0.40819106273194156,0.40847950641504754,0.0002884436831059878
157,191,0.4219166965501923,0.42196318717674275,4.649062655043279e-05
158,124,0.4022479753035361,0.4022479761770135,8.734774015195512e-10
158,137,0.4193196257338891,0.41931962583466964,1.0078055057149982e-10
158,145,0.4150014554665617,0.4150014567920628,1.3255010977708537e-09
158,150,0.41324489029144795,0.41324489029584677,4.398814645867333e-12
158,166,0.4158226623231664,0.4158226639003332,1.5771667860597915e-09
158,171,0.4270834761446322,0.4270834761510028,6.370570737601611e-12
158,179,0.4053257367061128,0.40532573688980766,1.836948371192193e-10
158,192,0.4296973577138187,0.4296973577300296,1.6210921494064223e-11
159,125,0.438062770214534,0.4380627702152713,7.372991106535665e-13
159,138,0.42698248816106754,0.4269824881674796,6.41203756757136e-12
159,146,0.40443323885615573,0.40443323885706167,9.059419880941277e-13
159,151,0.42964479494675933,0.42964479499571295,4.895361893630934e-11
159,167,0.4186907432089294,0.41869074321007804,1.148636741277187e-12
159,172,0.4114901616907952,0.4114901617054497,1.4654499835842216e-11
159,180,0.40575567370323573,0.4057556737039077,6.71962485654376e-13
159,193,0.4158309524870138,0.41583095248903845,2.0246582188576667e-12
160,126,0.40380131290514276,0.4038014080648996,9.515975685214784e-08
160,139,0.4222086259720931,0.42220921559255803,5.896204649524783e-07
160,147,0.40774084012773465,0.4077408787828531,3.8655118439479e-08
160,152,0.41026602685540214,0.41026746118954655,1.4343341444011948e-06
160,168,0.4097393149044181,0.409739325590333,1.0685914875185887e-08
160,173,0.4190666315069431,0.41906705816141,4.266544668674044e-07
160,181,0.42845849315707274,0.4284585238334626,3.067638987275245e-08
160,194,0.41788960483174553,0.41788966164259206,5.68108465270889e-08
161,127,0.4137080816599099,0.4147326396478014,0.0010245579878914723
161,140,0.4418970082582593,0.44266714748638797,0.0007701392281286856
161,148,0.42123438568462407,0.4220609631902643,0.0008265775056402469
161,153,0.4055591716646604,0.40566100407841943,0.00010183241375905094
161,169,0.4108560894800392,0.41117652334332194,0.00032043386328273193
161,174,0.41217224468152946,0.4122590248898526,8.678020832314504e-05
161,182,0.42723003494105977,0.427512416258685,0.00028238131762525764
161,195,0.43650265872108984,0.4365488483648456,4.618964375574519e-05
162,128,0.41951248452532036,0.41951275155564904,2.670303286822495e-07
162,141,0.4372730813661427,0.4372731566538833,7.528774059739618e-08
162,149,0.40472900927155153,0.40472932060739725,3.1133584571518824e-07
162,154,0.43538712583226574,0.4353871347434179,8.911152149515544e-09
162,170,0.43786038912110836,0.4378606580119979,2.688908895542852e-07
162,175,0.41013873072373286,0.4101387406260091,9.902276221218642e-09
162,183,0.40899860274694927,0.4089986778564396,7.510949034950087e-08
162,196,0.41118734927185857,0.4111873587951788,9.523320243509659e-09
163,129,0.41954271019201217,0.41954271019203804,2.5868196473766147e-14
163,142,0.39796970356248507,0.39796970356253775,5.268008251846368e-14
163,150,0.41050137396278624,0.41050137396282355,3.730349362740526e-14
163,155,0.41188729954540737,0.41188729954561953,2.1216362000586741e-13
163,171,0.42748280453709836,0.4274828045371517,5.334621633323877e-14
163,176,0.42343780994155433,0.4234378099416234,6.905587213168474e-14
163,184,0.4359356717123084,0.4359356717123148,6.38378239159465e-15
163,197,0.4095616521546809,0.4095616521547297,4.884981308350689e-14
164,130,0.40300204231852066,0.4030021324391104,9.012058976853865e-08
164,143,0.4385508361498104,0.43855143960314763,6.034533372445416e-07
164,151,0.40279385538826473,0.4027938931364349,3.774817014523535e-08
164,156,0.38770833511415653,0.3877097996048587,1.4644907021521547e-06
164,172,0.41254201508382116,0.41254202543581964,1.0351998480651048e-08
164,177,0.4179587938094201,0.4179592366886895,4.4287926942443434e-07
164,185,0.4094205593761055,0.4094205891487624,2.977265689541042e-08
164,198,0.44606773958952195,0.4460678109893062,7.139978425163562e-08
165,131,0.4214582979451849,0.4217348352509916,0.0002765373058066789
165,144,0.3930543063251425,0.3934656433641803,0.0004113370390377846
165,152,0.4351430907999102,0.4352840978910264,0.00014100709111619647
165,157,0.4467113330471776,0.4469949728211437,0.0002836397739661156
165,173,0.4094750242430743,0.4094909687165402,1.5944473465923092e-05
165,178,0.4181599275136994,0.4183037715511305,0.00014384403743111784
165,186,0.41255802689256915,0.41258119834838375,2.3171455814596786e-05
165,199,0.4104531317625197,0.4104696102993594,1.6478536839725777e-05
166,132,0.41764287013327805,0.41764313132960246,2.6119632440257945e-07
166,145,0.4172672539954637,0.4172673139846531,5.998918939376097e-08
166,153,0.4010093096230655,0.4010096108434614,3.012203958485671e-07
166,158,0.39857767852125686,0.3985776835801916,5.0589347155849396e-09
166,174,0.43008025251708093,0.43008050946211857,2.5694503763551424e-07
166,179,0.4184255804810199,0.4184255866144186,6.133398677832247e-09
166,187,0.43972909143905914,0.43972915246822214,6.102916300099182e-08
166,200,0.4227481830109315,0.4227481979972523,1.4986320795440378e-08
167,133,0.4235922352428261,0.42359223526029166,1.7465584534193113e-11
167,146,0.39839653162222427,0.3983965316256863,3.4620084576886256e-12
167,154,0.40848123463341984,0.40848123465855524,2.5135393766362313e-11
167,159,0.42192821850974915,0.4219282185133836,3.6344260934129125e-12
167,175,0.40487546549299996,0.4048754655211872,2.8187230327603174e-11
167,180,0.4125338322629484,0.4125338322642434,1.2950196470740138e-12
167,188,0.4206256558659307,0.4206256558719117,5.980993478260643e-12
167,201,0.40796601189551635,0.40796601189809506,2.578715019296851e-12
168,134,0.41753875453321887,0.41753875473248997,1.9927109962125655e-10
168,147,0.42181464278746494,0.4218146439713966,1.1839316749195916e-09
168,155,0.41814612478115765,0.41814612485273495,7.157729964291093e-11
168,160,0.41835925111091127,0.41835925440565136,3.2947400918637015e-09
168,176,0.40861894874055155,0.40861894875762095,1.7069401447855626e-11
168,181,0.3920871474729877,0.39208714843751247,9.64524793367616e-10
168,189,0.40247450725598394,0.4024745073159362,5.995226537436338e-11
168,202,0.4272411330147855,0.42724113320829055,1.9350504532056334e-10
169,135,0.4247458190515385,0.425030505001825,0.00028468595028646737
169,148,0.41003083940786195,0.410448518695719,0.00041767928785707564
169,156,0.4026308467687622,0.4027763438376279,0.00014549706886568536
169,161,0.4109636962547416,0.4112513481220105,0.0002876518672688677
169,177,0.41174899644222923,0.41176566871013953,1.667226791030041e-05
169,182,0.4240068913142485,0.4241536097344336,0.00014671842018509906
169,190,0.4301075802944262,0.4301318072724897,2.422697806347962e-05
169,203,0.41292983399004807,0.4129445999929157,1.4766002867649952e-05
170,136,0.4125028042863991,0.4125244214059211,2.16171195219772e-05
170,149,0.4216714280452758,0.42167929782713476,7.869781858960145e-06
170,157,0.42628530837528855,0.4263023707174567,1.706234216813929e-05
170,162,0.42226242123051344,0.4222634178603431,9.966298296637532e-07
170,178,0.4292175594011591,0.4292265657030345,9.006301875447154e-06
170,183,0.42647490272650923,0.42647574035856817,8.376320589364994e-07
170,191,0.40905549780053385,0.40905918053563495,3.6827351010959575e-06
170,204,0.4240482620057283,0.42404882556106105,5.635553327332232e-07
171,137,0.42254767582155534,0.4225476758216025,4.718447854656915e-14
171,150,0.41561989902730195,0.4156198990273032,1.2212453270876722e-15
171,158,0.41457471638929655,0.4145747163893679,7.133182933216631e-14
171,163,0.40535622245439074,0.40535622245439074,0.0
171,179,0.41742250388610047,0.41742250388618696,8.64863736182997e-14
171,184,0.4225620098227053,0.4225620098227053,0.0
171,192,0.40367013092318316,0.4036701309231897,6.5503158452884236e-15
171,205,0.4262371858368363,0.42623718583684084,4.551914400963142e-15
172,138,0.39738020144878444,0.3973802015488645,1.0008005535411257e-10
172,151,0.42117816678450126,0.4211781677178841,9.333828154822754e-10
172,159,0.4249699108232641,0.4249699108593395,3.607542042871614e-11
172,164,0.44113686684189735,0.44113687017923126,3.337333909225748e-09
172,180,0.4192938550624979,0.4192938550729006,1.0402734229586486e-11
172,185,0.4146126904046587,0.41461269115695915,7.523004441623016e-10
172,193,0.4287759528670348,0.4287759528977209,3.0686120311429477e-11
172,206,0.4218003481927046,0.42180034830241486,1.0971024089201364e-10
173,139,0.4343902272367057,0.4343913824079178,1.1551712121304902e-06
173,152,0.43303254438552824,0.43303535561510204,2.8112295737958704e-06
173,160,0.42839594960347327,0.42839638399604113,4.3439256786070857e-07
173,165,0.43314254305852906,0.4331461963580311,3.6532995020266412e-06
173,181,0.42847659325494886,0.4284766528259736,5.957102472420317e-08
173,186,0.425223332946178,0.4252244715608082,1.1386146302472255e-06
173,194,0.4061228741478889,0.40612298459960844,1.1045171954826571e-07
173,207,0.42215035448268323,0.42215048357280716,1.29090123923703e-07
174,140,0.4346524036022692,0.43467278485598165,2.0381253712453695e-05
174,153,0.4245847410157662,0.4245922258407244,7.484824958214897e-06
174,161,0.41624766097893573,0.41626390121308465,1.624023414892317e-05
174,166,0.4100100688160166,0.4100109882171209,9.194011043045514e-07
174,182,0.42681882484541556,0.42682747184863123,8.64700321567824e-06
174,187,0.40037445117491843,0.4003752261387572,7.749638387677393e-07
174,195,0.4175235841460266,0.4175271464708653,3.5623248387239848e-06
174,208,0.4410579581726265,0.4410584773061806,5.191335540888353e-07
175,141,0.4275185515299834,0.42751855445409054,2.9241071231034255e-09
175,154,0.42066959017674227,0.420669590840059,6.633167348724101e-10
175,162,0.4169857119868575,0.41698571533624157,3.3493840478904247e-09
175,167,0.4159949693075485,0.41599496937891656,7.136807811392032e-11
175,183,0.43680284719645845,0.4368028501318369,2.9353784403163274e-09
175,188,0.44198818562130004,0.4419881857116455,9.034545334074551e-11
175,196,0.42144037672240264,0.42144037743241564,7.100129928439003e-10
175,209,0.3891376123975659,0.3891376126337701,2.3620422284764686e-10
176,142,0.42210462397723475,0.42210462397760823,3.7347902548390266e-13
176,155,0.4123754196498293,0.412375419652047,2.21767049168875e-12
176,163,0.4222314556559314,0.422231455656056,1.2462253451417382e-13
176,168,0.4299618677113919,0.42996186771828515,6.8932637375951344e-12
176,184,0.40188705789523255,0.40188705789527324,4.068967385251199e-14
176,189,0.429920233791623,0.4299202337935443,1.921351966416296e-12
176,197,0.42629491364564215,0.42629491364598987,3.4772185131259903e-13
176,210,0.4366359235192713,0.4366359235198612,5.899170041345769e-13
177,143,0.4172532068056534,0.4172543989524412,1.1921467877873404e-06
177,156,0.4256371178982437,0.42564001605122836,2.898152984653901e-06
177,164,0.41824611568564707,0.4182465664699006,4.507842535361739e-07
177,169,0.43845900156242756,0.43846274042275535,3.7388603277843657e-06
177,185,0.4260521162503608,0.42605217482303925,5.857267842968028e-08
177,190,0.3993173696022418,0.39931856942821564,1.1998259738521533e-06
177,198,0.42268210345787377,0.4226822439877049,1.4052983110524053e-07
177,211,0.4106623987529857,0.410662523152192,1.2439920626938772e-07
178,144,0.4041964303202761,0.40462666937609404,0.0004302390558179603
178,157,0.4198287736675614,0.42011609724647336,0.0002873235789119799
178,165,0.42751903153548426,0.4276809706841977,0.0001619391487134303
178,170,0.42524535142058095,0.42529148765299973,4.613623241878084e-05
178,186,0.4435876857565436,0.44361010232620307,2.241656965945582e-05
178,191,0.42266662225191937,0.42269011789783045,2.3495645911086882e-05
178,199,0.41637757819025073,0.41639344600320183,1.586781295109807e-05
178,212,0.43080176073509235,0.43080919653591915,7.435800826793848e-06
179,145,0.4370415899074533,0.43704159151730526,1.609851973949361e-09
179,158,0.44038384282765425,0.4403838430117955,1.8414125779742108e-10
179,166,0.4380656651834853,0.4380656670989902,1.9155049213459563e-09
179,171,0.41121294798786023,0.41121294799559804,7.737810392427491e-12
179,187,0.4096620014759173,0.4096620031189501,1.6430328209082745e-09
179,192,0.413214128210666,0.41321412823035464,1.9688639607551295e-11
179,200,0.40918495933033017,0.40918495977652447,4.461943037270544e-10
179,213,0.46305515761713045,0.4630551576750136,5.7883142723369474e-11
180,146,0.4232510411828254,0.42325104118318146,3.560485239972877e-13
180,159,0.41473804229989103,0.41473804230069433,8.03301869467532e-13
180,167,0.41055263286258137,0.4105526328630445,4.631295347223841e-13
180,172,0.44424091701809065,0.44424091702385143,5.7607807413262435e-12
180,188,0.4427483529279267,0.4427483529284963,5.695999227839366e-13
180,193,0.41614326095888043,0.41614326095956544,6.850076061937216e-13
180,201,0.4305922379458488,0.43059223794612816,2.7938762414692064e-13
180,214,0.43596611292771226,0.435966112927871,1.5876189252139739e-13
181,147,0.44077795369059114,0.4407779571598757,3.4692845818362628e-09
181,160,0.4493316812635635,0.4493316912291385,9.965575031856133e-09
181,168,0.42035511837105727,0.4203551194336744,1.0626171054184397e-09
181,173,0.43240045489777196,0.43240047296645295,1.8068680995853015e-08
181,189,0.421423103269802,0.4214231034358149,1.6601292562867798e-10
181,194,0.4105304920058103,0.41053049698990224,4.984091916959699e-09
181,202,0.4287214002605585,0.4287214008023616,5.418031023829428e-10
181,215,0.39480295429101486,0.3948029550443684,7.533535462123098e-10
182,148,0.416083092202541,0.41650203868104135,0.00041894647850032607
182,161,0.4257210863180991,0.42600183095060085,0.0002807446325017726
182,169,0.4084539404759222,0.40861625868709106,0.0001623182111688548
182,174,0.4240398895904128,0.42408393108267367,4.404149226089338e-05
182,190,0.4290581277730822,0.42908086184801886,2.2734074936636706e-05
182,195,0.42268051138654245,0.42270396263095217,2.345124440972235e-05
182,203,0.4022022426594651,0.4022160450832622,1.3802423797115715e-05
182,216,0.4084204885043811,0.4084277684152291,7.2799108479792984e-06
183,149,0.43164381810461505,0.43164407682473305,2.5872011799599193e-07
183,162,0.41122028891825035,0.41122036248734806,7.356909770273035e-08
183,170,0.41303465702254016,0.4130348804660864,2.2344354622116924e-07
183,175,0.4081553186655344,0.40815532704186697,8.376332572002099e-09
183,191,0.409347874731375,0.40934800544378946,1.307124144478422e-07
183,196,0.4068725325416336,0.40687254059704864,8.05541505721763e-09
183,204,0.42603980111470585,0.426039844074465,4.295975913892747e-08
183,217,0.4080715052551571,0.4080715228610992,1.7605942093101845e-08
184,150,0.40594886327822893,0.40594886327823854,9.603429163007604e-15
184,163,0.404851724450235,0.404851724450237,1.9984014443252818e-15
184,171,0.4262470479551322,0.4262470479551477,1.5487611193520934e-14
184,176,0.40644951412504665,0.4064495141250591,1.2434497875801753e-14
184,192,0.43570923948923473,0.43570923948928203,4.729550084903167e-14
184,197,0.4133304710725324,0.4133304710725429,1.049160758270773e-14
184,205,0.4227188370243782,0.42271883702441215,3.397282455352979e-14
184,218,0.43209461923754267,0.43209461923754605,3.3861802251067274e-15
185,151,0.4427265677936016,0.4427265705551428,2.7615412179216037e-09
185,164,0.41520592516353516,0.41520593511429543,9.950760271326686e-09
185,172,0.4237866089642482,0.4237866097621691,7.9792089602293e-10
185,177,0.4150230890330421,0.41502310767768547,1.8644643384746473e-08
185,193,0.4138999939386266,0.41389999402866307,9.003647827299233e-11
185,198,0.42178526549434786,0.42178527061961335,5.125265489791531e-09
185,206,0.40466521286870744,0.40466521319095033,3.2224289903126646e-10
185,219,0.42370363837444275,0.42370363872167427,3.4723152131377333e-10
186,152,0.42940852495862475,0.4294127634186094,4.238459984651222e-06
186,165,0.4065058006760887,0.4065112926480605,5.491971971804954e-06
186,173,0.41620041951336967,0.4162016459977856,1.2264844159171062e-06
186,178,0.4217671370465395,0.42177143327462085,4.296228081346332e-06
186,194,0.423097087309414,0.4230972435425145,1.562331005122708e-07
186,199,0.4112241594403035,0.41122542718208444,1.267741780941467e-06
186,207,0.42374650616445825,0.42374668895134404,1.8278688579398406e-07
186,220,0.41790516939568956,0.41790530961078604,1.4021509647799135e-07
187,153,0.4121598165244374,0.4121600680035502,2.514791128116478e-07
187,166,0.40997192773264063,0.40997198781338284,6.008074221464099e-08
187,174,0.429565111314799,0.4295653258361123,2.1452131326871182e-07
187,179,0.42043207487019985,0.4204320800213055,5.151105653133925e-09
187,195,0.4119550365104284,0.41195516525665216,1.2874622373759692e-07
187,200,0.4238752801323881,0.4238752926959987,1.2563610596316721e-08
187,208,0.4097786498716942,0.40977868442761683,3.455592262335827e-08
187,221,0.42707088800641974,0.4270708942930264,6.286606679672957e-09
188,154,0.41144261107051766,0.4114426111027708,3.2253144599536654e-11
188,167,0.41334063648452907,0.41334063649062736,6.098288540812291e-12
188,175,0.4356311488753782,0.4356311489115454,3.6167235872852643e-11
188,180,0.42821484381706126,0.4282148438186982,1.6369128275073308e-12
188,196,0.42581230528599634,0.4258123053205649,3.456857022854365e-11
188,201,0.4077237261418114,0.40772372614509633,3.284927885260913e-12
188,209,0.4240412401321563,0.4240412401454709,1.3314571667422115e-11
188,222,0.4164994691017239,0.4164994691063412,4.6173065371135635e-12
189,155,0.4118167848798763,0.41181678488806917,8.192890810221343e-12
189,168,0.40550906040737067,0.4055090604340688,2.6698143695824683e-11
189,176,0.42842247722255905,0.428422477224775,2.215949646000581e-12
189,181,0.4149161996174802,0.41491619968063126,6.315103995291338e-11
189,197,0.40713943504428873,0.40713943504549,1.2012613126444194e-12
189,202,0.4332591830447688,0.43325918306562755,2.085875916435498e-11
189,210,0.42745897577134706,0.42745897577339026,2.043198943368907e-12
189,223,0.44722795028591167,0.44722795028853973,2.6280644327414393e-12
190,156,0.4397976369230909,0.4398019851281976,4.3482051067522676e-06
190,169,0.42233152055892553,0.42233711737685586,5.596817930331177e-06
190,177,0.4284935788195101,0.4284948604382363,1.2816187262010281e-06
190,182,0.3915723639691137,0.3915767477019791,4.383732865376189e-06
190,198,0.4154382194757132,0.41543842069449843,2.012187852451497e-07
190,203,0.41639875675217763,0.416399898981081,1.1422289033502508e-06
190,211,0.4357495360768544,0.43574971416389285,1.7808703844934826e-07
190,216,0.42384716505025083,0.42384781053786746,6.454876166350765e-07
191,157,0.439120033638445,0.4391284926256754,8.458987230397508e-06
191,170,0.4170532114574678,0.41705666286019893,3.451402731113884e-06
191,178,0.4062317462298529,0.4062362172601909,4.471030337960258e-06
191,183,0.39954821041506927,0.3995486472818947,4.368668254373098e-07
191,199,0.4280306859854242,0.4280320133957627,1.3274103384808278e-06
191,204,0.40541169982477854,0.40541199398707894,2.941623004071303e-07
191,212,0.4106776630146768,0.410678291491326,6.28476649222609e-07
191,217,0.4168790917296647,0.4168791991951693,1.0746550460627446e-07
192,158,0.40663763807470044,0.4066376380838204,9.11998254693458e-12
192,171,0.42129244573684566,0.42129244573722846,3.82804898890754e-13
192,179,0.41371705883735993,0.41371705884840937,1.104943914143064e-11
192,184,0.41235172114955676,0.4123517211495835,2.6756374893466273e-14
192,200,0.41828680901926757,0.41828680904138704,2.2119472919968075e-11
192,205,0.42262543428227556,0.4226254342829249,6.493694471032541e-13
192,213,0.4146327465108395,0.41463274651370513,2.865652160011223e-12
192,218,0.40333341080928403,0.40333341080935237,6.833422716567839e-14
193,159,0.39563314086118506,0.395633140862976,1.7909562721740713e-12
193,172,0.42433991880907534,0.42433991882008454,1.1009193556787977e-11
193,180,0.437249554335583,0.43724955433609336,5.103695244201845e-13
193,185,0.43230583069618733,0.4323058307261183,2.9930946610079445e-11
193,201,0.41804551561907627,0.4180455156196021,5.258571356137054e-13
193,206,0.41484567788225674,0.41484567788766225,5.4055093734461934e-12
193,214,0.42659133686827894,0.42659133686861256,3.3362201889985954e-13
193,219,0.41863862423862125,0.4186386242444566,5.835332217429823e-12
194,160,0.43176660039095227,0.4317666194844773,1.9093525038815784e-08
194,173,0.43110583602497937,0.4311058707464914,3.4721512054414205e-08
194,181,0.42652429132579156,0.42652429661159225,5.2858006860390105e-09
194,186,0.45340985740854506,0.453409901243969,4.3835423957361286e-08
194,202,0.4188918341510964,0.4188918351390894,9.8799302072905e-10
194,207,0.4287945425969047,0.4287945533399416,1.0743036904514724e-08
194,215,0.4238644806430881,0.4238644820178104,1.3747222804560977e-09
194,220,0.4186881988026038,0.41868820719429917,8.391695394127652e-09
195,161,0.42525824295615455,0.42526669288826674,8.449932112186698e-06
195,174,0.40616563419772145,0.40616900307864895,3.3688809275012055e-06
195,182,0.4429554129876804,0.4429599175028242,4.504515143832766e-06
195,187,0.4194795974042703,0.41948001573241045,4.183281401282102e-07
195,200,0.4217165192042725,0.42171660987144033,9.06671678291282e-08
195,203,0.4440049270831403,0.4440061047671531,1.1776840127541988e-06
195,208,0.4041906861182809,0.4041909664549537,2.8033667281990304e-07
195,216,0.4092608682863449,0.4092615340573062,6.657709613056007e-07
196,162,0.4228557889721038,0.4228557921997456,3.227641820480187e-09
196,175,0.42030671790257973,0.42030671861480573,7.122260003988856e-10
196,183,0.40510285646953437,0.4051028592980714,2.828537015719945e-09
196,188,0.4276936510652033,0.4276936511520293,8.682599084153253e-11
196,201,0.4232348720317092,0.4232348720664792,3.4770020196361884e-11
196,204,0.4167322787904063,0.41673228076413543,1.9737291245824906e-09
196,209,0.4364469202575073,0.4364469204847787,2.2727136839151285e-10
196,217,0.43751905071030495,0.4375190516618297,9.515247478830702e-10
197,163,0.4221209797116927,0.4221209797117483,5.5566662382489085e-14
197,176,0.41390571479692956,0.4139057147971399,2.103317520152359e-13
197,184,0.4258914882170822,0.4258914882171023,2.0095036745715333e-14
197,189,0.4226041945400886,0.4226041945406768,5.882516695976392e-13
197,202,0.400280698023904,0.4002806980254536,1.5495937866205622e-12
197,205,0.40713289605607367,0.4071328960564117,3.380073998471289e-13
197,210,0.42084121030087535,0.42084121030111876,2.4341639814906557e-13
197,218,0.40122386842273283,0.4012238684227741,4.1244785364824565e-14
198,164,0.4323972842680392,0.4323973092380852,2.497004603085884e-08
198,177,0.4431828673238269,0.44318291417009764,4.684627075146608e-08
198,185,0.4456573756589962,0.44565738117292897,5.513932754830364e-09
198,190,0.4293400829216905,0.4293401429579589,6.00362684011202e-08
198,203,0.40862400834460466,0.40862405054880285,4.2204198191786446e-08
198,206,0.4157797495837095,0.4157797503739204,7.902108967172694e-10
198,211,0.4175894317543527,0.4175894430517858,1.1297433100132537e-08
198,219,0.40616839287146883,0.4061683937228742,8.514053906338859e-10
199,165,0.4189289606189591,0.41893273728802594,3.7766690668128433e-06
199,178,0.4424589642198211,0.44246190967461596,2.9454547948448706e-06
199,186,0.41976202704868715,0.41976320379988846,1.1767512013149961e-06
199,191,0.4273068367298384,0.4273080883485616,1.2516187232192166e-06
199,204,0.40875645454811055,0.40875665781557985,2.032674693008829e-07
199,207,0.40800044379311734,0.4080005772159821,1.334228647564828e-07
199,212,0.41505967006561334,0.41506009342093814,4.233553247967592e-07
199,220,0.4191754494193755,0.41917555186674404,1.024473685329319e-07
200,166,0.3979159131097059,0.39791592483799393,1.1728288007439858e-08
200,179,0.428518754299503,0.42851875534796247,1.0484594858972685e-09
200,187,0.41470931321837956,0.41470932320766885,9.989289284639824e-09
200,192,0.4035377963616076,0.4035377964448831,8.327549760878128e-11
200,195,0.42006119722051527,0.4200612212030249,2.3982509644859817e-08
200,205,0.4294533152408257,0.42945331529971204,5.888634024842077e-11
200,208,0.42613149017891183,0.42613149693756947,6.758657633554321e-09
200,213,0.4331668087198269,0.4331668089847332,2.6490631910291995e-10
200,221,0.40204227378297575,0.4020422750391176,1.2561418571976901e-09
201,167,0.4324159306679047,0.43241593067022605,2.32136532218874e-12
201,180,0.41164946375553246,0.41164946375618966,6.571965194268614e-13
201,188,0.4272705903564498,0.4272705903593507,2.9009017410430715e-12
201,193,0.41324748138241496,0.41324748138393586,1.520894521434002e-12
201,196,0.41260615409743995,0.4126061541101418,1.2701839580131491e-11
201,206,0.4052606728827866,0.40526067288820894,5.4223292522692645e-12
201,209,0.42162474020183077,0.4216247402067674,4.9366066789957586e-12
201,214,0.41398234751234236,0.4139823475128723,5.299094496535872e-13
201,222,0.40851660621012575,0.40851660621185215,1.7263968032921184e-12
202,168,0.43535211287955644,0.4353521129738465,9.429007574723869e-11
202,181,0.42316847237872335,0.4231684726040912,2.253678355046418e-10
202,189,0.4233308394445752,0.42333083946834094,2.3765711620882257e-11
202,194,0.4354769066700137,0.4354769070446962,3.7468250724259633e-10
202,197,0.4242237698402095,0.4242237698440234,3.813893645343569e-12
202,207,0.4077556303242397,0.40775563074169324,4.174535161993731e-10
202,210,0.4145205117910132,0.4145205117975211,6.507905325747743e-12
202,215,0.411793743529518,0.4117937436274289,9.791090160859994e-11
202,223,0.4189329028745488,0.41893290288293605,8.387235350681976e-12
203,169,0.4098966045398961,0.4098999065890019,3.3020491057578205e-06
203,182,0.41492809462298846,0.41493067466723715,2.580044248690072e-06
203,190,0.45178549317577055,0.45178655456884637,1.0613930758185397e-06
203,195,0.4229874198409532,0.42298852274541227,1.1029044590382675e-06
203,198,0.42492919923009564,0.4249293238438729,1.2461377724148903e-07
203,208,0.4314072517093593,0.4314074194691407,1.6775978139982328e-07
203,211,0.4220693939237871,0.4220695042360525,1.1031226537783212e-07
203,216,0.4167764887941134,0.4167768799002309,3.9110611749215707e-07
203,224,0.44385227154260803,0.44385231780512724,4.6262519204365304e-08
204,170,0.4341609889282681,0.43416113782584786,1.4889757976588314e-07
204,183,0.41586900021400863,0.4158690423866799,4.217267124406732e-08
204,191,0.42844335191434885,0.42844343905427257,8.713992372122448e-08
204,196,0.4089662567246259,0.40896626217531096,5.450685069963157e-09
204,199,0.39913097541569054,0.3991310415827986,6.616710807039183e-08
204,209,0.415185673368868,0.4151856749963918,1.6275237824103783e-09
204,212,0.41526444519128236,0.4152644781423654,3.2951083028809336e-08
204,217,0.44558261537471433,0.4455826272053133,1.1830598944939652e-08
204,225,0.41149130317005667,0.41149130806451395,4.8944572839104694e-09
205,171,0.41807666753775924,0.4180766675381245,3.652633751016765e-13
205,184,0.4106778648319953,0.41067786483202096,2.5646151868841116e-14
205,192,0.4197462304944181,0.41974623049535353,9.354184093979256e-13
205,197,0.3992185639364697,0.3992185639365713,1.0158540675320182e-13
205,200,0.42601510003020493,0.42601510005181964,2.1614710021822248e-11
205,210,0.41384845354164085,0.41384845354180677,1.6592283103022964e-13
205,213,0.42815019052935166,0.4281501905321109,2.7592372831009015e-12
205,218,0.40904412838810456,0.4090441283881697,6.517009154549669e-14
205,226,0.416181183318627,0.4161811833191333,5.062616992290714e-13
206,172,0.3921376246167703,0.39213762465963103,4.286071497716648e-11
206,185,0.4186849908712101,0.4186849909875371,1.1632700358532588e-10
206,193,0.41796314890172215,0.4179631489078719,6.149747378003667e-12
206,198,0.42156953318866935,0.421569533448168,2.5949864479457574e-10
206,201,0.41458930477406025,0.41458930477611444,2.054190151312696e-12
206,211,0.4249168688662013,0.42491686909736753,2.3116625280650283e-10
206,214,0.4200956581710051,0.42009565817231753,1.3124501485606288e-12
206,219,0.43605370732813653,0.4360537073511557,2.301914214797307e-11
206,227,0.4070600335604253,0.407060033564601,4.1757153290689075e-12
207,173,0.42347842326813945,0.42347846436728803,4.109914858441144e-08
207,186,0.41642821646603845,0.41642826837861485,5.191257640424496e-08
207,194,0.41897776402414905,0.4189777750152225,1.0991073440269616e-08
207,199,0.4164994158874916,0.41649945845061237,4.256312075012758e-08
207,202,0.40609642063014484,0.4060964217775144,1.147369588228031e-09
207,212,0.4040399123702454,0.4040399336006278,2.123038239654207e-08
207,215,0.4119486522867975,0.41194865388374124,1.5969437439089518e-09
207,220,0.41618549390403403,0.41618550375722446,9.853190430231251e-09
207,228,0.41235419738362633,0.4123541983515067,9.678803869483943e-10
208,174,0.40849354910832425,0.4084936915279403,1.424196160448865e-07
208,187,0.4315232141067033,0.431523248146182,3.40394786801923e-08
208,195,0.415980504641967,0.41598059015114697,8.550917995897578e-08
208,200,0.417425242808856,0.41742525117972595,8.370869941654036e-09
208,203,0.41431596724862774,0.4143160247375001,5.748887238476996e-08
208,213,0.410379522165836,0.41037952303029784,8.644618354480826e-10
208,216,0.4144889271598161,0.41448896236388044,3.520406433032974e-08
208,221,0.43454677099549255,0.43454677518637025,4.1908777004273645e-09
208,229,0.40397989013186913,0.4039798932141444,3.0822752683512533e-09
209,175,0.41428286437394574,0.4142828645769327,2.0298696057352572e-10
209,188,0.42353447383405307,0.4235344738608321,2.6779023443168626e-11
209,196,0.409949080769668,0.40994908096434596,1.9467794043492859e-10
209,201,0.39993384721103453,0.3999338472218927,1.0858147714287725e-11
209,204,0.43878976959848565,0.43878977012804776,5.295621163803332e-10
209,214,0.4321388915477418,0.4321388915517697,4.027889133340068e-12
209,217,0.4220133452037702,0.4220133454635912,2.5982099804977565e-10
209,222,0.3991066959986107,0.3991066960196181,2.1007418027352287e-11
209,230,0.41226222308722954,0.4122622231179663,3.0736746481352384e-11
210,176,0.4140984267155994,0.4140984267159641,3.647082635893639e-13
210,189,0.430040025561723,0.43004002556274934,1.026345675114726e-12
210,197,0.4153385579060948,0.4153385579063482,2.53408405370692e-13
210,202,0.4081478332363831,0.4081478332390939,2.7108315592272447e-12
210,205,0.4406599011800733,0.4406599011806443,5.70987701564718e-13
210,215,0.42493700117553357,0.4249370011792018,3.6682323845127485e-12
210,218,0.41526911200636735,0.41526911200643835,7.099876242477876e-14
210,223,0.42707756749374803,0.42707756749428466,5.366262989525694e-13
210,231,0.41561040409324845,0.4156104040934502,2.0172752357439094e-13
211,177,0.4068671491758877,0.4068671904801113,4.130422359693853e-08
211,190,0.43194716410049,0.4319472170243166,5.292382659893846e-08
211,198,0.4243970403875013,0.4243970516138084,1.1226307106149136e-08
211,203,0.42384057308722867,0.42384061029978254,3.721255387167943e-08
211,206,0.3995804806821815,0.39958048138047114,6.982896483265222e-10
211,216,0.4086384190164034,0.40863844182243436,2.2806030952615686e-08
211,219,0.4026322477330582,0.40263224848543033,7.523721090585411e-10
211,224,0.41638582313759265,0.4163858274559733,4.318380653067777e-09
211,232,0.42823626989709623,0.4282362703548639,4.5776765711380563e-10
212,178,0.42690703517246475,0.42690841662450507,1.3814520403165886e-06
212,191,0.44465324536483664,0.4446538314770239,5.861121872841046e-07
212,199,0.41491734473299663,0.41491776284039783,4.1810740120107326e-07
212,204,0.4242061623259003,0.4242062578804742,9.555457392007582e-08
212,207,0.4192372043349632,0.41923726708280884,6.274784564164193e-08
212,217,0.4018700118797706,0.40187004707926205,3.5199491432713614e-08
212,220,0.42014273269768676,0.4201427808971474,4.819946064493763e-08
212,225,0.4292129274641576,0.4292129398773996,1.241324198986149e-08
212,233,0.4200721349153882,0.42007214356977696,8.654388761186738e-09
213,179,0.42491465614999485,0.42491465620124175,5.1246895615975063e-11
213,192,0.4007743376782495,0.40077433768277076,4.5212722454834875e-12
213,200,0.4249510419109936,0.42495104201351225,1.0251866022770173e-10
213,205,0.41684583597049824,0.41684583597351105,3.0128122219252873e-12
213,208,0.41345313650222776,0.41345313675950496,2.5727719954460326e-10
213,218,0.41239641511090047,0.41239641511121716,3.166911177743259e-13
213,221,0.4052898043217317,0.40528980437689865,5.516698209362403e-11
213,226,0.41117908103328543,0.4111790810357303,2.4448776336782885e-12
213,234,0.42254538021379345,0.42254538021647964,2.6861846080805662e-12
214,180,0.3989633420948372,0.39896334209505163,2.1443957720634899e-13
214,193,0.4268656290308901,0.42686562903139186,5.017652959793395e-13
214,201,0.4142236192610413,0.41422361926142764,3.863576125695545e-13
214,206,0.4077037324019352,0.40770373240372465,1.7894574710908273e-12
214,209,0.42780960415636343,0.4278096041578145,1.4510614931850796e-12
214,219,0.4038198131237066,0.4038198131256281,1.9215184998699897e-12
214,222,0.41963067698837214,0.41963067698888484,5.127009927718973e-13
214,227,0.4302743828264032,0.4302743828267734,3.7020386756125845e-13
215,181,0.41429148248579883,0.4142914828022455,3.1644664666430344e-10
215,194,0.4353760172849081,0.43537601781130864,5.264005342731082e-10
215,202,0.41791956317100826,0.41791956327043983,9.943157408542902e-11
215,207,0.4206335983995771,0.4206335989862539,5.866768182372084e-10
215,210,0.41211541705595256,0.4121154170649757,9.023115588036035e-12
215,220,0.4043689456781649,0.4043689461499791,4.718141988213631e-10
215,223,0.4194765393827121,0.41947653939434404,1.1631917651300228e-11
215,228,0.4324385185022264,0.4324385185872741,8.504769111183919e-11
216,182,0.43724381109179566,0.4372451263017586,1.315209962937658e-06
216,190,0.4260544862620277,0.4260550412287113,5.549666836079936e-07
216,195,0.41650190284314625,0.41650247963343834,5.767902920839063e-07
216,203,0.4131652884752943,0.41316565035284764,3.618775533120733e-07
216,208,0.41389074896015754,0.4138908392227628,9.026260527900121e-08
216,211,0.3901461211012476,0.3901461805088181,5.9407570529579345e-08
216,221,0.4354646740164031,0.4354646874815022,1.3465099091281019e-08
216,224,0.4094203718269793,0.40942039679456765,2.4967588330149226e-08
216,229,0.42391122337769277,0.4239112339261452,1.054845244485847e-08
217,183,0.4273262528557627,0.4273262677404859,1.4884723176233905e-08
217,191,0.40233100683873735,0.4023310359619219,2.9123184530632784e-08
217,196,0.4365830254470815,0.43658302752076167,2.0736801720211417e-09
217,204,0.395222144352327,0.3952221545411054,1.0188778376551966e-08
217,209,0.4050075476325727,0.4050075482627754,6.302027233395791e-10
217,212,0.41444735741210637,0.41444736854494835,1.1132841981620345e-08
217,222,0.4145149178525286,0.4145149180415478,1.890191891895654e-10
217,225,0.427278302624873,0.4272783044204047,1.7955317233031565e-09
217,230,0.4050289399245374,0.40502894020518776,2.8065033630397807e-10
218,184,0.43113322121524555,0.4311332212152461,5.551115123125783e-16
218,192,0.4133126960019054,0.41331269600197224,6.683542608243442e-14
218,197,0.40949385773890806,0.40949385773892094,1.2878587085651816e-14
218,205,0.4158507556710803,0.4158507556711284,4.807265696626928e-14
218,210,0.44046222453441536,0.4404622245344344,1.9040324872321435e-14
218,213,0.41466735521944625,0.4146673552196636,2.173261570703744e-13
218,223,0.41858024356003154,0.4185802435600562,2.4646951146678475e-14
218,226,0.4213611454859349,0.4213611454859732,3.83026943495679e-14
218,231,0.42658731399525807,0.4265873139952685,1.0436096431476471e-14
219,185,0.39563748803669785,0.3956374881607199,1.240220703913053e-10
219,193,0.3974906588064535,0.3974906588130302,6.576683642123271e-12
219,198,0.4161736599377375,0.41617366021427743,2.7653995759990835e-10
219,206,0.4248831294942189,0.4248831295170165,2.279759714340912e-11
219,211,0.4277170948456225,0.4277170950919795,2.463570458743902e-10
219,214,0.41544632837092094,0.41544632837232104,1.400102256354785e-12
219,224,0.4264145310059988,0.4264145311157053,1.0970652164488115e-10
219,227,0.41803821572176486,0.41803821572622885,4.4639847374128294e-12
219,232,0.43692925961273243,0.436929259627789,1.5056567104210217e-11
220,186,0.4380297437577859,0.4380297831558142,3.939802828423211e-08
220,194,0.4202036170242387,0.42020362542802925,8.403790552335977e-09
220,199,0.4148542607621416,0.41485429307799027,3.231584866369985e-08
220,207,0.4211406358037728,0.4211406454487811,9.645008292036295e-09
220,212,0.4225112709908708,0.4225112871242703,1.6133399449724806e-08
220,215,0.4130723604976681,0.4130723617307991,1.2331309862112505e-09
220,225,0.4369796480149753,0.43697965048020226,2.465226967007794e-09
220,228,0.40936111221590066,0.4093611129637463,7.478456187648419e-10
220,233,0.4065008957074482,0.4065008972100449,1.5025967137205498e-09
221,187,0.41181328721729044,0.4118132912098424,3.992551955711576e-09
221,200,0.41396804546622246,0.4139680464746283,1.0084058588155642e-09
221,208,0.4262508688659435,0.4262508715704306,2.704487134241873e-09
221,213,0.4139581282603644,0.4139581283719447,1.1158030055469226e-10
221,216,0.41776279670797956,0.41776280056256715,3.854587593554726e-09
221,226,0.42127642220344913,0.42127642222324446,1.9795332040217772e-11
221,229,0.4248679982218076,0.42486799859619945,3.7439185085474946e-10
221,234,0.426185632497133,0.42618563251884684,2.1713852937921274e-11
222,188,0.3954248318043788,0.3954248318124648,8.08597633294994e-12
222,201,0.42477088826504394,0.42477088826835,3.3060776338800224e-12
222,209,0.40198096876664086,0.40198096878593426,1.929340021078474e-11
222,214,0.4478465091169241,0.4478465091181707,1.246613923200357e-12
222,217,0.40982836602055406,0.4098283660946701,7.411604663332128e-11
222,227,0.42050472911876685,0.42050472912108505,2.318201186568558e-12
222,230,0.4197275411614595,0.4197275411704951,9.035605597063068e-12
222,235,0.44042736452431847,0.44042736452633485,2.0163870573242093e-12
223,189,0.4110598177750782,0.41105981777641887,1.3406498133861078e-12
223,202,0.4140931053960073,0.41409310539955263,3.5453306956867436e-12
223,210,0.4217203832836532,0.42172038328420164,5.484501741648273e-13
223,215,0.41140562604416553,0.41140562604896463,4.799105557395933e-12
223,218,0.4121538415417694,0.41215384154186246,9.309220061481938e-14
223,226,0.4213818096952477,0.42138180969583244,5.8475446707007e-13
223,228,0.42664535223651473,0.42664535223960565,3.090916411707667e-12
223,231,0.40569966297252164,0.4056996629727837,2.620681449627682e-13
223,236,0.4183152080933995,0.4183152080938713,4.717892743144603e-13
224,203,0.4207997428493125,0.4207997578841741,1.503486163345613e-08
224,211,0.41645882300875553,0.41645882707700077,4.068245240684831e-09
224,216,0.4111569428432492,0.4111569520747758,9.231526598707518e-09
224,219,0.4219938241939171,0.4219938245037498,3.0983265952855277e-10
224,227,0.41218111804002877,0.4121811180948675,5.48387446563936e-11
224,229,0.4201244726975704,0.4201244735187448,8.211744062514015e-10
224,232,0.42949266765901395,0.4294926678475654,1.8855145222929082e-10
224,237,0.41698570052720446,0.4169857005910665,6.386202677788333e-11
225,204,0.42028639222958075,0.42028639557417913,3.3445983760316267e-09
225,212,0.42919770995728274,0.4291977133016263,3.3443435798474752e-09
225,217,0.4310682949460182,0.4310682963815478,1.4355295840928761e-09
225,220,0.43542113206434085,0.43542113384900827,1.784667413851082e-09
225,228,0.4105857718036954,0.4105857720151997,2.1150431406269377e-10
225,230,0.4051046805249212,0.4051046806332759,1.0835471409009756e-10
225,233,0.4256187073341276,0.4256187077042084,3.7008079933897875e-10
225,238,0.41808457819811756,0.4180845782471285,4.901096195553123e-11
226,205,0.4301637579945465,0.4301637579949911,4.446443213623752e-13
226,213,0.4091837489001929,0.4091837489021599,1.967037643879621e-12
226,218,0.4233396847915164,0.4233396847915624,4.601874437071274e-14
226,221,0.4207105251283841,0.4207105251367752,8.391121131268164e-12
226,223,0.42225803880918866,0.42225803880934293,1.542654892716655e-13
226,229,0.41938227683676305,0.41938227684272966,5.9666160900917475e-12
226,231,0.42653660487641915,0.4265366048764845,6.533662499919046e-14
226,234,0.4062542847523924,0.4062542847527875,3.951283744640932e-13
226,236,0.4109258000848847,0.41092580008499474,1.1002310174035301e-13
227,206,0.40360754064532745,0.40360754064935983,4.0323855365898e-12
227,214,0.43406539946306566,0.4340653994633436,2.7794433421490794e-13
227,219,0.42347434086833596,0.4234743408726828,4.346856208314875e-12
227,222,0.42627519164269645,0.4262751916433384,6.419309528382655e-13
227,224,0.435453945522096,0.4354539455444658,2.2369828212021048e-11
227,230,0.4169345660522572,0.4169345660531596,9.023892744153272e-13
227,232,0.4235549145728145,0.42355491457547306,2.6585400547674e-12
227,235,0.4114898712103967,0.4114898712106615,2.6478819137309983e-13
227,237,0.40860250086666977,0.40860250086758376,9.139911050226601e-13
228,207,0.4396242081317382,0.4396242084793052,3.4756703071181505e-10
228,215,0.42600772403828213,0.4260077241204254,8.214329216826854e-11
228,220,0.4248101088529386,0.4248101091326767,2.797381215557948e-10
228,223,0.43441358712512795,0.4344135871322346,7.1066486029280895e-12
228,225,0.4392766842622679,0.43927668438396034,1.216924339075831e-10
228,231,0.42128328810485277,0.4212832881073175,2.4647506258190788e-12
228,233,0.4265370239925797,0.42653702405791133,6.533162899557965e-11
228,236,0.4400568305938673,0.4400568305996977,5.830391724970241e-12
228,238,0.409822996186329,0.40982299619977347,1.3444467761303258e-11
229,208,0.40693886773148663,0.40693887004174517,2.3102585400280873e-09
229,216,0.42850118863183506,0.428501192024468,3.3926329523481513e-09
229,221,0.40995643500628776,0.40995643543852806,4.322402991085994e-10
229,224,0.4076290856700247,0.40762908634110223,6.710775268814473e-10
229,226,0.4311090127686808,0.43110901278485303,1.6172230221656037e-11
229,232,0.4077149967114933,0.4077149967857506,7.425732251320483e-11
229,234,0.3944604060770362,0.39446040609477134,1.77351466845721e-11
229,237,0.42193018016043493,0.4219301801856208,2.5185853402831526e-11
230,209,0.4383308749835152,0.4383308750122428,2.872763138483947e-11
230,217,0.41655873361996465,0.4165587337302541,1.1028944424396059e-10
230,222,0.40044595654840903,0.40044595655762205,9.213019236398168e-12
230,225,0.41161174133248213,0.41161174138864265,5.616052067836108e-11
230,227,0.4232228500306755,0.4232228500340362,3.36070060669158e-12
230,233,0.40763928424019913,0.40763928427005247,2.985334202065815e-11
230,235,0.39030697709779133,0.3903069771007826,2.9912738952475593e-12
230,238,0.40553018010821923,0.40553018011481023,6.5910055191409356e-12
231,210,0.41054061102169176,0.4105406110218722,1.804667526528192e-13
231,218,0.4094628077653781,0.40946280776540894,3.086420008457935e-14
231,223,0.4008904142271859,0.4008904142274149,2.2898349882893854e-13
231,226,0.4221772975042042,0.42217729750441146,2.0727863869751673e-13
231,228,0.3949541596540099,0.39495415965498226,9.723888361179434e-13
231,234,0.4038905444994434,0.4038905444996695,2.2609691896491313e-13
231,236,0.41823847611945386,0.4182384761196069,1.5304424394457783e-13
231,239,0.4138072822426277,0.41380728224275,1.22291066162461e-13
232,211,0.42831165869276927,0.42831165884238076,1.4961148986358808e-10
232,219,0.4298929087574446,0.4298929087722449,1.48002721189755e-11
232,224,0.4427155583123468,0.4427155583788979,6.655109796582792e-11
232,227,0.4006959884292402,0.4006959884319274,2.687183808802729e-12
232,229,0.43622008116504746,0.43622008119837474,3.332728537586149e-11
232,235,0.4144720204699985,0.4144720204707345,7.360223541752475e-13
232,237,0.4021595615356488,0.402159561538744,3.095190770352474e-12
232,239,0.4151947872686219,0.4151947872692082,5.863087793045452e-13
233,212,0.41259609148755744,0.41259609417421234,2.6866548985537975e-09
233,220,0.4170341072980879,0.41703410860829004,1.3102021689803678e-09
233,225,0.4315499171729225,0.4315499176137204,4.407978981824101e-10
233,228,0.42720752866289896,0.42720752880242396,1.3952500266256607e-10
233,230,0.4206756191777166,0.42067561924788366,7.016703884588082e-11
233,235,0.4041405871245503,0.4041405871382099,1.3659573472324382e-11
233,236,0.4222718970203552,0.4222718970334594,1.3104184404255648e-11
233,238,0.41085628416170816,0.41085628419280285,3.1094682384491534e-11
233,239,0.4323431933589364,0.43234319337097554,1.2039147456732735e-11
234,213,0.41644855902585887,0.4164485590279978,2.1389556792428266e-12
234,221,0.40714974619055555,0.40714974619970207,9.146516877223121e-12
234,226,0.3871823028112261,0.3871823028116181,3.919642388439115e-13
234,229,0.40830966123521323,0.4083096612417223,6.509071059923599e-12
234,231,0.4089246465349335,0.40892464653500527,7.177591854201637e-14
234,236,0.4133970118652947,0.4133970118654217,1.270095140171179e-13
234,237,0.43028137706464775,0.4302813770652342,5.864753127582389e-13
234,239,0.4153419159882181,0.4153419159883351,1.1696199564426024e-13
235,222,0.4180349453897675,0.41803494539145214,1.6846524175662125e-12
235,227,0.4228168204960295,0.42281682049674457,7.150946501610633e-13
235,230,0.4260322316215311,0.4260322316239749,2.4438229218048946e-12
235,232,0.41623257263302904,0.4162325726352112,2.182143354900745e-12
235,233,0.4326822576184492,0.4326822576235462,5.0969783949028624e-12
235,237,0.42222794530035035,0.4222279453011281,7.777667399011534e-13
235,238,0.40480454243341885,0.40480454243463865,1.2198020371556595e-12
235,239,0.40297032558280665,0.40297032558325796,4.5130565951012613e-13
236,223,0.4376675286021581,0.4376675286028411,6.830092047493963e-13
236,226,0.4012105723122053,0.40121057231266793,4.626299343613027e-13
236,228,0.43113781353617725,0.4311378135403495,4.1722736376925695e-12
236,231,0.43276748249190916,0.4327674824921551,2.4591439995447217e-13
236,233,0.4018663970096681,0.40186639701448085,4.812761300598822e-12
236,234,0.43074930833761255,0.4307493083381207,5.081490783709341e-13
236,237,0.4182125397815274,0.4182125397822932,7.65831842386433e-13
236,238,0.3992410604398854,0.39924106044106483,1.179445430210535e-12
236,239,0.4274040494387001,0.4274040494391373,4.3720582709738665e-13
237,224,0.39998047438142476,0.3999804744053109,2.3886170819054087e-11
237,227,0.4213680119598487,0.42136801196076246,9.13769060417735e-13
237,229,0.38875422840735907,0.38875422841909746,1.173838803936178e-11
237,232,0.4459624914873795,0.44596249149044587,3.066380482863451e-12
237,234,0.4080680559079265,0.4080680559086959,7.693845560652335e-13
237,235,0.4313519398375241,0.4313519398377936,2.694511280765255e-13
237,236,0.434389653076942,0.43438965307717325,2.312594560294201e-13
237,238,0.3967734786116452,0.3967734786121254,4.802269693016115e-13
237,239,0.4068681980935256,0.4068681980937387,2.131073095767988e-13
238,225,0.4317523656928539,0.43175236571522974,2.2375823416354024e-11
238,228,0.41549915863193315,0.4154991586420377,1.0104528325172168e-11
238,230,0.42083811272303095,0.42083811272871136,5.680400594343382e-12
238,233,0.4223834576781326,0.42238345768986874,1.1736112082161299e-11
238,235,0.42612881238876565,0.42612881239006856,1.3029022305488525e-12
238,236,0.426231685167225,0.42623168516847637,1.2513878822062452e-12
238,237,0.4292125930847803,0.4292125930865292,1.7488788195407778e-12
238,239,0.42243242261312247,0.42243242261416986,1.0473844014313727e-12
239,231,0.4304113318818004,0.4304113318820149,2.1449508835758024e-13
239,232,0.4122497686523756,0.4122497686541446,1.7689738562864932e-12
239,233,0.4212089641126175,0.42120896411756853,4.9510395783158856e-12
239,234,0.4084073501478521,0.40840735014826973,4.1761039071275263e-13
239,235,0.4004600453464657,0.40046004534696583,5.00155472593633e-13
239,236,0.430752830804495,0.43075283080497717,4.821698595947055e-13
239,237,0.42232312011376205,0.4223231201143953,6.332712132461893e-13
239,238,0.4192455559429145,0.41924555594401397,1.0994538612862925e-12
