source,target,before,after,delta
0,1,0.43684949146707275,0.4368494914670937,2.09277040141842e-14
0,2,0.4091315746027389,0.40913157460279026,5.134781488891349e-14
0,3,0.4156069721589974,0.4156069721591655,1.680877659282487e-13
0,4,0.43570956384154247,0.4357095638418021,2.5962565430859286e-13
0,5,0.42471978216645057,0.4247197821669875,5.36959365859957e-13
0,6,0.4280313921349698,0.42803139213498814,1.8318679906315083e-14
0,7,0.41182500763109225,0.4118250076311248,3.2529534621517087e-14
0,8,0.4017119997839588,0.4017119997846038,6.45039577307216e-13
1,0,0.43258667589537814,0.43258667589538763,9.492406860545088e-15
1,2,0.4278049076917619,0.427804907691767,5.10702591327572e-15
1,3,0.4067214131119903,0.4067214131120054,1.509903313490213e-14
1,4,0.4229177670802377,0.4229177670802786,4.091171845743702e-14
1,6,0.4272682120109935,0.42726821201099474,1.2212453270876722e-15
1,9,0.4175546971729318,0.4175546971730444,1.1257661469699087e-13
1,11,0.4192897470537523,0.41928974705376215,9.825473767932635e-15
1,14,0.42399906508461443,0.4239990650846208,6.38378239159465e-15
2,0,0.4093998629396961,0.40939986293973735,4.1244785364824565e-14
2,1,0.41673981467914556,0.4167398146791581,1.2545520178264269e-14
2,3,0.4095318487380551,0.40953184873814574,9.064970996064403e-14
2,4,0.42495193797772385,0.4249519379778772,1.5337731085196538e-13
2,5,0.418629803877591,0.4186298038778711,2.8005375796169574e-13
2,7,0.4371236699125142,0.437123669912535,2.0761170560490427e-14
2,10,0.4220374051956176,0.4220374051957724,1.5476508963274682e-13
2,12,0.4430804790298691,0.4430804790302124,3.4333647036532966e-13
2,15,0.4252241941415694,0.42522419414159374,2.4313884239290928e-14
3,0,0.4068338379113945,0.40683383791164124,2.4674706722294104e-13
3,1,0.41457288380448926,0.4145728838045485,5.92303983637521e-14
3,2,0.40583347593647495,0.4058334759366348,1.5987211554602254e-13
3,5,0.4173937768368454,0.41739377683919426,2.3488433420482124e-12
3,6,0.4128695567035987,0.41286955670364933,5.062616992290714e-14
3,8,0.4170184342407924,0.4170184342435715,2.779110275241692e-12
3,11,0.41448728856657896,0.4144872885668371,2.581268532253489e-13
3,13,0.4247991288618451,0.42479912886739385,5.548728143622839e-12
3,16,0.4449889420970188,0.4449889421000727,3.0539459849876494e-12
4,0,0.42782738995768105,0.427827389957771,8.992806499463768e-14
4,1,0.4173203386368511,0.41732033863690304,5.1958437552457326e-14
4,2,0.420781637394488,0.4207816373945659,7.793765632868599e-14
4,6,0.4136951035508973,0.4136951035509422,4.490852134608758e-14
4,7,0.42301209945155066,0.4230120994516451,9.442446824436956e-14
4,9,0.4210372843523633,0.42103728435441756,2.054245662463927e-12
4,12,0.4386479876044317,0.43864798760612117,1.689481887723332e-12
4,17,0.4170525009332907,0.4170525009537939,2.0503210240718772e-11
5,0,0.42285355322185864,0.4228535532230961,1.2374545832471995e-12
5,2,0.40723679945853436,0.40723679945929264,7.582823258189819e-13
5,3,0.4289577732782269,0.4289577732816193,3.3924529851958596e-12
5,8,0.4214889706163482,0.42148897063340335,1.7055135081989192e-11
5,10,0.43494388035312564,0.43494388035884196,5.716316309190006e-12
5,13,0.4180376328900405,0.4180376329290937,3.9053205114214506e-11
5,18,0.4001448120401941,0.4001448120795173,3.9323211353803345e-11
5,26,0.42405006679982254,0.42405006693918035,1.3935780307505752e-10
6,0,0.41699333499476904,0.41699333499477653,7.494005416219807e-15
6,1,0.4173999506213605,0.4173999506213613,8.326672684688674e-16
6,3,0.4235210128086335,0.42352101280864574,1.2212453270876722e-14
6,4,0.43945525875838104,0.4394552587584141,3.3084646133829665e-14
6,9,0.4102794870695681,0.41027948706966094,9.281464485866309e-14
6,11,0.4188140239073978,0.4188140239074059,8.104628079763643e-15
6,14,0.4069254604039269,0.40692546040393157,4.6629367034256575e-15
6,19,0.4195460463545743,0.4195460463545743,0.0
6,27,0.4241308168054655,0.4241308168054701,4.6074255521944e-15
7,0,0.40211437090861585,0.4021143709086264,1.0547118733938987e-14
7,2,0.40375748841349435,0.4037574884135015,7.16093850883226e-15
7,4,0.3991655717545962,0.39916557175464545,4.923839114212569e-14
7,10,0.42402429283242377,0.4240242928324607,3.6914915568786455e-14
7,12,0.45330222242419993,0.4533022224243106,1.1068923555512811e-13
7,15,0.42674450164107913,0.4267445016410865,7.382983113757291e-15
7,20,0.4116756734904674,0.41167567349068085,2.1344037648418634e-13
7,28,0.41492813344310064,0.4149281334431177,1.7041923427996153e-14
8,0,0.4158888249617888,0.41588882496322027,1.4314660568004456e-12
8,3,0.41901824956177763,0.41901824956566736,3.889721877925467e-12
8,5,0.3936781257270396,0.39367812574354877,1.650918290962977e-11
8,11,0.4185482507299725,0.41854825073144225,1.4697687511500135e-12
8,13,0.43320592382633716,0.43320592387020146,4.386430108027639e-11
8,16,0.4310164481923792,0.431016448213129,2.074979077448802e-11
8,21,0.4026119966718417,0.40261199683017906,1.5833734323678073e-10
8,29,0.41443892640060426,0.4144389264824687,8.186445965563394e-11
9,1,0.40255895783123125,0.4025589578313781,1.4682699500667695e-13
9,4,0.4231533338711315,0.42315333387324267,2.1111445924759664e-12
9,6,0.405674628005309,0.4056746280054368,1.2778667013435552e-13
9,12,0.3951939355406311,0.3951939355454109,4.779787676767455e-12
9,14,0.42071176609253874,0.42071176609298006,4.413136522884997e-13
9,17,0.410587238166876,0.41058723822442583,5.7549853771377e-11
9,22,0.39994411582560985,0.39994411583868356,1.3073708782229687e-11
9,30,0.4224846542800392,0.4224846543730478,9.30086008210651e-11
10,2,0.4173973869463311,0.41739738694659356,2.62456723021387e-13
10,5,0.40540710312543504,0.40540710312910166,3.666622561127042e-12
10,7,0.4237170206662051,0.42371702066635897,1.538769112130467e-13
10,13,0.42419416045142744,0.4241941604596587,8.231249015722142e-12
10,15,0.41144614376523336,0.41144614376542826,1.9489965197294623e-13
10,18,0.41145974168444766,0.4114597416939782,9.530543021440963e-12
10,23,0.42826701840128306,0.42826701840263676,1.3536949339254534e-12
10,31,0.40727393369656073,0.40727393370594034,9.379608201243173e-12
11,1,0.4220464104945259,0.42204641049454883,2.2926105458509483e-14
11,3,0.4280260731678771,0.42802607316804536,1.6825429938194247e-13
11,6,0.40195589626288747,0.401955896262907,1.9539925233402755e-14
11,8,0.40318741247728807,0.40318741247791834,6.302736110797014e-13
11,14,0.4221476615189393,0.4221476615189811,4.1799896877137144e-14
11,16,0.424923676612644,0.42492367661337666,7.326361739501408e-13
11,19,0.3998413663613165,0.3998413663613321,1.559863349598345e-14
11,24,0.42139574050016876,0.4213957405004444,2.7566837701442637e-13
11,32,0.42042219761016597,0.42042219761022975,6.378231276471524e-14
12,2,0.4112486854816254,0.4112486854817965,1.7108536809473662e-13
12,4,0.434975119967192,0.4349751199688284,1.6364132271462495e-12
12,7,0.4235824618401398,0.4235824618403474,2.0761170560490427e-13
12,9,0.4262488982140479,0.4262488982185512,4.503342143635791e-12
12,15,0.4324078149987445,0.4324078149989597,2.152167333235866e-13
12,17,0.4090103799435571,0.40901037998821954,4.4662440412679416e-11
12,20,0.3992808751219258,0.39928087512898436,7.05857594596182e-12
12,25,0.4452902522086281,0.44529025226468805,5.605993447233004e-11
12,33,0.3999122827414646,0.39991228276522345,2.375882823812958e-11
13,3,0.4008218437948848,0.400821843809521,1.4636236667087132e-11
13,5,0.41970375742008026,0.4197037574964044,7.632411369584702e-11
13,8,0.4195171493824455,0.4195171494704218,8.797629291734665e-11
13,10,0.4326071299624494,0.43260712998635087,2.3901491896793914e-11
13,16,0.42569726266277147,0.42569726275195424,8.918277227820681e-11
13,18,0.42478267156687505,0.42478267178399065,2.1711560327375423e-10
13,21,0.4248003823120679,0.4248003835679375,1.2558695750009008e-09
13,26,0.4162696828432299,0.41626968410241844,1.2591885312218665e-09
13,34,0.41265188541987935,0.41265188777885325,2.358973905103312e-09
14,1,0.4155017872624873,0.4155017872624873,0.0
14,6,0.43534407740344516,0.43534407740344516,0.0
14,9,0.41963434478254275,0.41963434478257,2.7255975254547593e-14
14,11,0.4232679437273133,0.4232679437273133,0.0
14,19,0.4129148973471309,0.4129148973471309,0.0
14,22,0.4295347727534483,0.4295347727535094,6.106226635438361e-14
14,27,0.4366641705323421,0.4366641705323432,1.1102230246251565e-15
14,35,0.4127122723225941,0.4127122723226557,6.161737786669619e-14
15,2,0.42919647259511395,0.4291964725951274,1.3433698597964394e-14
15,7,0.40282788695417765,0.40282788695418775,1.0103029524088925e-14
15,10,0.41981706023615717,0.419817060236213,5.5844218138645374e-14
15,12,0.42252820864527685,0.4225282086454606,1.837419105754634e-13
15,20,0.4243609129121411,0.4243609129124956,3.544942117628125e-13
15,23,0.39761109176191256,0.3976110917619615,4.8960835385969403e-14
15,28,0.42401059147770875,0.424010591477738,2.9254376698872875e-14
15,36,0.43618672932757235,0.4361867293276054,3.302913498259841e-14
16,3,0.41235281719709255,0.412352817200975,3.8824499171141724e-12
16,8,0.4221161847931106,0.4221161848119473,1.883670996960518e-11
16,11,0.4185646616212049,0.4185646616227176,1.5126788710517758e-12
16,13,0.3991389626797288,0.3991389627208747,4.1145864493330464e-11
16,21,0.455233046565088,0.4552330467107375,1.456494924667595e-10
16,24,0.42385665214916945,0.42385665215527496,6.105504990472355e-12
16,29,0.4025515733654714,0.40255157344293185,7.746042696155087e-11
16,37,0.40563773561484523,0.4056377356429375,2.8092250747846492e-11
16,50,0.4116483018618444,0.41164830195587926,9.403483547387737e-11
17,4,0.408713573559593,0.4087135736207126,6.11196093736055e-11
17,9,0.4090081895169511,0.40900818968644875,1.6949763814722019e-10
17,12,0.428561820547821,0.4285618206852727,1.3745171667522982e-10
17,22,0.4115969918114433,0.4115969921959768,3.845334606289441e-10
17,25,0.44411261472551244,0.4441126174476516,2.722139180733052e-09
17,30,0.4262646799602623,0.4262646835372996,3.5770373330024086e-09
17,38,0.4141486100325144,0.4141486189545242,8.922009797629471e-09
17,51,0.4185738623723805,0.41857388182555494,1.945317446017114e-08
18,5,0.3931267575088194,0.3931267575517731,4.295369615547884e-11
18,10,0.41637975684523787,0.41637975686169915,1.6461276786117196e-11
18,13,0.42610813417182347,0.42610813429003863,1.1821515988330589e-10
18,23,0.4312736633973058,0.4312736634095196,1.2213841049657503e-11
18,26,0.41707782762530676,0.4170778280531422,4.2783543374724786e-10
18,31,0.4318554181648281,0.4318554182793404,1.1451228854042483e-10
18,39,0.4405727287429598,0.44057272928570945,5.427496785337382e-10
18,52,0.4032022509529945,0.4032022514359203,4.829258104521728e-10
19,6,0.4229693310702894,0.4229693310702919,2.4980018054066022e-15
19,11,0.4209947112541321,0.4209947112541427,1.0547118733938987e-14
19,14,0.4187168799224933,0.4187168799225012,7.882583474838611e-15
19,24,0.40471736709369904,0.4047173670937309,3.186340080674199e-14
19,27,0.4323297688384884,0.4323297688384961,7.716050021144838e-15
19,32,0.41097003287867556,0.41097003287868383,8.271161533457416e-15
19,40,0.4396113481741782,0.43961134817418346,5.2735593669694936e-15
19,45,0.4358149443496907,0.43581494434970636,1.5654144647214707e-14
19,53,0.4217848464984625,0.42178484649846265,1.6653345369377348e-16
20,7,0.42715629321604065,0.42715629321645754,4.168887457467463e-13
20,12,0.42824374248698244,0.4282437424944132,7.430778214967404e-12
20,15,0.4193476697515956,0.41934766975202775,4.321543123353422e-13
20,25,0.4384071268835975,0.4384071269959053,1.1230777419157789e-10
20,28,0.42245952902835193,0.422459529029592,1.2400636073550686e-12
20,33,0.41337277100743314,0.4133727710550607,4.762756855569705e-11
20,41,0.41243025918721926,0.4124302591899084,2.689126699095823e-12
20,46,0.4085726027369908,0.40857260299065995,2.536691412480252e-10
20,54,0.4234125136305876,0.4234125136764252,4.5837611484245144e-11
21,8,0.42778842469756895,0.4277884251392055,4.4163656065521195e-10
21,13,0.4245209412583122,0.4245209428298213,1.5715090895263018e-09
21,16,0.4223537113607611,0.4223537118006203,4.3985920461508954e-10
21,26,0.40524034880601306,0.4052403560459985,7.239985444496e-09
21,29,0.41682981250725853,0.416829815096681,2.589422454235546e-09
21,34,0.41407097789206393,0.4140709925147448,1.462268084395646e-08
21,42,0.4133843525761834,0.41338436515204524,1.2575861851882308e-08
21,47,0.39773793602907803,0.3977379666294063,3.060032827129078e-08
21,55,0.42852789297751576,0.4285279316201122,3.8642596456028855e-08
22,9,0.4189618887399648,0.418961888753489,1.3524181774471344e-11
22,14,0.4149551990397813,0.41495519904080824,1.0269562977782698e-12
22,17,0.42118007774360605,0.42118007787750217,1.338961164165653e-10
22,27,0.42570161564825537,0.4257016156492757,1.0203504707817501e-12
22,30,0.43846398347288823,0.43846398368928,2.1639179337284986e-10
22,35,0.4288655134166073,0.4288655134471901,3.0582814058988106e-11
22,43,0.4092611109471885,0.40926111126568415,3.1849567427855163e-10
22,48,0.41378228570599934,0.41378228572179204,1.5792700480687927e-11
22,56,0.4279958201190805,0.42799582035958417,2.4050367253281024e-10
23,10,0.4119827073990919,0.41198270740015114,1.0592637877948619e-12
23,15,0.44050752111041586,0.44050752111056457,1.4871437414853972e-13
23,18,0.41419703159054805,0.41419703159560634,5.058287122494676e-12
23,28,0.410205426065675,0.41020542606600047,3.2546187966886464e-13
23,31,0.43113562850352843,0.4311356285085264,4.9979465011062985e-12
23,36,0.4236257083504498,0.42362570835106084,6.110112416024549e-13
23,44,0.4192894749574127,0.4192894749619235,4.51078063790078e-12
23,49,0.4183313103940427,0.4183313103942069,1.6420198534206065e-13
23,57,0.4168525227806162,0.4168525227822012,1.5850099011061047e-12
24,11,0.41860948688124106,0.41860948688163474,3.936850845320805e-13
24,16,0.38746872888434813,0.38746872888879236,4.444222767574502e-12
24,19,0.40019157250202486,0.40019157250209253,6.766809335090329e-14
24,29,0.4289307544957126,0.42893075451065843,1.4945822357503857e-11
24,32,0.41950458407317176,0.4195045840734706,2.988165270778609e-13
24,37,0.42513663264978574,0.42513663265583856,6.052824907953891e-12
24,45,0.413378987389521,0.41337898739002027,4.992672941739329e-13
24,58,0.420479843284788,0.4204798432880097,3.2217006840085105e-12
25,12,0.4085146708931145,0.4085146710630708,1.6995632678984407e-10
25,17,0.41297659145912957,0.4129765941479508,2.6888212212305973e-09
25,20,0.42857091123657737,0.4285709115643353,3.2775793190609193e-10
25,30,0.41619088233123974,0.41619088674345506,4.4122153153303145e-09
25,33,0.41051146942606925,0.4105114706855058,1.2594365550455677e-09
25,38,0.42992489179692944,0.42992490277900514,1.0982075693277693e-08
25,46,0.42073699756339433,0.42073700545326315,7.889868813837353e-09
25,59,0.42092692158153494,0.4209269520757534,3.0494218483667623e-08
26,5,0.4170542284930706,0.417054228884959,3.918884106113296e-10
26,13,0.416230692451034,0.4162306940637723,1.6127382762576303e-09
26,18,0.4224915652353575,0.4224915663700166,1.1346590889083075e-09
26,21,0.4318928538580772,0.43189286127145043,7.413373248610355e-09
26,31,0.41335197223022757,0.41335197333495804,1.1047304737665797e-09
26,34,0.412521628270011,0.41252164346661446,1.5196603475597925e-08
26,39,0.412365143803246,0.4123651534366022,9.633356168325946e-09
26,47,0.4248482181273217,0.4248482499842516,3.1856929871842965e-08
26,60,0.4369128731673163,0.43691291279275435,3.9625438041923644e-08
27,6,0.4172568181707135,0.4172568181707135,0.0
27,14,0.411358679292527,0.411358679292527,0.0
27,19,0.42467646994859076,0.42467646994859076,0.0
27,22,0.4296491827031367,0.4296491827031774,4.0745185003743245e-14
27,32,0.4323936550187081,0.4323936550187081,0.0
27,35,0.41446307061292115,0.4144630706129623,4.113376306236205e-14
27,40,0.40863174566361055,0.40863174566361055,0.0
27,48,0.4424870349854313,0.442487034985452,2.070565940925917e-14
27,61,0.4315153452209661,0.4315153452209743,8.215650382226158e-15
28,7,0.413957340587281,0.41395734058730566,2.4646951146678475e-14
28,15,0.4115372187173926,0.4115372187174193,2.6645352591003757e-14
28,20,0.40871849372687746,0.4087184937277545,8.770206783026424e-13
28,23,0.4162935144437007,0.416293514443781,8.026912468039882e-14
28,33,0.4045179970770284,0.40451799708012115,3.0927482796982986e-12
28,36,0.42454656141245545,0.4245465614125102,5.473399511402022e-14
28,41,0.4284882485797282,0.4284882485798885,1.6026069360464135e-13
28,49,0.41155576888756346,0.41155576888758105,1.759703494030873e-14
28,62,0.4102417064735759,0.4102417064736994,1.2351231148954867e-13
29,8,0.41930532375145635,0.4193053238865759,1.3511952667855098e-10
29,16,0.4054394522826161,0.4054394524215162,1.389001136331558e-10
29,21,0.4416582006548322,0.4416582023442952,1.6894630139319133e-09
29,24,0.42454427922563126,0.42454427926148647,3.585520769178174e-11
29,34,0.40540729366744893,0.4054072964998922,2.8324432799209376e-09
29,37,0.41455934580571874,0.4145593460033353,1.9761658975880891e-10
29,42,0.41757349299959323,0.41757349588890846,2.8893152315134785e-09
29,50,0.42209597251080244,0.4220959732463361,7.355336339998075e-10
29,63,0.42522213680540144,0.4252221413013973,4.495995853392998e-09
30,9,0.43909965169073445,0.43909965197691464,2.861801906561823e-10
30,17,0.42631213009882746,0.4263121337981137,3.699286266201085e-09
30,22,0.41252705752497265,0.41252705817434276,6.493701132370688e-10
30,25,0.43300154666407886,0.4330015512837366,4.6196577119239635e-09
30,35,0.42582635781924044,0.42582635847264694,6.534064955765473e-10
30,38,0.4231755871983362,0.4231756024204973,1.5222161087180552e-08
30,43,0.40075504206704143,0.400755051079114,9.012072588188147e-09
30,51,0.41902436010688654,0.41902439332887953,3.322199298994022e-08
30,64,0.428997085266288,0.42899712574408566,4.0477797669247195e-08
31,10,0.434080381337846,0.43408038135388094,1.6034951144661136e-11
31,18,0.41294385551525953,0.41294385562871566,1.1345613337709892e-10
31,23,0.42969664991800216,0.429696649929917,1.1914857989125949e-11
31,26,0.43569421134233965,0.435694211756144,4.1380432413973267e-10
31,36,0.4307083260431205,0.4307083260511568,8.036293852597964e-12
31,39,0.43291511738247235,0.4329151179073394,5.248670387203447e-10
31,44,0.4040257591217055,0.40402575922190004,1.0019451934795143e-10
31,52,0.40709805390775083,0.4070980543747999,4.670490660885207e-10
31,65,0.40172488733163497,0.4017248876116207,2.799857012902862e-10
32,11,0.40685682164628867,0.4068568216463498,6.111777750561487e-14
32,19,0.4114911084282022,0.41149110842821435,1.2156942119645464e-14
32,24,0.42860884664659105,0.42860884664679566,2.0461410343841635e-13
32,27,0.4417840794039942,0.44178407940402536,3.114175584073564e-14
32,37,0.42423319629964235,0.42423319630036,7.176481631177012e-13
32,40,0.390304803013632,0.39030480301365544,2.3425705819590803e-14
32,45,0.4021395694400217,0.4021395694401055,8.376632720796806e-14
32,53,0.4143416038267164,0.41434160382672547,9.048317650695026e-15
32,66,0.40914533256912294,0.4091453325691704,4.746203430272544e-14
33,12,0.41773892587909384,0.41773892592663914,4.754530102957233e-11
33,20,0.4156152955910461,0.4156152956824049,9.135880940647212e-11
33,25,0.4541084516746526,0.4541084525481671,8.735145384797249e-10
33,28,0.41382996441872555,0.4138299644262823,7.556733017111128e-12
33,38,0.44686530443645084,0.4468653070799065,2.6434556765764228e-09
33,41,0.4051607010422366,0.40516070105758256,1.5345946735578764e-11
33,46,0.4209902533070423,0.42099025533983037,2.0327880490000894e-09
33,54,0.4127225391374046,0.4127225394370542,2.996496384355396e-10
33,67,0.4228510943745639,0.4228510976309274,3.2563634566606936e-09
34,13,0.4171517369764481,0.4171517448926707,7.91622262186209e-09
34,21,0.40459219387748335,0.40459223678425854,4.2906775188367163e-08
34,26,0.43708852651569324,0.43708857047006544,4.395437219750775e-08
34,29,0.428822658958057,0.4288226702794712,1.1321414195020196e-08
34,39,0.3943841588064275,0.39438421603020446,5.72237769391748e-08
34,42,0.42233407094152897,0.4223341496229146,7.868138562905358e-08
34,47,0.4280014568236609,0.42800183284161497,3.760179540512887e-07
34,55,0.418458228396436,0.4184587282409524,4.998445164439147e-07
34,68,0.40120368498986053,0.4012049001908898,1.215201029247659e-06
35,14,0.3977083428370305,0.3977083428380672,1.0367262603949712e-12
35,22,0.42538956908602477,0.42538956911673304,3.070826926077075e-11
35,27,0.4374461906967217,0.43744619069775137,1.0296763441886014e-12
35,30,0.4232654597529361,0.42326545997133697,2.1840085295821154e-10
35,40,0.4316116986715127,0.43161169867227367,7.609468610780823e-13
35,43,0.4072284462161441,0.4072284465375969,3.2145275330464074e-10
35,48,0.42024849680515725,0.4202484968210961,1.593886134187983e-11
35,56,0.40145294100538187,0.4014529412481183,2.427364420576339e-10
35,69,0.4280727757481648,0.4280727758808269,1.326620480135432e-10
36,15,0.40293318743141876,0.40293318743151907,1.0030865027488289e-13
36,23,0.419546931688738,0.4195469316893384,6.003531005660534e-13
36,28,0.4200065138959352,0.42000651389615434,2.191580250610059e-13
36,31,0.403120737340428,0.4031207373437603,3.332278897261176e-12
36,41,0.4166107925914981,0.4166107925918929,3.9479530755670567e-13
36,44,0.45209776688433373,0.4520977668873419,3.0081492852218616e-12
36,49,0.4109770146553488,0.4109770146554588,1.1002310174035301e-13
36,57,0.4139552344415601,0.41395523444261806,1.0579315201653117e-12
36,70,0.4063639319781033,0.4063639319784766,3.733124920302089e-13
37,16,0.4253779842337601,0.425377984263528,2.976791035891324e-11
37,24,0.4334218241601527,0.43342182416896924,8.816558594304524e-12
37,29,0.43250023474161453,0.43250023485750677,1.1589224024888267e-10
37,32,0.4374595103591539,0.43745951036077446,1.6205370378941097e-12
37,42,0.41775823425767034,0.41775823461830497,3.606346332674093e-10
37,45,0.43286168425001315,0.43286168425259786,2.584710223629827e-12
37,50,0.4081568727811042,0.4081568729206562,1.395520365932157e-10
37,58,0.42007173027258465,0.42007173029153205,1.894739920516031e-11
37,71,0.42087378079359117,0.4208737809464741,1.528829285390998e-10
38,17,0.42491904866246105,0.4249190741590128,2.549655175876353e-08
38,25,0.4177292402341075,0.41772927186771747,3.163360995372955e-08
38,30,0.4240278190421872,0.4240278616476651,4.260547786794078e-08
38,33,0.39648733325237767,0.3964873431752281,9.922850430221786e-09
38,43,0.41795762318698704,0.4179576869563406,6.3769353575438e-08
38,46,0.40877181644768795,0.4087718943327567,7.788506872774548e-08
38,51,0.42239762645227696,0.42239802403292964,3.975806526779202e-07
38,59,0.43831338458941643,0.43831391523213215,5.306427157125704e-07
38,72,0.43305210247508785,0.43305337061145055,1.268136362697625e-06
39,18,0.4202292409971342,0.42022924247078286,1.473648647554171e-09
39,26,0.41049336547679416,0.4104933752141625,9.737368356077525e-09
39,31,0.4195794711599438,0.4195794725946022,1.4346583920854528e-09
39,34,0.42694070006565565,0.42694071994426597,1.9878610313384115e-08
39,44,0.4116312819159182,0.4116312832078802,1.291962037353045e-09
39,47,0.42962314051963046,0.4296231822118576,4.169222711514209e-08
39,52,0.42944580995714837,0.429445821060785,1.110363662126801e-08
39,60,0.4133127637982914,0.41331281566392064,5.1865629235869903e-08
39,73,0.4164652367797603,0.4164652780883365,4.130857622630657e-08
40,19,0.41496805578289914,0.41496805578289914,0.0
40,27,0.4122799972640375,0.4122799972640375,0.0
40,32,0.424260778597029,0.424260778597029,0.0
40,35,0.42796890093726103,0.4279689009373017,4.068967385251199e-14
40,48,0.41749205815145923,0.41749205815147966,2.042810365310288e-14
40,53,0.4275975791610543,0.4275975791610543,0.0
40,61,0.41675944503159007,0.4167594450315981,8.049116928532385e-15
40,74,0.41616952010141145,0.41616952010141345,1.9984014443252818e-15
41,20,0.4036472495727605,0.4036472495736221,8.615885782603527e-13
41,28,0.4085758148719919,0.40857581487206707,7.51620987671231e-14
41,33,0.43090506636707954,0.4309050663700485,2.9689584124525936e-12
41,36,0.4440797882525129,0.44407978825256467,5.179190409876355e-14
41,49,0.41798246278769985,0.4179824627877144,1.454392162258955e-14
41,54,0.41969133839077494,0.41969133839356987,2.7949309533426003e-12
41,62,0.39875702750347614,0.3987570275036008,1.2467804566540508e-13
41,75,0.4025064715927037,0.4025064715958009,3.097189171796799e-12
42,21,0.4165682580996171,0.41656827149394626,1.3394329145821615e-08
42,29,0.4123442460135406,0.412344250754086,4.740545400672147e-09
42,34,0.42248776542414873,0.4224877932315226,2.7807373847998917e-08
42,37,0.4070528073528083,0.4070528084960081,1.1431998125921439e-09
42,50,0.43960922297470534,0.4396092275633299,4.588624535895036e-09
42,55,0.43563211310384603,0.43563218698199707,7.387815104120676e-08
42,63,0.42382895258710424,0.4238289895986158,3.701151157775584e-08
42,76,0.41130464549410073,0.4113047731507733,1.2765667256608992e-07
43,22,0.42233730053478813,0.42233730151189647,9.771083386844737e-10
43,30,0.4041514017983222,0.4041514109557436,9.157421376748687e-09
43,35,0.4310551730867368,0.43105517406992694,9.831901404133703e-10
43,38,0.4434198934595254,0.4434199164611502,2.300162477153478e-08
43,51,0.4071419123215885,0.4071419625419524,5.022036392299256e-08
43,56,0.40291037474053276,0.4029103849821205,1.0241587744541647e-08
43,64,0.42615501017894813,0.4261550713897981,6.121084994425985e-08
43,77,0.42456190536732896,0.42456195428187155,4.891454258304506e-08
44,23,0.4039993000925104,0.4039993001032416,1.0731193711421838e-11
44,31,0.4072342174221841,0.40723421752229133,1.0010725581821589e-10
44,36,0.40911146161442014,0.40911146162166007,7.2399308770343396e-12
44,39,0.4294880722349846,0.4294880727075842,4.725996261001342e-10
44,52,0.41728380489692235,0.4172838053174611,4.205387704736552e-10
44,57,0.40888767369277257,0.40888767372052964,2.7757074416712157e-11
44,65,0.43365019521800896,0.43365019547010786,2.520988973131466e-10
44,78,0.41045939611967636,0.41045939623394584,1.1426948276493931e-10
45,19,0.41905697569424427,0.4190569756942631,1.8818280267396403e-14
45,24,0.405145389895436,0.4051453898957346,2.9859448247293585e-13
45,32,0.4284828800189035,0.42848288001897644,7.294165271787278e-14
45,37,0.42608136560871324,0.4260813656096998,9.865441796819141e-13
45,53,0.41382222373190825,0.4138222237319215,1.326716514427062e-14
45,58,0.4080512578476016,0.40805125784828583,6.84230450076484e-13
45,66,0.42857338797977174,0.42857338797984984,7.810418978237976e-14
45,79,0.40918061029921304,0.40918061029979985,5.868083796656265e-13
46,20,0.42194982839056594,0.4219498292187245,8.281585417435622e-10
46,25,0.41539505481390604,0.4153950634130288,8.599122747199317e-09
46,33,0.4410457180615037,0.4410457212673015,3.2057977938926285e-09
46,38,0.3972464296003004,0.39724645810891096,2.8508610583344307e-08
46,54,0.4185607204660024,0.41856072319990895,2.7339065455933564e-09
46,59,0.41604756392351094,0.41604764341703465,7.949352370806295e-08
46,67,0.43288716289351153,0.43288719540566106,3.251214952815218e-08
46,80,0.4151959364641367,0.41519607396160424,1.374974675227847e-07
47,21,0.415380680563467,0.4153807797133767,9.91499097269255e-08
47,26,0.42650829881819485,0.4265084004591837,1.0164098884768435e-07
47,34,0.41081642549846054,0.410816814065994,3.8856753348248674e-07
47,39,0.41934755692959436,0.4193476893080623,1.323784679652107e-07
47,55,0.4293788394600967,0.4293800126126287,1.1731525320080038e-06
47,60,0.41600082884495765,0.416002003115041,1.1742700833372588e-06
47,68,0.4335337186464916,0.43353658319191046,2.8645454188680475e-06
47,81,0.4332616383635887,0.43326534263307126,3.7042694825406564e-06
48,22,0.4369521657336377,0.4369521657486405,1.5002776798667128e-11
48,27,0.43522973770253714,0.4352297377030401,5.029310301551959e-13
48,35,0.40869215322183305,0.40869215323691305,1.5079992810029808e-11
48,40,0.4034610591168322,0.40346105911720387,3.7164715749327115e-13
48,56,0.4267310915589132,0.42673109167750545,1.1859224713361982e-10
48,61,0.40603955936476666,0.40603955936802033,3.253675107117715e-12
48,69,0.4232684723350626,0.42326847239987564,6.481304382077724e-11
48,82,0.4422293693391597,0.44222936936460483,2.544514599023273e-11
49,23,0.4214656445350636,0.4214656445351829,1.1934897514720433e-13
49,28,0.38961148294334114,0.3896114829433949,5.3790305543088834e-14
49,36,0.436554321837047,0.43655432183712856,8.154588115871775e-14
49,41,0.40570727077752994,0.40570727077762836,9.842127113302013e-14
49,57,0.4261840586052032,0.4261840586053938,1.9062529332813938e-13
49,62,0.4121718696329471,0.41217186963301694,6.983302824892235e-14
49,70,0.4129264019417935,0.41292640194186353,7.005507285384738e-14
49,83,0.43418178014381287,0.43418178014388603,7.316369732279782e-14
50,16,0.429034239570397,0.42903423969283444,1.2243744906825782e-10
50,29,0.41426091914810254,0.4142609196559549,5.078523712676031e-10
50,37,0.4184102531706298,0.4184102533417952,1.711654151748121e-10
50,42,0.42260113986759285,0.4226011415414363,1.6738434527319157e-09
50,58,0.4122289656081332,0.41222896568114326,7.30100424561897e-11
50,63,0.41576268283172907,0.4157626853759581,2.5442290496613396e-09
50,71,0.43126917251358643,0.431269173168302,6.547155595448828e-10
50,84,0.41777106705698225,0.41777106995813823,2.9011559821157107e-09
51,17,0.43747539799162644,0.4374754589100521,6.091842563726857e-08
51,30,0.41865037515130116,0.41865047700621116,1.0185491000624936e-07
51,38,0.41539446272181885,0.415394877346979,4.1462516015000617e-07
51,43,0.41951054059265547,0.4195106930850717,1.524924162499275e-07
51,59,0.39621799328123203,0.39621927795603595,1.2846748039252454e-06
51,64,0.41812207764896614,0.4181233279259239,1.250276957742713e-06
51,72,0.43304633081017974,0.4330494291510357,3.0983408559892567e-06
51,85,0.41528969339574845,0.4152936423637797,3.948968031242117e-06
52,18,0.435047777069805,0.43504777836881775,1.299012730715532e-09
52,31,0.39741057984559514,0.39741058111027416,1.2646790281678477e-09
52,39,0.4080025348516272,0.40800254592100765,1.1069380467798595e-08
52,44,0.42903311053248616,0.42903311167138186,1.138895699970277e-09
52,60,0.4203138709874943,0.4203139166431746,4.565568029191169e-08
52,65,0.4218721082555439,0.42187211359890536,5.34336147550718e-09
52,73,0.4128932781063819,0.4128933144680988,3.6361716915234155e-08
52,86,0.4085846826519012,0.4085847028846656,2.0232764408323334e-08
53,19,0.4304186883586776,0.4304186883586776,0.0
53,32,0.4131515802892758,0.41315158028927595,1.6653345369377348e-16
53,40,0.42865290470518147,0.42865290470518386,2.3869795029440866e-15
53,45,0.41892779114247364,0.41892779114247897,5.329070518200751e-15
53,61,0.4257017484373211,0.42570174843734815,2.7033930649622562e-14
53,66,0.39953387477442026,0.3995338747744225,2.220446049250313e-15
53,74,0.4022885597144119,0.40228855971441896,7.049916206369744e-15
53,87,0.43545137857977884,0.43545137857978,1.1657341758564144e-15
54,20,0.4065202984339177,0.4065202984832941,4.93763918640866e-11
54,33,0.3937006089329159,0.39370060909900323,1.6608731057132786e-10
54,41,0.41695481653832295,0.41695481654770317,9.380218823906716e-12
54,46,0.42830890295481666,0.42830890383921905,8.844023846599214e-10
54,62,0.43464887852018785,0.43464887852754314,7.355283049292893e-12
54,67,0.41912362828029026,0.4191236296861683,1.4058780251069436e-09
54,75,0.41557506203831795,0.4155750622154442,1.771262581051758e-10
54,88,0.4175231851464617,0.4175231867659507,1.6194889873588636e-09
55,21,0.4258619553719069,0.4258620904468918,1.3507498486386993e-07
55,34,0.4166551330654922,0.41665567467342324,5.416079310593958e-07
55,42,0.41585123475868085,0.41585148343037537,2.4867169451381343e-07
55,47,0.4302196030672946,0.43022083498402863,1.2319167340124615e-06
55,63,0.4305887666722845,0.43058916772591227,4.010536277521126e-07
55,68,0.41724889941546545,0.41725297021408286,4.070798617417104e-06
55,76,0.4274534091381879,0.427456481051227,3.071913039109919e-06
55,89,0.407352672814199,0.40736042305862546,7.750244426452113e-06
56,22,0.42476444404315084,0.42476444477734543,7.341945940098071e-10
56,35,0.41589943703218224,0.4158994377709464,7.387641609568618e-10
56,43,0.43816613977299507,0.4381661499831971,1.021020201719125e-08
56,48,0.41026429980324247,0.4102643001794346,3.761921330003304e-10
56,64,0.4315032530569843,0.4315032990316086,4.597462432975874e-08
56,69,0.41222974980806426,0.41222975389957267,4.091508409853617e-09
56,77,0.4213437982208125,0.42134383496100136,3.67401888357044e-08
56,90,0.4231545662245678,0.4231545852351103,1.901054247355205e-08
57,23,0.4205318971716455,0.4205318971747218,3.076261467782615e-12
57,36,0.41544762148481645,0.4154476214868955,2.0790591470642994e-12
57,44,0.4302809913144001,0.43028099133843545,2.4035329282412476e-11
57,49,0.4250703305257863,0.42507033052626364,4.773403894375861e-13
57,65,0.4266508902361508,0.4266508903000956,6.394479390436913e-11
57,70,0.42106151731784797,0.4210615173202479,2.3999136011809696e-12
57,78,0.4186953267063979,0.41869532673569376,2.9295843528842624e-11
57,91,0.42316138049349433,0.4231613805017077,8.213374425025677e-12
58,24,0.4167786972091956,0.4167786972119105,2.714939384418358e-12
58,37,0.40990504733662314,0.4099050473467709,1.0147771511981318e-11
58,45,0.4261587266177865,0.42615872661880994,1.0234590952507006e-12
58,50,0.4207939437945206,0.4207939438239319,2.941130672340364e-11
58,66,0.42026670092183716,0.4202667009223998,5.626610288800293e-13
58,71,0.40775368617775803,0.4077536862097491,3.1991076454573886e-11
58,79,0.43155315732087274,0.4315531573261581,5.2853832421817515e-12
58,92,0.4370528916083579,0.4370528916361192,2.7761293264205733e-11
59,25,0.4226657586079802,0.42266586231287007,1.0370488984223769e-07
59,38,0.44790385771875896,0.4479044353316463,5.776128873535846e-07
59,46,0.41503510814455846,0.4150353642916687,2.561471102446866e-07
59,51,0.40560697495352666,0.4056083166261158,1.3416725891390868e-06
59,67,0.40467806724404004,0.4046784833262091,4.16082169052423e-07
59,72,0.3934973350358985,0.3935017231610397,4.388125141197019e-06
59,80,0.4366968607757261,0.4367002399196826,3.3791439564834214e-06
59,93,0.43248083628542455,0.4324890856332666,8.249347842048671e-06
60,26,0.43488384531224505,0.4348839852273367,1.3991509162369908e-07
60,39,0.432160596845393,0.4321607791445962,1.8229920323298288e-07
60,47,0.4179495747190624,0.4179508287273494,1.2540082869882951e-06
60,52,0.44440130877275164,0.44440146933334573,1.605605940979693e-07
60,68,0.4479341800080326,0.4479383496249528,4.1696169202354305e-06
60,73,0.4117766814472834,0.41177790923801416,1.2277907307511882e-06
60,81,0.4141124747873428,0.41411785211410784,5.377326765032553e-06
60,94,0.42098060855425173,0.42098480185875703,4.1933045052955364e-06
61,27,0.4221865586564566,0.4221865586566616,2.0500268149703516e-13
61,40,0.42678194412369097,0.4267819441238426,1.5165646516379638e-13
61,48,0.4190757447749362,0.41907574477811393,3.1777358522333543e-12
61,53,0.41846738861647054,0.4184673886165057,3.5138558729386205e-14
61,69,0.4125310142576448,0.4125310142841001,2.645528240918793e-11
61,74,0.4284140753144927,0.4284140753148645,3.7175817979573367e-13
61,82,0.41547437310809965,0.41547437311848495,1.038530372809987e-11
61,95,0.4132733932355757,0.41327339323726786,1.6921464229824323e-12
62,28,0.457267431068082,0.45726743106809337,1.1379786002407855e-14
62,41,0.4230392823601864,0.4230392823602085,2.2093438190040615e-14
62,49,0.4196948187344393,0.4196948187344422,2.886579864025407e-15
62,54,0.4270376017741073,0.4270376017745765,4.691802502065912e-13
62,70,0.42706375579525047,0.42706375579526507,1.459943277382081e-14
62,75,0.44009926863686355,0.4400992686373838,5.202505093393484e-13
62,83,0.42034769546275363,0.42034769546276807,1.4432899320127035e-14
62,96,0.40114606458181823,0.4011460645822828,4.645728246543968e-13
63,29,0.42965815038543914,0.42965815801263657,7.627197429194155e-09
63,42,0.42413154550061133,0.4241315835675043,3.806689297114474e-08
63,50,0.4255466255504496,0.42554663289545036,7.345000774261479e-09
63,55,0.4345776940855242,0.4345778149963414,1.209108171917883e-07
63,71,0.42569010604775737,0.4256901141507567,8.102999327075366e-09
63,76,0.4234503762149874,0.42345058527224094,2.090572535640156e-07
63,84,0.41214172717873376,0.4121417968707869,6.969205312845617e-08
63,97,0.41058713604666636,0.41058738150021346,2.4545354709859524e-07
64,30,0.4193364299851914,0.4193365678019013,1.378167099330696e-07
64,43,0.4152212841472659,0.415221490576643,2.0642937709203224e-07
64,51,0.42875911252336546,0.428760443896949,1.3313735835462914e-06
64,56,0.4037551803065221,0.40375533559613264,1.5528961055943924e-07
64,72,0.3957434117164314,0.39574779791815373,4.386201722328398e-06
64,77,0.39956115819299826,0.39956245126608486,1.293073086605645e-06
64,85,0.42747856150991614,0.42748413942114544,5.5779112292930755e-06
64,98,0.4216067801655203,0.42161114627413976,4.366108619480169e-06
65,31,0.4181251126330263,0.4181251132959413,6.629150006709494e-10
65,44,0.41450465421435423,0.41450465481137444,5.970202110461287e-10
65,52,0.4198823968057951,0.41988240171222596,4.906430872697598e-09
65,57,0.42737386244019865,0.42737386260763516,1.6743650910200358e-10
65,73,0.40557193622889176,0.4055719538960672,1.7667175444824323e-08
65,78,0.41222201923885554,0.4122220203529028,1.1140472433446291e-09
65,86,0.4063437590990539,0.4063437689720455,9.872991590942348e-09
65,99,0.430486824789496,0.43048682823949647,3.4500004519877336e-09
66,32,0.43150134990154215,0.4315013499015725,3.036459972349803e-14
66,45,0.4095193029617936,0.4095193029618484,5.4789506265251475e-14
66,53,0.41186370304739095,0.41186370304739817,7.216449660063518e-15
66,58,0.43378621635654196,0.43378621635678466,2.426947531830592e-13
66,74,0.42814085113544065,0.4281408511355065,6.583622536027178e-14
66,79,0.4176979405590777,0.41769794055928633,2.0861090632706691e-13
66,87,0.42613005353418676,0.42613005353421496,2.8199664825478976e-14
66,100,0.4160461278450314,0.4160461278451806,1.4915846335838978e-13
67,33,0.4111103890985504,0.4111103943414486,5.242898171164967e-09
67,46,0.4231676525146369,0.4231676856639478,3.3149310907365503e-08
67,54,0.4150676012536833,0.41506760571921664,4.465533331998728e-09
67,59,0.4170655581334053,0.41706568875042604,1.3061702075489734e-07
67,75,0.41292314778133393,0.4129231527362924,4.9549584435482075e-09
67,80,0.4197137638089721,0.41971398987740105,2.260684289767667e-07
67,88,0.4092013646708777,0.40920142632814,6.165726229578894e-08
67,101,0.4120491664106352,0.4120494264861837,2.600755484860606e-07
68,34,0.3960397554549767,0.39604633198252487,6.576527548152189e-06
68,47,0.446759498075454,0.44677489287708116,1.5394801627155452e-05
68,55,0.416632169778583,0.416653593040825,2.1423262242026286e-05
68,60,0.43545079266332926,0.43547257451368143,2.1781850352176058e-05
68,76,0.4092819880882911,0.4093245335045218,4.25454162307215e-05
68,81,0.40873360183719004,0.40888822863131574,0.00015462679412570068
68,89,0.44346227686196377,0.4437361970170088,0.00027392015504501543
68,102,0.40634060644358483,0.4067524885456097,0.0004118821020248631
69,35,0.4450653703578656,0.4450653707317787,3.739131226865311e-10
69,48,0.40408493953005165,0.4040849397205586,1.9050694355371434e-10
69,56,0.4103714155237382,0.41037141938093,3.857191843703589e-09
69,61,0.4213504050712991,0.42135040515045824,7.915912370037859e-11
69,77,0.4315599752398493,0.43155999346918755,1.8229338261122052e-08
69,82,0.40926859947006383,0.40926860025351947,7.834556337016352e-10
69,90,0.42734216469814873,0.4273421741417465,9.443597792646585e-09
69,103,0.418420915448614,0.41842091817101407,2.722400083143839e-09
70,36,0.42041015956762634,0.4204101595682474,6.210587599753126e-13
70,49,0.41143086513405824,0.41143086513420507,1.4682699500667695e-13
70,57,0.43462218084588405,0.4346221808480281,2.1440627051561023e-12
70,62,0.4467652098677654,0.4467652098680823,3.1691316237925093e-13
70,78,0.42107709865994536,0.42107709866797965,8.034295451153639e-12
70,83,0.3855435018993447,0.38554350189971714,3.7242431361050876e-13
70,91,0.45350109081185064,0.45350109081418616,2.3355206657527106e-12
70,104,0.4145051535025752,0.4145051535031288,5.535572000781031e-13
71,37,0.4239095292920299,0.42390952948104726,1.8901735732157476e-10
71,50,0.419924923548911,0.4199249242087189,6.598079305142335e-10
71,58,0.4208164917000045,0.4208164917804132,8.04086797145942e-11
71,63,0.3951807667868159,0.3951807696071561,2.8203401836179864e-09
71,79,0.43912892503319423,0.4391289251019877,6.879347091981458e-11
71,84,0.4127376909449123,0.41273769416114753,3.2162352225917346e-09
71,92,0.40884980000730176,0.4088498006337073,6.264055385507561e-10
71,105,0.41405067768710285,0.4140506804592578,2.77215495003702e-09
72,38,0.4035815087712826,0.4035883217505834,6.812979300774291e-06
72,51,0.43636714764767004,0.43638357287288954,1.6425225219496298e-05
72,59,0.4192298265229085,0.41925266152564716,2.2835002738641474e-05
72,64,0.407019755030527,0.4070423818783268,2.2626847799800398e-05
72,80,0.4158585464536503,0.4159043646864262,4.581823277594044e-05
72,85,0.42984311027038663,0.43000530794064323,0.00016219767025660303
72,93,0.41847545721334656,0.4187610045735502,0.0002855473602036418
72,106,0.40978104317854935,0.4102053552509758,0.000424312072426436
73,39,0.4317331750246111,0.43173330389510195,1.2887049083420976e-07
73,52,0.43495545431617233,0.43495556783156275,1.1351539042081527e-07
73,60,0.4205227038896502,0.42052383979237573,1.1359027255464227e-06
73,65,0.4046443566651377,0.40464441478987584,5.812473813371355e-08
73,81,0.4271511097810893,0.4271546800283388,3.5702472495069415e-06
73,86,0.41556414240153033,0.4155645836999751,4.412984447865753e-07
73,94,0.39835427219771785,0.39835704844048114,2.776242763291581e-06
73,107,0.4445988686023813,0.44460003970943657,1.1711070552755665e-06
74,40,0.4262715622436898,0.42627156224372875,3.8968828164342995e-14
74,53,0.39424831327854026,0.39424831327854964,9.381384558082573e-15
74,61,0.4193104838739738,0.41931048387431663,3.4283687000424834e-13
74,66,0.3880525209434151,0.3880525209434412,2.6145752229922437e-14
74,82,0.426444465302283,0.4264444653049907,2.707667423607063e-12
74,87,0.40391337711620195,0.40391337711622555,2.3592239273284576e-14
74,95,0.4238829572155198,0.42388295721595776,4.3798298321462426e-13
74,108,0.43021261018486584,0.43021261018489954,3.36952687973735e-14
75,41,0.41600367526786186,0.4160036752783124,1.0450529330796599e-11
75,54,0.4140014205494222,0.41400142072753754,1.7811535579781435e-10
75,62,0.4447529322303272,0.4447529322385213,8.19411205554843e-12
75,67,0.4126289927723733,0.4126289943389323,1.5665589936375568e-09
75,83,0.4202427264516471,0.4202427264593039,7.656764111629855e-12
75,88,0.41050703539140176,0.4105070371959906,1.804588811715746e-09
75,96,0.41118253932148485,0.4111825394977368,1.7625195747328348e-10
75,109,0.40182544914890506,0.401825450679375,1.5304699174656378e-09
76,42,0.43365163522032835,0.4336521169981138,4.817777854437821e-07
76,55,0.416256350116919,0.4162596272299599,3.277113040878188e-06
76,63,0.42287655833654714,0.4228773362578767,7.779213295755483e-07
76,68,0.42744565007658464,0.42745394174893153,8.291672346893986e-06
76,84,0.41482183855917765,0.4148227521503231,9.135911454571932e-07
76,89,0.4000790667662898,0.4000948742279943,1.580746170448677e-05
76,97,0.4203897347754547,0.42039695791740356,7.2231419488422155e-06
76,110,0.41733758387284114,0.4173577091631355,2.0125290294381593e-05
77,43,0.4129181216860522,0.41291826959071903,1.479046668473316e-07
77,56,0.431635962852665,0.4316360741261116,1.1127344662353877e-07
77,64,0.43034826795106074,0.4303494797909915,1.2118399307370353e-06
77,69,0.3957621159673748,0.3957621732750244,5.7307649570237373e-08
77,85,0.4157971205620173,0.41580094632874637,3.82576672908197e-06
77,90,0.4092936958562691,0.4092941460921913,4.502359221558727e-07
77,98,0.41739348184319186,0.41739646972010014,2.9878769082780643e-06
77,111,0.44663507979622885,0.44663631741948284,1.237623253991238e-06
78,44,0.40403287155160994,0.4040328717868987,2.3528873294154096e-10
78,57,0.419801205982505,0.419801206049191,6.668604557447111e-11
78,65,0.4235191530779321,0.4235191541019321,1.023999995908298e-09
78,70,0.41523582703700773,0.4152358270567159,1.9708179532784698e-11
78,86,0.40044191802431395,0.40044192166889414,3.644580193196134e-09
78,91,0.42191015278262356,0.4219101528579039,7.528033751924568e-11
78,99,0.4478834885517726,0.4478834898595727,1.3078000904442888e-09
78,112,0.4313175576260677,0.43131755783521425,2.0914653342529732e-10
79,45,0.4341116575455563,0.4341116575464316,8.752998326144734e-13
79,58,0.4270487300808099,0.4270487300860792,5.269285008324687e-12
79,66,0.41678864019115514,0.4167886401916369,4.817812815360867e-13
79,71,0.42253944958660805,0.42253944961392037,2.731231907304732e-11
79,87,0.4012043995480865,0.40120439954844567,3.5915714846623814e-13
79,92,0.4135469363817012,0.4135469364054025,2.3701318685453998e-11
79,100,0.42412939665557386,0.424129396658753,3.1791236310141358e-12
79,113,0.42771347275966853,0.4277134727764452,1.6776691147413203e-11
80,46,0.41585689633942846,0.41585740142302297,5.050835945041854e-07
80,59,0.43994764667908137,0.43995126959233627,3.6229132548970533e-06
80,67,0.4325273376778238,0.4325281586308773,8.209530534819542e-07
80,72,0.4117926411065051,0.41180169170717074,9.050600665638786e-06
80,88,0.4368342903392802,0.4368352463728243,9.560335441083367e-07
80,93,0.41599298112319694,0.41601002477423393,1.7043651036996454e-05
80,101,0.4017837445481635,0.40179158645955376,7.841911390249479e-06
80,114,0.41640974742342546,0.4164314370818552,2.1689658429746572e-05
81,47,0.4215486054293513,0.42156473196246175,1.612653311044987e-05
81,60,0.422595906206272,0.4226186303417744,2.2724135502361076e-05
81,68,0.4129718370957361,0.4131092263351744,0.0001373892394382903
81,73,0.41496409791764854,0.4149797300487621,1.5632131113552106e-05
81,89,0.4303705887107534,0.4306435101761365,0.00027292146538310247
81,94,0.4323085474673526,0.4324447767219934,0.00013622925464079616
81,102,0.41199766147345274,0.4123951679311002,0.0003975064576474674
81,115,0.4038638047516882,0.40414194365729256,0.0002781389056043526
82,48,0.4211285653535177,0.4211285654224635,6.894579351879315e-11
82,61,0.4333911508877621,0.43339115091641595,2.8653857064853128e-11
82,69,0.41959351743636586,0.4195935181732308,7.368649579397868e-10
82,74,0.4105765301511681,0.41057653015904105,7.872980045675604e-12
82,90,0.43011375561014975,0.4301137589696191,3.359469369357271e-09
82,95,0.45195930948761315,0.4519593095243009,3.668776393794815e-11
82,103,0.4265582009851748,0.4265582019620211,9.768463260506621e-10
82,116,0.4407248777261307,0.44072487782919706,1.0306633324574932e-10
83,49,0.41990844361196633,0.41990844361198565,1.9317880628477724e-14
83,62,0.4377952293939808,0.4377952293940373,5.651035195342047e-14
83,70,0.41912428744096136,0.41912428744102775,6.639133687258436e-14
83,75,0.44772836656525683,0.4477283665672095,1.9526602557107253e-12
83,91,0.4174775994966431,0.41747759949683816,1.9506618542664e-13
83,96,0.41720531524172016,0.4172053152434634,1.7432166821151895e-12
83,104,0.41438842044508967,0.4143884204451689,7.921441280700492e-14
83,117,0.42790454659140936,0.4279045465925502,1.1408096689535796e-12
84,50,0.418270432653274,0.4182704412393092,8.58603516062928e-09
84,63,0.42005354031442477,0.4200536110452017,7.07307769576282e-08
84,71,0.4302642527572378,0.43026426223010533,9.47286754593435e-09
84,76,0.4264382481956644,0.4264384957108421,2.475151776870632e-07
84,92,0.41286772981638925,0.4128677380018695,8.185480238065423e-09
84,97,0.4288907870808499,0.4288910776912423,2.906103924171788e-07
84,105,0.41110851653790864,0.4111085860992698,6.956136117119982e-08
84,118,0.4265162919133066,0.4265165429915891,2.510782824982627e-07
85,51,0.44299110137232484,0.44300855293999103,1.745156766619349e-05
85,64,0.42045754375124267,0.4204815032650439,2.3959513801241616e-05
85,72,0.4010817833083573,0.4012281644851172,0.00014638117675991325
85,77,0.41252690078527254,0.41254382138573437,1.6920600461822755e-05
85,93,0.41771826889545005,0.41800877685961574,0.00029050796416568714
85,98,0.4305269178010574,0.43067248214405107,0.00014556434299367593
85,106,0.42246754660276287,0.422887460463183,0.000419913860420118
85,119,0.44019220562944594,0.4404778724207319,0.0002856667912859434
86,52,0.40911836541900015,0.4091184247456811,5.9326680956761635e-08
86,65,0.4299700050783107,0.42997003550331536,3.0425004682310686e-08
86,73,0.43135474475880675,0.43135517917067945,4.344118726962165e-07
86,78,0.4365575915224993,0.43655760326538323,1.1742883943011151e-08
86,94,0.4285383057632569,0.42853974848828935,1.442725032441139e-06
86,99,0.4095595270567206,0.40955956734598775,4.028926714472192e-08
86,107,0.4245402177528605,0.4245408261029549,6.083500944109588e-07
86,120,0.41367473750811223,0.4136748310998284,9.359171615486161e-08
87,53,0.40829761679050847,0.40829761679051285,4.385380947269368e-15
87,66,0.42074886201255024,0.42074886201257544,2.5202062658991053e-14
87,74,0.4383537481350584,0.4383537481351029,4.451994328746878e-14
87,79,0.4046747214443723,0.4046747214445132,1.4094281297616362e-13
87,95,0.41981888014469815,0.4198188801449056,2.074451721512105e-13
87,100,0.41179726941367834,0.4117972694137788,1.0047518372857667e-13
87,108,0.4118459808861336,0.4118459808861505,1.687538997430238e-14
87,121,0.41470602182936117,0.41470602182942295,6.178391132038996e-14
88,54,0.40325238229367005,0.40325238750544906,5.211779008362782e-09
88,67,0.40550357911857093,0.40550364137700545,6.225843451890256e-08
88,75,0.41434296033215834,0.4143429661152046,5.783046264085101e-09
88,80,0.4067777238367855,0.40677798866233295,2.6482554743578746e-07
88,96,0.4156652759004937,0.41566528106291223,5.162418548199099e-09
88,101,0.43155160108986335,0.43155190575060653,3.0466074318891145e-07
88,109,0.41954476475085783,0.4195448254959317,6.074507385989136e-08
88,122,0.4379618662035491,0.43796212300012416,2.567965750599477e-07
89,55,0.4003686199449375,0.40041133355492414,4.271360998664431e-05
89,68,0.40661660668867566,0.4068916874723827,0.0002750807837070268
89,76,0.41582796297356334,0.4159128265474535,8.48635738901482e-05
89,81,0.42951361869216736,0.4298224703613989,0.00030885166923155793
89,97,0.42267318956530364,0.42277262832585616,9.94387605525171e-05
89,102,0.416032789534485,0.4168546302308897,0.0008218406964046743
89,110,0.41057181107806423,0.41134614509012324,0.0007743340120590081
89,123,0.42755611808912286,0.4285587351638242,0.0010026170747013397
90,56,0.41011907650331225,0.4101191308177283,5.431441602032905e-08
90,69,0.41938909345246195,0.4193891214407759,2.7988313944238286e-08
90,77,0.43323807568335676,0.4332385150381219,4.393547651249108e-07
90,82,0.4378958982756315,0.437895908618014,1.034238245045671e-08
90,98,0.41198054901717035,0.41198199198282337,1.4429656530201562e-06
90,103,0.41240824370020757,0.4124082814286304,3.7728422830340946e-08
90,111,0.3865566550913603,0.38655725529622076,6.00204860479181e-07
90,124,0.39332550780140263,0.39332559413405255,8.633264991786405e-08
91,57,0.4046269000034207,0.4046269000120392,8.618494806711396e-12
91,70,0.4095486718156512,0.4095486718183904,2.7391977575064175e-12
91,78,0.40819995454330077,0.40819995457758446,3.4283687000424834e-11
91,83,0.4208907610730569,0.42089076107433926,1.282363104593287e-12
91,99,0.4195280324754734,0.4195280325678078,9.233441788936148e-11
91,104,0.4402359935596423,0.4402359935616384,1.996069975973569e-12
91,112,0.42597823566043724,0.425978235685161,2.4723778579982536e-11
91,125,0.42950806317419044,0.4295080631776956,3.505140622195313e-12
92,58,0.3998735721111585,0.39987357218067165,6.951317299552784e-11
92,71,0.4000195511480453,0.4000195517731972,6.251518747113494e-10
92,79,0.42007889448771907,0.4200788945471916,5.947253800542285e-11
92,84,0.409201684426729,0.4092016872032384,2.7765094112730537e-09
92,100,0.40942258675151727,0.4094225867929445,4.142725051892171e-11
92,105,0.4133754533491628,0.413375455742331,2.3931681636391033e-09
92,113,0.4288989923737747,0.4288989927474883,3.737135600978547e-10
92,126,0.43101494878508506,0.4310149503600815,1.5749964110689518e-09
93,59,0.4056925250379673,0.4057382556017095,4.573056374218565e-05
93,72,0.4230781746865604,0.4233673343620403,0.00028915967547993304
93,80,0.4206499342540583,0.42074176111889905,9.182686484077163e-05
93,85,0.40718551041132567,0.4075118516631437,0.00032634125181801865
93,101,0.4084261025300849,0.40853084129980266,0.00010473876971778262
93,106,0.44690611036329614,0.4477609862044651,0.000854875841168945
93,114,0.44282898748819804,0.4436356516032781,0.0008066641150800691
93,127,0.42535463839174786,0.4264065697922096,0.0010519314004617253
94,60,0.4120801628740634,0.41210162817672225,2.1465302658840724e-05
94,73,0.41490744725885353,0.41492214761399043,1.470035513689849e-05
94,81,0.4225916633795186,0.4227435869252089,0.0001519235456903245
94,86,0.42875715246166335,0.42876479703545217,7.644573788823106e-06
94,102,0.3994704459814856,0.39987411311142634,0.0004036671299407213
94,107,0.41550582119542834,0.41552758487854047,2.1763683112130394e-05
94,115,0.4080949244623514,0.40836914942608116,0.00027422496372975225
94,128,0.42381115496910365,0.4238541533880189,4.2998418915252135e-05
95,61,0.4170955722795488,0.41709557228127747,1.7286727604926e-12
95,74,0.4254309561157003,0.42543095611618365,4.833355937705619e-13
95,82,0.41264203524009496,0.41264203525362486,1.3529899423048164e-11
95,87,0.40372459636429575,0.40372459636441643,1.2068124277675452e-13
95,103,0.42253000267352087,0.42253000271863633,4.511546691787771e-11
95,108,0.42410168870391945,0.4241016887040898,1.7036372312873027e-13
95,116,0.4163153445993238,0.41631534460543645,6.112665928981187e-12
95,129,0.4339118961741624,0.4339118961744693,3.0686564400639327e-13
96,62,0.41856402794708936,0.4185640279543944,7.305045457428605e-12
96,75,0.4224475772135903,0.4224475773895678,1.7597751034159614e-10
96,83,0.42442171826627934,0.4244217182731052,6.8258732000003874e-12
96,88,0.4123922024681201,0.41239220407820754,1.610087452252884e-09
96,104,0.41236158308307586,0.41236158308917176,6.095901561309347e-12
96,109,0.4128632547068325,0.4128632560723285,1.3654959940545552e-09
96,117,0.42124500207955784,0.42124500218274935,1.031915108917758e-10
96,130,0.41535170020760537,0.41535170108028435,8.72678984631392e-10
97,63,0.44245502338285014,0.4424559357816574,9.123988072290423e-07
97,76,0.4153780339086954,0.415385238000254,7.204091558632442e-06
97,84,0.4307908190029757,0.43079189050984246,1.0715068667344063e-06
97,89,0.405542982607619,0.40556147353962996,1.8490932010950534e-05
97,105,0.40278914035121127,0.4027900380273722,8.976761609047479e-07
97,110,0.3930017936735306,0.3930253308301326,2.3537156601971532e-05
97,118,0.4202967666912188,0.420304084864345,7.318173126213967e-06
97,131,0.42331261015816823,0.423330954466461,1.8344308292783662e-05
98,64,0.4359874292851623,0.4360099256368548,2.2496351692491423e-05
98,77,0.44055719234811214,0.44057302450370206,1.5832155589923236e-05
98,85,0.41867212362096956,0.41883337081491684,0.00016124719394727816
98,90,0.40745658083892405,0.4074642774498072,7.696610883123345e-06
98,106,0.4194261489374007,0.41984796175149847,0.00042181281409775506
98,111,0.4205373714076927,0.42055998681056356,2.2615402870851398e-05
98,119,0.4144905356648138,0.4147696160480695,0.00027908038325569207
98,132,0.42310831737562127,0.4231516928962937,4.337552067240624e-05
99,65,0.4129766791552558,0.4129766827556297,3.600373887913122e-09
99,78,0.436032333730379,0.4360323352136629,1.4832839401179854e-09
99,86,0.44725621168149704,0.44725622510437213,1.3422875089208475e-08
99,91,0.40366275849210814,0.4036627587397271,2.476189808753304e-10
99,107,0.4202392351220106,0.4202392668005481,3.1678537459889355e-08
99,112,0.42099285826265387,0.42099285895724275,6.945888864073879e-10
99,120,0.43162202081280177,0.4316220309031994,1.0090397628559344e-08
99,133,0.4179088552976121,0.41790885664665917,1.3490470407440114e-09
100,66,0.418845263548013,0.4188452635483492,3.3623104300772866e-13
100,79,0.41988874833682627,0.4198887483399599,3.1336599981557356e-12
100,87,0.40912442577228963,0.40912442577254043,2.5079938126282286e-13
100,92,0.4224892559691705,0.4224892559855206,1.6350143461352218e-11
100,108,0.43097520785252746,0.4309752078527545,2.270406085358445e-13
100,113,0.40309443508654574,0.4030944350981214,1.1575629343951732e-11
100,121,0.41133084015962157,0.4113308401609438,1.3222201111773302e-12
100,134,0.4434702380688806,0.44347023807527375,6.393163776152733e-12
101,67,0.42947359733537904,0.4294745353692181,9.380338390485576e-07
101,80,0.4011993253298395,0.40120712387720836,7.798547368875752e-06
101,88,0.42394513376248494,0.42394622611148375,1.0923489988101664e-06
101,93,0.41089910683538017,0.4109184921022085,1.938526682832009e-05
101,109,0.43132807428252135,0.43132898816110016,9.138785788120884e-07
101,114,0.43401718548169477,0.43404184841105725,2.4662929362484487e-05
101,122,0.43898608159172825,0.43899357986286075,7.498271132500012e-06
101,135,0.43158459213368006,0.43160370363548667,1.9111501806612363e-05
102,68,0.42122839973081855,0.4279724629735165,0.00674406324269794
102,81,0.4043839544204576,0.41107954470588504,0.006695590285427433
102,89,0.4154970651897945,0.428964431255852,0.013467366066057473
102,94,0.41335546871196255,0.41997739953366037,0.006621930821697819
102,110,0.4197126628941062,0.43999802176202996,0.020285358867923764
102,115,0.4233724502606827,0.4371750183287654,0.013802568068082666
102,123,0.4033942317781738,0.48543481500070784,0.08204058322253405
102,136,0.4549199753241205,0.474938485537318,0.020018510213197505
103,69,0.4157228758083827,0.4157228786137297,2.8053470102484823e-09
103,82,0.41023058158971576,0.41023058265985807,1.0701423081016515e-09
103,90,0.413761001862405,0.4137610148353841,1.2972979079872715e-08
103,95,0.43040665217597485,0.4304066523138351,1.3786027874829188e-10
103,111,0.4513602443238126,0.4513602768467558,3.2522943171908736e-08
103,116,0.44461035384646747,0.44461035423403433,3.875668674879762e-10
103,124,0.42383709571220607,0.4238371039695833,8.257377226428275e-09
103,137,0.41506154735168865,0.415061548116747,7.650583500051766e-10
104,70,0.4211413297538475,0.4211413297540694,2.219335826225688e-13
104,83,0.42549991947391347,0.4254999194741047,1.9123591599168321e-13
104,91,0.4273680868548838,0.4273680868555439,6.600830992908868e-13
104,96,0.4210273759394786,0.4210273759447376,5.259015445346904e-12
104,112,0.4276018574345293,0.4276018574361242,1.5949463971764999e-12
104,117,0.42136845992775174,0.4213684599311934,3.441635865186754e-12
104,125,0.4234737843610885,0.4234737843614728,3.8430369997399794e-13
104,138,0.44338043103800595,0.443380431039773,1.7670309659933991e-12
105,71,0.404238494133018,0.4042385021040195,7.971001525497456e-09
105,84,0.42655319045933,0.4265532590337524,6.857442241825495e-08
105,92,0.4225979305006267,0.42259793738849005,6.8878633352476015e-09
105,97,0.43913143882100486,0.43913168038541067,2.415644058118005e-07
105,113,0.4174567809414911,0.41745678561866506,4.6771739814488456e-09
105,118,0.41331725035693806,0.4133174590620484,2.0870511036052974e-07
105,126,0.434100358171546,0.434100395095947,3.6924400981241945e-08
105,139,0.40837720304092845,0.4083773284246009,1.2538367244463444e-07
106,72,0.41682903004438143,0.4237549262173312,0.006925896172949753
106,85,0.4147035096030049,0.42172870841208954,0.007025198809084643
106,93,0.4306662495252696,0.44460593707793755,0.013939687552667945
106,98,0.41907237174156,0.4259576281366108,0.006885256395050832
106,114,0.4375684709087602,0.4582879170514484,0.02071944614268817
106,119,0.40442331729233166,0.4180502736747728,0.013626956382441158
106,127,0.4270540030938121,0.5110471866275579,0.0839931835337458
106,140,0.40987944989315983,0.430313785203372,0.02043433531021216
107,73,0.43236240500254924,0.4323636483252103,1.2433226610486514e-06
107,86,0.4224202730181053,0.4224209281547951,6.551366897866728e-07
107,94,0.4266200618341676,0.4266242796786159,4.21784444826212e-06
107,99,0.43017111514674217,0.43017122624144666,1.1109470449133241e-07
107,115,0.44189188619467834,0.441899956650958,8.070456279651861e-06
107,120,0.42336544821125793,0.4233657074210765,2.592098185538738e-07
107,128,0.4121772137278631,0.41218045795857555,3.2442307124624925e-06
107,141,0.427607142645748,0.4276075554514996,4.1280575158175736e-07
108,74,0.41160494492225724,0.41160494492228566,2.842170943040401e-14
108,87,0.3978323395882786,0.3978323395882889,1.0269562977782698e-14
108,95,0.43469345653992325,0.43469345654005276,1.295075158225245e-13
108,100,0.4004047236194196,0.40040472361948165,6.206146707654625e-14
108,116,0.4202346601382339,0.42023466013859745,3.635425294135075e-13
108,121,0.41901684027433506,0.41901684027437364,3.858025010572419e-14
108,129,0.42631661489013256,0.42631661489014677,1.4210854715202004e-14
108,142,0.42585967093961696,0.4258596709396348,1.7819079545233762e-14
109,75,0.42157337348830315,0.42157337831281294,4.824509791667708e-09
109,88,0.42068503026084736,0.4206850902706728,6.000982544218658e-08
109,96,0.4110966421050929,0.41109664641186017,4.306767276140988e-09
109,101,0.4178952010492416,0.417895454047497,2.5299825540114895e-07
109,117,0.4205065059788882,0.4205065087950035,2.8161152854089266e-09
109,122,0.4295396920401876,0.42953990529866554,2.1325847793240982e-07
109,130,0.4171014874412124,0.41710151944261553,3.2001403138526285e-08
109,143,0.42495967135070967,0.4249597983439263,1.2699321660925023e-07
110,76,0.4009013697628567,0.4010263860016034,0.0001250162387467224
110,89,0.4067668440178945,0.4075897892911137,0.0008229452732192444
110,97,0.42160384834347403,0.42175032421640796,0.0001464758729339266
110,102,0.40672005603113703,0.4079731948317418,0.0012531388006047917
110,118,0.42353504514705875,0.42366216732261935,0.00012712217556060112
110,123,0.4168008442224229,0.41832963770883835,0.0015287934864154362
110,131,0.41930476424216295,0.4201223838724948,0.0008176196303318339
110,144,0.4136910242448704,0.4149378932400608,0.0012468689951903866
111,77,0.4132999935684144,0.4133012918612272,1.2982928128124627e-06
111,90,0.4044080627858485,0.40440870767341724,6.448875687348199e-07
111,98,0.4167351600337396,0.4167395159145349,4.355880795281486e-06
111,103,0.4365475582054264,0.4365476671010496,1.0889562318538992e-07
111,119,0.43489235114330743,0.4349005078954676,8.156752160148883e-06
111,124,0.4293084199203066,0.4293086695420846,2.4962177797016594e-07
111,132,0.4123896265169918,0.4123928505332077,3.224016215885861e-06
111,145,0.43694197141343283,0.4369423775389535,4.061255206577741e-07
112,78,0.40827575598167964,0.40827575608311323,1.0143358375458433e-10
112,91,0.4234949260991961,0.423494926126277,2.7080893083564206e-11
112,99,0.42607439597002766,0.42607439624558757,2.755599082249205e-10
112,104,0.40205467643218284,0.4020546764375895,5.40667510762205e-12
112,120,0.4138976228841898,0.41389762343705994,5.528701385593138e-10
112,125,0.42958069513773256,0.4295806951473573,9.624745445080407e-12
112,133,0.42900380736124755,0.42900380749602485,1.3477730043121028e-10
112,146,0.41782043378867756,0.41782043380436057,1.568301044585496e-11
113,79,0.4305515646923293,0.4305515647329247,4.059541591772131e-11
113,92,0.4280257704639339,0.428025770828916,3.649821000983877e-10
113,100,0.403863701947663,0.403863701975949,2.8285984665643582e-11
113,105,0.4204520787218706,0.4204520803221356,1.600264976087118e-09
113,121,0.43271476715422386,0.4327147671708804,1.665656501614876e-11
113,126,0.4277038402737223,0.4277038413274602,1.053737874734395e-09
113,134,0.44005996351032617,0.4400599636437303,1.3340412108320265e-10
113,147,0.40624476160965145,0.40624476215289845,5.432470029376191e-10
114,80,0.4308194450165701,0.4309531754682403,0.0001337304516701998
114,93,0.40521488061812,0.4060680768059768,0.0008531961878567862
114,101,0.4033775281090245,0.4035300389991349,0.0001525108901104244
114,106,0.4245354485028512,0.42582049802222666,0.0012850495193754696
114,122,0.422122931754867,0.4222507740184355,0.000127842263568545
114,127,0.39251065631209936,0.3940919268857774,0.0015812705736780175
114,135,0.42110101615985723,0.4219325880048023,0.0008315718449450893
114,148,0.4282926763263976,0.4295737833169767,0.001281106990579095
115,81,0.4113350211588893,0.4116514403386053,0.00031641917971597655
115,94,0.41937016574911723,0.4196495269824129,0.00027936123329569407
115,102,0.42051411297769586,0.4213573444328049,0.0008432314551090614
115,107,0.42167592839047907,0.42172095601082316,4.5027620344084696e-05
115,123,0.44034439240656303,0.44137310489465287,0.0010287124880898335
115,128,0.40882267548757756,0.4089117205561566,8.904506857904115e-05
115,136,0.4364930682454535,0.43727746515790133,0.00078439691244786
115,149,0.40428122681146444,0.4043856797975743,0.00010445298610983755
116,82,0.41380710327885867,0.4138071033183935,3.95348198622969e-11
116,95,0.4255853701520117,0.4255853701584536,6.441902566933777e-12
116,103,0.40700809963827417,0.40700809977008523,1.3181106206516802e-10
116,108,0.41406049671807627,0.4140604967185751,4.988232049640828e-13
116,124,0.4243099613427353,0.42430996162745094,2.84715639953248e-10
116,129,0.41734271461322264,0.4173427146141205,8.978373600143641e-13
116,137,0.4404400274092338,0.4404400274443083,3.507449886086533e-11
116,150,0.42464172438654607,0.4246417243880702,1.5241141682054149e-12
117,83,0.4486206741465789,0.44862067415099355,4.414635323968241e-12
117,96,0.4083921549320959,0.4083921550338389,1.0174300291154736e-10
117,104,0.4260940665915954,0.4260940665955421,3.946731830239969e-12
117,109,0.43438751827809063,0.4343875191640039,8.859132871741338e-10
117,125,0.4340302280955214,0.4340302280994986,3.9772074522659295e-12
117,130,0.4170442468266642,0.4170442473927987,5.661345281460228e-10
117,138,0.4085144216618247,0.40851442169607005,3.4245328794924035e-11
117,151,0.44183633350141543,0.4418363337527342,2.513187435937425e-10
118,84,0.43093288439425936,0.4309338129852119,9.285909525202918e-07
118,97,0.4334143504437825,0.43342169594954777,7.345505765254945e-06
118,105,0.4214478152593757,0.42144859318684524,7.779274695529637e-07
118,110,0.4179989017776271,0.4180193750077122,2.047323008508295e-05
118,126,0.4094936300557317,0.40949411345004005,4.833943083593084e-07
118,131,0.4237005382063709,0.4237164908785813,1.5952672210439722e-05
118,139,0.43159511763294595,0.4315986386524069,3.52101946093919e-06
118,152,0.410872163714542,0.4108804075736,8.243859058010283e-06
119,85,0.39699514643238876,0.3973142878268536,0.00031914139446481693
119,98,0.4221192927248736,0.4224004388411287,0.00028114611625512653
119,106,0.43058931803142286,0.4314240336733802,0.000834715641957362
119,111,0.41747222846490734,0.4175168608908843,4.463242597696482e-05
119,127,0.43461466459946857,0.4356417887703697,0.001027124170901117
119,132,0.41811496981641494,0.41820061654433166,8.564672791672168e-05
119,140,0.4280169629710093,0.4287954235378382,0.0007784605668289535
119,153,0.4158497915645382,0.41595140460721297,0.00010161304267475302
120,86,0.4129983655189587,0.4129983980787686,3.2559809903798254e-08
120,99,0.4213074543498761,0.421307465247801,1.0897924895836297e-08
120,107,0.4282001689304511,0.428200246168059,7.723760792055501e-08
120,112,0.4221544256257287,0.42215442720745,1.5817213094848626e-09
120,128,0.4127479972894775,0.4127481295253797,1.3223590222821713e-07
120,133,0.42631637884666584,0.42631638192601645,3.0793506078374833e-09
120,141,0.42324872887208614,0.42324876618578283,3.731369668802387e-08
120,154,0.43321317432285156,0.4332131788229534,4.50010184671612e-09
121,87,0.4225874702562376,0.4225874702563865,1.488809076022335e-13
121,100,0.4065400233969447,0.40654002339823264,1.2879142197164128e-12
121,108,0.4319756460383202,0.43197564603845445,1.3422596367718143e-13
121,113,0.4298604450870124,0.4298604450937038,6.691425191718281e-12
121,129,0.4338422969351605,0.43384229693532583,1.653122083666858e-13
121,134,0.41712165279011076,0.41712165279380936,3.6985969842362465e-12
121,142,0.40908546072496343,0.40908546072531776,3.543276783091187e-13
121,155,0.43037987790129006,0.4303798779029073,1.6172618799714655e-12
122,88,0.39716123490208677,0.39716215039852154,9.154964347724004e-07
122,101,0.4239930846105813,0.424000577158769,7.4925481877152755e-06
122,109,0.4128705727087383,0.4128713386292992,7.659205609189534e-07
122,114,0.4105886690393648,0.4106093521206699,2.0683081305095108e-05
122,130,0.41237549194537637,0.4123759713275597,4.793821833382061e-07
122,135,0.435969906834647,0.4359859330211051,1.6026186458129033e-05
122,143,0.4279472038074518,0.4279506634717073,3.4596642554673984e-06
122,156,0.4142238097763713,0.41423235585512647,8.546078755167219e-06
123,89,0.4080433349154464,0.4217731971920352,0.013729862276588789
123,102,0.4096746237206873,0.4856659137862242,0.0759912900655369
123,110,0.4100262323276054,0.43068610919153744,0.02065987686393206
123,115,0.43351676671216494,0.4475870938362429,0.014070327124077964
123,131,0.4111342166134722,0.424795461943125,0.013661245329652794
123,136,0.40050647179610543,0.4208950580875783,0.020388586291472888
123,144,0.3998454197338708,0.4757085915087059,0.07586317177483515
123,157,0.40552855225318446,0.4193808977746635,0.013852345521479015
124,90,0.4342273645074629,0.43422739522378145,3.0716318544232735e-08
124,103,0.42663319264798527,0.4266332013822498,8.734264533849512e-09
124,111,0.4043810604436308,0.40438113762328953,7.717965871956167e-08
124,116,0.42294027050608546,0.42294027140812757,9.02042107675527e-10
124,132,0.42610671003687667,0.4261068399591578,1.2992228115571436e-07
124,137,0.41250081044848375,0.41250081222950713,1.7810233843285062e-09
124,145,0.409899002632107,0.40989903386411564,3.123200864596498e-08
124,158,0.4353430739251963,0.4353430765549412,2.629744921822663e-09
125,91,0.4335920360424235,0.4335920360439684,1.5448753387659053e-12
125,104,0.4049460314095431,0.40494603141010665,5.635492072997295e-13
125,112,0.422217207641282,0.42221720764502657,3.744560217455728e-12
125,117,0.4195428342498527,0.4195428342574718,7.61907203994383e-12
125,133,0.380966631368604,0.38096663137538533,6.781353256712919e-12
125,138,0.40840168039418995,0.4084016803981034,3.913425139501214e-12
125,146,0.41356968465100347,0.4135696846523515,1.348032796499865e-12
125,159,0.4343298956186543,0.43432989562010854,1.4542256288052613e-12
126,92,0.42458472687058,0.42458473118609497,4.315514945396615e-09
126,105,0.4262354269213722,0.42623546286399827,3.5942626097629216e-08
126,113,0.42845107229148827,0.42845107522331743,2.9318291683289033e-09
126,118,0.41550057303744403,0.41550070097588104,1.279384370111991e-07
126,134,0.42272638364635734,0.4227263851508129,1.5044555601306797e-09
126,139,0.40832480396004606,0.4083248808669992,7.690695313922191e-08
126,147,0.41578449213813373,0.41578450301996595,1.0881832213094356e-08
126,160,0.4199218025318441,0.4199218335048356,3.0972991504896186e-08
127,93,0.4146411279445613,0.4288684691189765,0.014227341174415209
127,106,0.43109689942013113,0.5085614828300796,0.0774645834099485
127,114,0.43288105854077275,0.4540073075488467,0.021126249008073972
127,119,0.4275325582055056,0.4414421196868643,0.01390956148135869
127,135,0.4127624414734893,0.4265360693743086,0.013773627900819319
127,140,0.4326857153104724,0.45352158197296794,0.02083586666249554
127,148,0.4207267192765285,0.49809976633404945,0.07737304705752096
127,161,0.4177107592988817,0.43181896136930115,0.014108202070419462
128,94,0.4330460606080187,0.4330546162267771,8.555618758399053e-06
128,107,0.4373736372527895,0.43737710624162995,3.4689888404604297e-06
128,115,0.4156523509407996,0.4156687521455367,1.640120473711537e-05
128,120,0.40654359046060934,0.4065440898482981,4.993876887571247e-07
128,136,0.4482412029693758,0.44826168989540016,2.0486926024354535e-05
128,141,0.42626748822078026,0.4262682844527111,7.962319308330024e-07
128,149,0.412846278514899,0.4128538562716861,7.5777567870582985e-06
128,162,0.40827250468379755,0.4082734373166115,9.326328139214191e-07
129,95,0.42776357238883184,0.4277635723888981,6.628031457012185e-14
129,108,0.43012685048116694,0.43012685048117116,4.218847493575595e-15
129,116,0.4119918255866779,0.4119918255868636,1.8568480086855743e-13
129,121,0.4186971635529474,0.41869716355296593,1.8540724511240114e-14
129,137,0.4170189551991703,0.417018955199537,3.667066650336892e-13
129,142,0.4259679264174631,0.4259679264174735,1.0380585280245214e-14
129,150,0.42427019975689606,0.42427019975690783,1.176836406102666e-14
129,163,0.4256981590987913,0.4256981590987936,2.3314683517128287e-15
130,96,0.42882566252933896,0.42882566521220655,2.6828675947498937e-09
130,109,0.42485844815789203,0.4248584795795121,3.142162008362703e-08
130,117,0.39099690724848435,0.390996909002836,1.7543516639406675e-09
130,122,0.41726692751419836,0.41726705955621857,1.3204202020666855e-07
130,138,0.4162704813193632,0.41627048221459073,8.952275587503777e-10
130,143,0.43410385912917604,0.43410393780124107,7.86720650292061e-08
130,151,0.43359793505607414,0.43359794362107484,8.565000708671278e-09
130,164,0.41935547787485217,0.4193555101104904,3.2235638214306306e-08
131,97,0.39483202302176046,0.39493091157782123,9.888855606077218e-05
131,110,0.41692441527520063,0.41769489187174014,0.0007704765965395044
131,118,0.4070681459997218,0.40715395908617263,8.581308645083663e-05
131,123,0.4172779611698327,0.41827594444416827,0.0009979832743355899
131,139,0.43330275777119304,0.4333476966561599,4.493888496687193e-05
131,144,0.42033478544075337,0.4211487350539017,0.0008139496131483459
131,152,0.3933337832178961,0.3935980418599223,0.0002642586420262272
131,165,0.4219820919833652,0.42229133502563193,0.00030924304226670474
132,98,0.40595708681505843,0.4059656450154934,8.558200434993779e-06
132,111,0.4111257761045318,0.4111292032620426,3.427157510782486e-06
132,119,0.41352474631717695,0.41354079415243317,1.6047835256216558e-05
132,124,0.4136531083894723,0.4136535799271626,4.7153769033858595e-07
132,140,0.425248633421038,0.42526900338726265,2.0369966224620395e-05
132,145,0.4366528687269139,0.43665363628417153,7.67557257641549e-07
132,153,0.4192975716176485,0.4193049717492589,7.400131610380001e-06
132,166,0.4205616746573161,0.4205625690423196,8.943850035025847e-07
133,99,0.39172168847464456,0.391721689024051,5.494064647670882e-10
133,112,0.4136946760515014,0.4136946761918811,1.4037970785807374e-10
133,120,0.41855168779970636,0.4185516889043806,1.1046742409703825e-09
133,125,0.41598422119905415,0.4159842212175704,1.851624409354713e-11
133,141,0.42680739143962826,0.4268073931033153,1.6636870214803423e-09
133,146,0.3982935027973301,0.39829350282758086,3.025074635232272e-11
133,154,0.43917251387948325,0.439172514261088,3.816047478011342e-10
133,167,0.43250107302414753,0.43250107306525254,4.110500828602426e-11
134,100,0.40197455028209406,0.4019745502967402,1.4646117652006296e-11
134,113,0.4382978547335409,0.4382978548614583,1.2791739889550513e-10
134,121,0.4223035745028234,0.42230357451145656,8.633149750636449e-12
134,126,0.43436564142245193,0.4343656419488627,5.264107483249347e-10
134,142,0.42301107621964074,0.42301107622346595,3.825217920194746e-12
134,147,0.4162479736330717,0.41624797390499885,2.719271474660445e-10
134,155,0.41788958127569265,0.4178895813032921,2.7599478258366617e-11
134,168,0.42199012263951946,0.42199012273368564,9.416617485769052e-11
135,101,0.44951204192384164,0.44961368789648737,0.00010164597264572528
135,114,0.43669467552457314,0.43747553209932283,0.0007808565747496887
135,122,0.4075471374881901,0.4076323442874754,8.520679928530894e-05
135,127,0.4320786745559112,0.433095494997008,0.0010168204410967996
135,143,0.4294554514764516,0.4294998221387589,4.4370662307335884e-05
135,148,0.4263931302695726,0.42721693696925006,0.0008238066996774651
135,156,0.4054289636463945,0.40570566591226126,0.0002767022658667351
135,169,0.4124003771130378,0.4127303088423842,0.0003299317293464221
136,102,0.42917588204204077,0.43041218815146787,0.0012363061094270988
136,115,0.42333162402403524,0.4241595889344662,0.0008279649104309672
136,123,0.42349990099048096,0.42500815821108934,0.0015082572206083777
136,128,0.4176488585561284,0.4177754869236287,0.00012662836750032547
136,144,0.40893932325100946,0.4101694437524856,0.0012301205014761396
136,149,0.4319566016841527,0.43210514528123994,0.0001485435970872695
136,157,0.41294629140514905,0.4137607795509481,0.0008144881457990416
136,170,0.4080832215686712,0.40820602894748836,0.00012280737881714687
137,103,0.41266186342431427,0.4126618636890531,2.6473884195965525e-10
137,116,0.41252104508606346,0.41252104512196974,3.59062779509145e-11
137,124,0.4449545596836246,0.44495456025545665,5.718320816860967e-10
137,129,0.4183842124869781,0.41838421248878105,1.802946680840023e-12
137,145,0.41801343969366667,0.4180134406054629,9.117962496141274e-10
137,150,0.4195754363110513,0.4195754363141134,3.0621061242186443e-12
137,158,0.42315336531940256,0.4231533654231361,1.0373352177239781e-10
137,171,0.4227695856827251,0.4227695856870534,4.328315483803635e-12
138,104,0.40411666061196155,0.4041166606139562,1.9946266860415562e-12
138,117,0.4108110015715249,0.41081100160531614,3.3791247577852346e-11
138,125,0.42974088236340924,0.42974088236542773,2.018496481070997e-12
138,130,0.4236717250538103,0.42367172534269165,2.888813632750953e-10
138,146,0.41800818387774846,0.41800818388016825,2.41978659332176e-12
138,151,0.4083873437393789,0.4083873438674905,1.2811157690251207e-10
138,159,0.41482478599436123,0.4148247860006433,6.282085962538986e-12
138,172,0.4263707997584994,0.42637079979772996,3.9230563242398375e-11
139,105,0.4199157910918826,0.41991620830832377,4.172164411730961e-07
139,118,0.40093106639487996,0.4009343683756774,3.3019807974543625e-06
139,126,0.4148136966545512,0.41481395619851796,2.595439667629762e-07
139,131,0.42432881406194106,0.4243369522982601,8.138236319010783e-06
139,147,0.4303814949630706,0.4303816120360552,1.1707298458452087e-07
139,152,0.4104554920531988,0.41045970452779923,4.212474600417959e-06
139,160,0.4252238548367654,0.4252245032012192,6.483644537924604e-07
139,173,0.41158882191849333,0.4115900785465477,1.2566280543913066e-06
140,106,0.4176230237667607,0.4188901761980314,0.001267152431270735
140,119,0.42573975166951594,0.4265669237656464,0.0008271720961304796
140,127,0.433140145812364,0.434699395280678,0.001559249468314039
140,132,0.41104104377659184,0.41116664029859207,0.00012559652200022642
140,148,0.4222522178715454,0.42351548272591366,0.0012632648543682845
140,153,0.42054860777344555,0.4206976132126798,0.00014900543923423992
140,161,0.40958283673738916,0.4104185725585893,0.0008357358212001675
140,174,0.431929093256571,0.4320576268119925,0.00012853355542152833
141,107,0.4379471694063784,0.43794729415582023,1.2474944183216152e-07
141,120,0.42067473467272404,0.4206747729973299,3.8324605877715356e-08
141,128,0.4059501326729575,0.4059503463840268,2.137110692856936e-07
141,133,0.419649223246979,0.4196492281144945,4.867515501771891e-09
141,149,0.4387186363421532,0.43871888562563355,2.4928348035802017e-07
141,154,0.42086174695863887,0.4208617540751043,7.11646541695643e-09
141,162,0.4071774097986466,0.4071774790678857,6.9269239122427e-08
141,175,0.41832113905817825,0.4183211470215276,7.963349368811379e-09
142,108,0.399829960932126,0.3998299609321855,5.945244296867713e-14
142,121,0.41719469102962975,0.41719469102996704,3.3728575488112256e-13
142,129,0.42614745385215563,0.4261474538522295,7.388534228880417e-14
142,134,0.4262094320624994,0.42620943206407846,1.5790702079243601e-12
142,150,0.4195815064016822,0.419581506401792,1.0980105713542798e-13
142,155,0.44999847284726396,0.44999847284795585,6.918909889463976e-13
142,163,0.42009220750186765,0.42009220750192455,5.689893001203927e-14
142,176,0.42948278611343066,0.42948278611365254,2.2187807147133753e-13
143,109,0.4065408317274498,0.40654123688511307,4.051576632524423e-07
143,122,0.4308648775623071,0.4308681260051775,3.2484428703627444e-06
143,130,0.4343814010813399,0.4343816547976501,2.537163102389606e-07
143,135,0.4137191273990353,0.4137272605738122,8.133174776880914e-06
143,151,0.41422766609095524,0.4142277716351614,1.0554420615260796e-07
143,156,0.40109544105381256,0.4010997840489494,4.342995136852323e-06
143,164,0.43113849059265374,0.4311391586560123,6.680633585776086e-07
143,177,0.4337615573389535,0.433762907465729,1.350126775490068e-06
144,110,0.41728995564995713,0.4375679737419762,0.020278018092019068
144,123,0.41530529761524826,0.49733645822615496,0.0820311606109067
144,131,0.42073391494017076,0.43412921790005593,0.01339530295988517
144,136,0.41196030443812887,0.43197156034634604,0.020011255908217174
144,152,0.39552947428636404,0.40199331327397786,0.006463838987613824
144,157,0.43883713133244506,0.4524209043751698,0.013583773042724734
144,165,0.4127560979379541,0.4195241529395283,0.006768055001574236
144,178,0.4070705264263256,0.413604197092911,0.006533670666585445
145,111,0.4308343349911325,0.43083446190496505,1.2691383255436506e-07
145,124,0.4018711851118466,0.4018712169129584,3.180111179945655e-08
145,132,0.42536914690839295,0.42536936066349873,2.13755105782365e-07
145,137,0.42382865465411407,0.42382865756660115,2.9124870848384887e-09
145,153,0.4235634797924174,0.42356373299859634,2.532061789684015e-07
145,158,0.4267752049895788,0.4267752092900986,4.300519773625666e-09
145,166,0.4333373166110031,0.4333373760349025,5.9423899412269776e-08
145,179,0.4114293546529198,0.411429359805063,5.1521432120615884e-09
146,112,0.41441060455096823,0.41441060455764606,6.677824959666623e-12
146,125,0.42205394962388926,0.42205394962543286,1.5435985822875864e-12
146,133,0.4389898386393033,0.4389898386514089,1.210559430475655e-11
146,138,0.4347950612494334,0.43479506125618733,6.753930748004677e-12
146,154,0.4192557928315753,0.4192557928485884,1.70130576293559e-11
146,159,0.42809307888970033,0.4280930788922098,2.5094926137114726e-12
146,167,0.4296302373313894,0.4296302373345788,3.1893931939919185e-12
146,180,0.431438395406832,0.43143839540773377,9.017786517517834e-13
147,113,0.43198082874593896,0.43198083009491633,1.3489773742492162e-09
147,126,0.4395267079342466,0.43952671809115357,1.0156906982139446e-08
147,134,0.4171906763361595,0.4171906770298987,6.937391772154911e-10
147,139,0.4023231974541681,0.40232323080937343,3.335520531999592e-08
147,155,0.4308991395283699,0.43089913979647143,2.6810154096779115e-10
147,160,0.4045910347672404,0.40459104826939474,1.3502154339040118e-08
147,168,0.4257085039145561,0.4257085053538769,1.4393207736773661e-09
147,181,0.4271071374234794,0.4271071409473682,3.5238887918787043e-09
148,114,0.43536126218595383,0.45607544908982256,0.020714186903868725
148,127,0.41850910675746233,0.5024952279123268,0.08398612115486448
148,135,0.41207245248118746,0.42556231752571655,0.013489865044529092
148,140,0.4145888422037663,0.4350179864745283,0.02042914427076198
148,156,0.41427063314252327,0.4211153715423933,0.006844738399870043
148,161,0.41565805120569904,0.42947691440521973,0.013818863199520692
148,169,0.4423040197965975,0.4497067079933126,0.007402688196715079
148,182,0.41082076752992824,0.4176447037691116,0.00682393623918337
149,115,0.41320618360827616,0.4132254197420776,1.9236133801447952e-05
149,128,0.40428061418375705,0.404288199729032,7.585545274968464e-06
149,136,0.42225305583895245,0.4222770827625937,2.402692364122938e-05
149,141,0.41933426732478746,0.41933520097045107,9.336456636144241e-07
149,157,0.4234652801392347,0.4234841970676378,1.89169284031121e-05
149,162,0.4271473025835374,0.4271483961896914,1.0936061540234299e-06
149,170,0.42877353213347036,0.42878090336426233,7.371230791974881e-06
149,183,0.4103503353818734,0.4103512492489215,9.13867048146777e-07
150,116,0.4158519259327097,0.415851925932782,7.227551890309769e-14
150,129,0.41538036974498893,0.41538036974499226,3.3306690738754696e-15
150,137,0.4098826909203126,0.4098826909204552,1.4260814751310136e-13
150,142,0.41232951107699034,0.41232951107699195,1.609823385706477e-15
150,158,0.43527504546473567,0.43527504546494655,2.1088686352754848e-13
150,163,0.4159690101533325,0.4159690101533325,0.0
150,171,0.41453343154951616,0.41453343154952244,6.2727600891321345e-15
150,184,0.42988895400454447,0.42988895400454447,0.0
151,117,0.4211661334352201,0.4211661341526174,7.173973082252871e-10
151,130,0.426990484450344,0.42699049250128857,8.050944577675523e-09
151,138,0.4234066801316538,0.42340668049780045,3.661466685400683e-10
151,143,0.4272749205430533,0.427274952041987,3.149893368359358e-08
151,159,0.4191460497824624,0.419146049914062,1.3159962009012816e-10
151,164,0.4065516352029622,0.4065516481426033,1.2939641080844666e-08
151,172,0.4002727037832117,0.40027270480221633,1.0190046029201483e-09
151,185,0.4146503441394757,0.4146503470355149,2.8960391862398183e-09
152,118,0.42006639449504773,0.4201079781751695,4.15836801217484e-05
152,131,0.43835857737148387,0.438619551776298,0.00026097440481415157
152,139,0.42136398352997523,0.421385775629943,2.1792099967776757e-05
152,144,0.4066436769422733,0.40703610010692004,0.0003924231646467158
152,160,0.415416309175484,0.415423445260225,7.136084741010684e-06
152,165,0.41656727019409656,0.4167165421023237,0.000149271908227111
152,173,0.40449339944014095,0.40450754966254104,1.4150222400088897e-05
152,186,0.4098801484581138,0.40990031182483266,2.016336671883945e-05
153,119,0.41206266997755153,0.4120816885525206,1.9018574969054125e-05
153,132,0.43501532557995326,0.43502271780071144,7.3922207581844646e-06
153,140,0.4347062883883414,0.4347304257571093,2.4137368767884748e-05
153,145,0.4080567618243421,0.4080576730740966,9.11249754542709e-07
153,161,0.4092087454156785,0.4092278474225665,1.910200688803876e-05
153,166,0.4179521262421264,0.41795318805674303,1.0618146166208042e-06
153,174,0.4262363771558112,0.4262439246441891,7.547488377890321e-06
153,187,0.4314052768623716,0.43140619112894013,9.142665685080154e-07
154,120,0.4093252546958643,0.4093252563340162,1.6381518919139637e-09
154,133,0.4159472930695812,0.41594729345985926,3.9027803211411083e-10
154,141,0.41057870605117236,0.41057870851952355,2.4683511901102406e-09
154,146,0.4266118927735824,0.42661189281756867,4.3986259079531465e-11
154,162,0.4141080385617284,0.41410804137856366,2.816835265040396e-09
154,167,0.41030356641366256,0.4103035664734471,5.978456618649375e-11
154,175,0.41801194806900577,0.41801194869840896,6.294031962283952e-10
154,188,0.4134973436259783,0.41349734370240093,7.64226459892825e-11
155,121,0.43333902335784835,0.43333902336123226,3.383904267906246e-12
155,134,0.42992951838159016,0.4299295184071652,2.5575042084113875e-11
155,142,0.42392842840745726,0.423928428408962,1.504740776425706e-12
155,147,0.4083971975463614,0.4083971976461891,9.982770166061528e-11
155,163,0.4118730236944049,0.41187302369491746,5.125344593182035e-13
155,168,0.39863955450693195,0.3986395545417799,3.484795785269057e-11
155,176,0.4424070958360829,0.4424070958388872,2.804312337900683e-12
155,189,0.4027698370127351,0.4027698370213338,8.598677325721837e-12
156,122,0.42985311121993175,0.4298964165381459,4.330531821417072e-05
156,135,0.433835164718853,0.434110325910455,0.0002751611916020358
156,143,0.41535813080547695,0.41538069216309964,2.256135762268574e-05
156,148,0.41799373220218095,0.4184119562763234,0.000418224074142437
156,164,0.42078051868857563,0.42078838914972716,7.870461151526786e-06
156,169,0.4230165807220797,0.42318396010181963,0.00016737937973992922
156,177,0.43135616719944053,0.4313724962187078,1.6329019267291578e-05
156,190,0.41536749211885376,0.4153905013534829,2.3009234629112196e-05
157,123,0.43341295469197955,0.43442595187655286,0.0010129971845733166
157,136,0.41453213835378033,0.41530439004168324,0.0007722516879029029
157,144,0.42419515884021153,0.4250213538281294,0.0008261949879178609
157,149,0.42324970418993657,0.42335250918552253,0.0001028049955859589
157,165,0.432221993183348,0.43253548637268663,0.0003134931893386539
157,170,0.42175579063795116,0.42184079118083195,8.500054288079761e-05
157,178,0.41241343277024145,0.412684033803122,0.0002706010328805686
157,191,0.40383434639951055,0.4038775005347963,4.315413528577228e-05
158,124,0.4252531586594625,0.42525315951045317,8.509906668230371e-10
158,137,0.39999773924668225,0.39999773935153776,1.0485551316108399e-10
158,145,0.40531531876964066,0.40531532012655963,1.3569189660778136e-09
158,150,0.43117770322214966,0.43117770322670673,4.557076938027649e-12
158,166,0.40718560690362143,0.4071856084724862,1.5688647603262496e-09
158,171,0.407437605192624,0.4074376051990659,6.441902566933777e-12
158,179,0.40300599621766586,0.40300599640247775,1.848118880154459e-10
158,192,0.42531422518391904,0.42531422520019024,1.627120660430137e-11
159,125,0.4145932490361929,0.4145932490369244,7.315259509255156e-13
159,138,0.4197552761873067,0.41975527619349606,6.189382339982785e-12
159,146,0.41229086568620105,0.41229086568708906,8.880118862464315e-13
159,151,0.4194579157757077,0.4194579158231261,4.7418402537857673e-11
159,167,0.4181583003308336,0.418158300331935,1.1013967515793865e-12
159,172,0.3979456533206051,0.3979456533350343,1.442918007299454e-11
159,180,0.40087011260302335,0.40087011260368693,6.635803018184561e-13
159,193,0.39735749784826496,0.39735749785034097,2.0760060337465802e-12
160,126,0.4357545632085771,0.43575465095435845,8.774578136305777e-08
160,139,0.40138390353642045,0.4013844990172322,5.954808117714094e-07
160,147,0.43794471034821697,0.43794475010580747,3.9757590497568884e-08
160,152,0.41862305637418273,0.41862439371470717,1.337340524432129e-06
160,168,0.4220882007089515,0.42208821124541646,1.0536464978283533e-08
160,173,0.4274545930071816,0.4274550020028183,4.089956366915004e-07
160,181,0.4097509622436022,0.4097509899393722,2.7695770010716103e-08
160,194,0.41651988619968183,0.41651994080432636,5.4604644528222224e-08
161,127,0.3861369127438314,0.3871796568214502,0.0010427440776188401
161,140,0.4225092530610461,0.42329887603997274,0.0007896229789266518
161,148,0.40785631134535455,0.40870112073805076,0.0008448093926962108
161,153,0.4050150618591853,0.40511798107088737,0.0001029192117020794
161,169,0.4435688310062447,0.44390669636205343,0.0003378653558087086
161,174,0.41098099496978396,0.41106976499752734,8.877002774337894e-05
161,182,0.4188070802951681,0.4190906367622336,0.0002835564670655155
161,195,0.41618949846421893,0.4162354661816904,4.596771747145123e-05
162,128,0.42146424559006074,0.4214644977576665,2.5216760574098274e-07
162,141,0.4376498513085501,0.4376499215037548,7.01952047044152e-08
162,149,0.4242934780990609,0.42429377224904036,2.9414997948506993e-07
162,154,0.41844521662372347,0.418445224924956,8.301232534702052e-09
162,170,0.4381332641290851,0.43813350991350997,2.4578442486822283e-07
162,175,0.4169651999248911,0.41696520921377456,9.288883440206064e-09
162,183,0.4337884835115094,0.43378855261344335,6.91019339527088e-08
162,196,0.42106317356438366,0.4210631824887138,8.924330163750938e-09
163,129,0.3856437530420991,0.3856437530421256,2.653433028854124e-14
163,142,0.3989111085849415,0.3989111085849917,5.0182080713057076e-14
163,150,0.41155112856021614,0.4115511285602543,3.813616089587413e-14
163,155,0.3915943402914467,0.3915943402916614,2.1471713296250527e-13
163,171,0.42491169217212404,0.4249116921721778,5.3734794391857577e-14
163,176,0.4064578573776307,0.4064578573777012,7.049916206369744e-14
163,184,0.4134285179954913,0.413428517995497,5.717648576819556e-15
163,197,0.4165382976032264,0.41653829760327393,4.75175454539567e-14
164,130,0.4166860160832885,0.41668610607686524,8.9993576757319e-08
164,143,0.4177299032093799,0.41773052362412794,6.204147480204369e-07
164,151,0.40073598271843713,0.40073602023020644,3.751176930189004e-08
164,156,0.413294418381762,0.4132958918648329,1.4734830708906799e-06
164,172,0.4087992275838142,0.40879923805823826,1.0474424050332942e-08
164,177,0.4100353019562223,0.4100357701958609,4.6823963861797324e-07
164,185,0.40967962752961057,0.4096796583422612,3.0812650653189166e-08
164,198,0.4119317849300887,0.41193185787521536,7.294512666122799e-08
165,131,0.4048088967328129,0.40508305314004306,0.0002741564072301639
165,144,0.3969706666680618,0.39737107491410506,0.0004004082460432601
165,152,0.43163735571238865,0.43177152694640164,0.0001341712340129919
165,157,0.41965610758527366,0.4199327635947081,0.00027665600943443946
165,173,0.4221024120394418,0.42211797361976006,1.556158031823518e-05
165,178,0.4155994441086138,0.4157349381251459,0.00013549401653206727
165,186,0.4240516261128804,0.42407370950494827,2.2083392067884233e-05
165,199,0.40621368882241904,0.4062292621362542,1.557331383517102e-05
166,132,0.4408788526486782,0.4408791027718331,2.5012315491013126e-07
166,145,0.4076098232862457,0.4076098831237881,5.983754242100403e-08
166,153,0.4092208527050331,0.40922114899552586,2.9629049275170516e-07
166,158,0.41946288758006295,0.4194628925993439,5.019280935325554e-09
166,174,0.42004481225619344,0.4200450667797569,2.545235634476839e-07
166,179,0.42129453214163515,0.42129453815489365,6.0132585022465435e-09
166,187,0.42868408069191044,0.4286841408981984,6.020628795511129e-08
166,200,0.39252538291816647,0.39252539716602713,1.424786066905881e-08
167,133,0.41327874776716644,0.4132787477839021,1.6735668406653303e-11
167,146,0.42833713461135275,0.42833713461463835,3.2855940190756883e-12
167,154,0.41347784517302255,0.4134778451965412,2.351863148675193e-11
167,159,0.4152374574115856,0.41523745741505214,3.4665603720895888e-12
167,175,0.41330967148258335,0.4133096715090129,2.6429525235016627e-11
167,180,0.41680681390022745,0.41680681390147434,1.2468914789565133e-12
167,188,0.4135239778957439,0.41352397790131146,5.567546423890235e-12
167,201,0.42958668098687275,0.42958668098931907,2.446320923610301e-12
168,134,0.43418596408449245,0.4341859642753761,1.9088364222596965e-10
168,147,0.42495696543084055,0.42495696667373184,1.2428912898876376e-09
168,155,0.4178856841995794,0.41788568427403744,7.445805083605705e-11
168,160,0.40744242371209416,0.4074424270014764,3.289382266569163e-09
168,176,0.41488554941506184,0.4148855494327128,1.7650936268154283e-11
168,181,0.43761055322077297,0.4376105541279076,9.071346451783313e-10
168,189,0.4207482983163782,0.42074829837496475,5.858652452062074e-11
168,202,0.40882235134755474,0.40882235154069624,1.9314150279114983e-10
169,135,0.4169050790838832,0.41720358341831776,0.00029850433443456836
169,148,0.4222082621730936,0.4226504763501438,0.00044221417705020416
169,156,0.430121363261808,0.43027380110138236,0.00015243783957435975
169,161,0.40537085737969447,0.4056749321846001,0.00030407480490562966
169,177,0.4185372853820398,0.4185557071102752,1.8421728235351598e-05
169,182,0.41311227528955535,0.4132648152083876,0.0001525399188322396
169,190,0.4261264971161076,0.42615238126568195,2.588414957432894e-05
169,203,0.41495075347221083,0.4149666010188051,1.5847546594283113e-05
170,136,0.4125616750314451,0.4125815270980574,1.9852066612313646e-05
170,149,0.4054318431976931,0.40543919090123304,7.34770353993941e-06
170,157,0.42076339987910194,0.4207790300943005,1.5630215198569886e-05
170,162,0.4250698802828157,0.42507078552954036,9.052467246362106e-07
170,178,0.41533776397917144,0.41534587489378016,8.110914608727704e-06
170,183,0.4241450744688841,0.4241458309766468,7.565077627114114e-07
170,191,0.42329911215757704,0.4233023759431072,3.2637855301720364e-06
170,204,0.40599163481413536,0.4059921321698242,4.973556888554498e-07
171,137,0.39447750680911603,0.3944775068091632,4.718447854656915e-14
171,150,0.4033862490341503,0.40338624903415143,1.1102230246251565e-15
171,158,0.4185110524097768,0.41851105240984676,6.994405055138486e-14
171,163,0.4420648145026198,0.4420648145026198,0.0
171,179,0.40883804909751664,0.4088380490976002,8.354428260304303e-14
171,184,0.40888191255186307,0.40888191255186307,0.0
171,192,0.3883383064414173,0.38833830644142325,5.9396931817445875e-15
171,205,0.43058732888095297,0.4305873288809564,3.4416913763379853e-15
172,138,0.42543559536900455,0.4254355954679551,9.895056996001017e-11
172,151,0.42018452828610003,0.4201845292119388,9.25838739007645e-10
172,159,0.4181810936748253,0.4181810937104075,3.558220385002642e-11
172,164,0.42600317202932186,0.42600317543256694,3.403245074640182e-09
172,180,0.4269136626658478,0.42691366267635433,1.0506540082388938e-11
172,185,0.4152653630449335,0.4152653638178226,7.728890860647653e-10
172,193,0.419726212320667,0.4197262123529381,3.227113021253558e-11
172,206,0.4237770504031319,0.42377705051733044,1.1419853951366576e-10
173,139,0.41378643012167565,0.4137876134860487,1.1833643730474463e-06
173,152,0.4151843975185709,0.41518706322749305,2.665708922156007e-06
173,160,0.4145732059117381,0.41457362592524805,4.200135099718949e-07
173,165,0.41914075172641435,0.4191442780762195,3.5263498051607556e-06
173,181,0.3870871887671249,0.3870872430423721,5.427524718548682e-08
173,186,0.43137108665024493,0.43137216773366605,1.0810834211172349e-06
173,194,0.403653316813067,0.4036534240214913,1.0720842430478328e-07
173,207,0.423216410613818,0.423216532367809,1.2175399100033957e-07
174,140,0.398751405458733,0.3987722730357849,2.0867577051886244e-05
174,153,0.44243491462029155,0.4424424894771313,7.5748568397204785e-06
174,161,0.41767758975181185,0.4176941005094059,1.651075759406817e-05
174,166,0.4116663253126026,0.41166723996988036,9.146572777507522e-07
174,182,0.4150192435965486,0.41502799914363536,8.755547086736204e-06
174,187,0.422821166425955,0.4228219539657128,7.875397577961074e-07
174,195,0.4206792046052878,0.42068276367046076,3.5590651729644485e-06
174,208,0.41571299843349635,0.41571351388007527,5.154465789192209e-07
175,141,0.42584115189539923,0.4258411546517403,2.756341044296562e-09
175,154,0.4165849418890054,0.41658494251671896,6.277135478072182e-10
175,162,0.42490586432069904,0.4249058674660807,3.1453816773385768e-09
175,167,0.41197338736885614,0.4119733874357954,6.693928744638811e-11
175,183,0.4182549556914426,0.418254958430213,2.738770377153088e-09
175,188,0.4342338585363533,0.43423385862191954,8.556622077549036e-11
175,196,0.4051679946672178,0.4051679953421829,6.749650838244747e-10
175,209,0.44137920775852135,0.4413792079787294,2.2020807399769637e-10
176,142,0.42743479403934354,0.4274347940397082,3.6465275243813267e-13
176,155,0.4205206385419867,0.4205206385442876,2.300937218535637e-12
176,163,0.43133006446693484,0.431330064467061,1.2617684674864904e-13
176,168,0.4220900455975361,0.422090045604712,7.175926519664699e-12
176,184,0.40169463796276283,0.40169463796280375,4.091171845743702e-14
176,189,0.41471496512988015,0.41471496513179223,1.912081604160676e-12
176,197,0.4026685516580484,0.4026685516583933,3.4494629375103614e-13
176,210,0.4125905301934705,0.41259053019406683,5.963562976774028e-13
177,143,0.4052066266073058,0.4052079175806971,1.2909733912991328e-06
177,156,0.4174312956697463,0.4174343798570294,3.084187283119988e-06
177,164,0.411946248351349,0.41194673069178483,4.823404358145211e-07
177,169,0.42195951708637425,0.42196361037233865,4.093285964401616e-06
177,185,0.4152031767543808,0.4152032402856379,6.353125708846719e-08
177,190,0.40771774550618467,0.40771904509360496,1.2995874202892388e-06
177,198,0.4142192273692541,0.4142193778925494,1.505232953280533e-07
177,211,0.43174569163972937,0.4317458299033675,1.3826363814972709e-07
178,144,0.4141523056094949,0.4145489879632764,0.00039668235378148564
178,157,0.4029706776968973,0.4032369299927066,0.00026625229580928833
178,165,0.4347156966546095,0.4348665779437917,0.0001508812891821698
178,170,0.4209660885868078,0.4210072051634988,4.1116576691035966e-05
178,186,0.41671199422034866,0.4167323688430238,2.0374622675123355e-05
178,191,0.4123246661675795,0.4123455568199709,2.08906523914143e-05
178,199,0.427018959553023,0.427033270899368,1.4311346344997311e-05
178,212,0.41805846243359657,0.41806484178727,6.379353673424681e-06
179,145,0.4085036588433701,0.4085036604722702,1.6289001258940061e-09
179,158,0.41251628281765707,0.4125162830029813,1.853242559413104e-10
179,166,0.4448250259436698,0.4448250278269975,1.883327716001304e-09
179,171,0.4144053489260298,0.41440534893376274,7.73292541111914e-12
179,187,0.43523958871324786,0.4352395903561631,1.6429152482899667e-09
179,192,0.4280904394687764,0.42809043948830894,1.9532542250288998e-11
179,200,0.41271199499830197,0.41271199542970144,4.3139947170089954e-10
179,213,0.40212575216955165,0.4021257522252538,5.5702165102644585e-11
180,146,0.4360340717654705,0.4360340717658209,3.503863865716994e-13
180,159,0.42447393923768906,0.42447393923847304,7.839839888390543e-13
180,167,0.41863078620284144,0.41863078620328537,4.4392267639636884e-13
180,172,0.41821462175206997,0.4182146217577732,5.703215677499429e-12
180,188,0.4189292208348107,0.4189292208353618,5.511147094239277e-13
180,193,0.4425585827357241,0.4425585827364359,7.117639810871879e-13
180,201,0.3970344068292671,0.39703440682954344,2.7633451082920146e-13
180,214,0.4263977735951685,0.42639777359532616,1.5765166949677223e-13
181,147,0.4116902322599603,0.41169023559778734,3.3378270147821354e-09
181,160,0.42136515941137814,0.4213651685141632,9.102785081260834e-09
181,168,0.42290306902681307,0.42290307002281396,9.960008928722175e-10
181,173,0.4140905014736012,0.4140905178648619,1.6391260682091513e-08
181,189,0.42297760520325595,0.42297760535191864,1.4866269326674342e-10
181,194,0.4008938649582214,0.4008938694835255,4.525304131419716e-09
181,202,0.44850864429629084,0.4485086447920992,4.95808338829562e-10
181,215,0.4089330333334519,0.4089330340057341,6.72282229885468e-10
182,148,0.42328206164125337,0.42369867644665077,0.00041661480539739726
182,161,0.41813218631724264,0.4184117188206151,0.0002795325033724816
182,169,0.4027823026465214,0.4029492150590367,0.00016691241251531874
182,174,0.42133052576658026,0.42137457811874635,4.4052352166090714e-05
182,190,0.42625838461827675,0.4262813564809111,2.2971862634335594e-05
182,195,0.41429937914565645,0.4143222071724001,2.2828026743637597e-05
182,203,0.4204911831210219,0.4205052024092584,1.4019288236521987e-05
182,216,0.4353707488519687,0.43537826435116367,7.515499194976627e-06
183,149,0.40988870141060896,0.4098889445042975,2.430936885677859e-07
183,162,0.4475462204632478,0.4475462881761067,6.771285887552381e-08
183,170,0.4403882076142485,0.4403884107509027,2.0313665416438198e-07
183,175,0.41776219031005873,0.41776219812172183,7.811663094159371e-09
183,191,0.4382074442243817,0.438207561774323,1.175499413363923e-07
183,196,0.41981556663791897,0.41981557414276904,7.504850074724345e-09
183,204,0.4069448565049079,0.40694489501331094,3.8508403021886295e-08
183,217,0.43003328355799564,0.43003329969635307,1.6138357428197025e-08
184,150,0.3989288875474974,0.3989288875475074,9.992007221626409e-15
184,163,0.40609694194821305,0.4060969419482147,1.6653345369377348e-15
184,171,0.4148620366030531,0.4148620366030683,1.5210055437364645e-14
184,176,0.4166744448282676,0.41667444482828053,1.2934098236883074e-14
184,192,0.43052901510357405,0.4305290151036201,4.6074255521943996e-14
184,197,0.408171119735195,0.40817111973520515,1.0158540675320182e-14
184,205,0.43950828048051643,0.4395082804805467,3.0253577421035516e-14
184,218,0.4162031416611521,0.41620314166115513,3.0531133177191805e-15
185,151,0.4351975213610538,0.435197524173975,2.8129212292782313e-09
185,164,0.41858059854950774,0.4185806089840387,1.0434530961500599e-08
185,172,0.4393986692489788,0.4393986700753397,8.263609241332404e-10
185,177,0.3874679599688631,0.3874679800741799,2.01053168003007e-08
185,193,0.4406012376874871,0.4406012377845884,9.710127146789205e-11
185,198,0.439419403399942,0.4394194087547373,5.354795273859736e-09
185,206,0.40445995314541033,0.40445995348942954,3.440192020143229e-10
185,219,0.40105114722435403,0.40105114759070265,3.663486181082476e-10
186,152,0.4278893548622446,0.42789327695967916,3.922097434549965e-06
186,165,0.43748063099801154,0.43748580602068216,5.17502267061154e-06
186,173,0.4209585487783488,0.4209597125734684,1.1637951196075136e-06
186,178,0.4119646837002114,0.41196863037523457,3.946675023180912e-06
186,194,0.42609018350218764,0.4260903315739008,1.480717131685516e-07
186,199,0.43250629021230597,0.43250745175540595,1.1615430999811771e-06
186,207,0.4292221881227813,0.42922235644706896,1.683242876748814e-07
186,220,0.4075377401961725,0.40753786567895733,1.254827848296003e-07
187,153,0.40523579090277184,0.4052360442081841,2.533054122566547e-07
187,166,0.3849345967708816,0.38493465627816226,5.950728065862165e-08
187,174,0.43275474206745246,0.4327549596668512,2.175993987219016e-07
187,179,0.40229637186658584,0.40229637703008025,5.163494409821112e-09
187,195,0.40991337786397225,0.4099135063251327,1.284611604313035e-07
187,200,0.4339613179573985,0.4339613301757678,1.2218369316308042e-08
187,208,0.4117410768980811,0.41174111104695255,3.4148871452810425e-08
187,221,0.4389772616830835,0.4389772678344388,6.151355314010232e-09
188,154,0.4051374503434008,0.40513745037389115,3.049033248103683e-11
188,167,0.4285254166205911,0.4285254166262745,5.68339819650987e-12
188,175,0.44115152197624574,0.4411515220105084,3.426264827410819e-11
188,180,0.416007145866089,0.41600714586768,1.5910051054390806e-12
188,196,0.40076718090498975,0.40076718093775193,3.276218185632729e-11
188,201,0.42021009653387154,0.42021009653701996,3.14842596438325e-12
188,209,0.43583501544113246,0.43583501545359576,1.2463308163290776e-11
188,222,0.4085551633239148,0.4085551633281934,4.2786330034516595e-12
189,155,0.41553241121011214,0.41553241121812434,8.012202012963598e-12
189,168,0.4230654943346675,0.42306549436069096,2.6023461163759976e-11
189,176,0.40546401279041383,0.4054640127925885,2.1746493494845254e-12
189,181,0.41183803674748143,0.4118380368043516,5.687017523570148e-11
189,197,0.4154822846369434,0.4154822846380705,1.127098414599459e-12
189,202,0.3919730686952767,0.391973068715041,1.97643013066795e-11
189,210,0.4456707406826603,0.4456707406846179,1.9576007481703073e-12
189,223,0.42442427575506425,0.42442427575747144,2.4071855619922644e-12
190,156,0.42948500732275974,0.4294894648175588,4.457494799048334e-06
190,169,0.4088022644530437,0.4088081698654391,5.905412395423859e-06
190,177,0.3975610485596146,0.3975624269145873,1.378354972714213e-06
190,182,0.3827739061333119,0.3827783833872794,4.4772539674609035e-06
190,198,0.41420381240281146,0.41420402108825977,2.0868544831076363e-07
190,203,0.43222404107879175,0.43222523712954175,1.1960507499964024e-06
190,211,0.42412540507535895,0.4241255967391438,1.916637848431435e-07
190,216,0.4357171982682585,0.43571788379424625,6.855259877536213e-07
191,157,0.44120305326560666,0.4412107961789222,7.74291331556709e-06
191,170,0.41235347367258457,0.4123565453585942,3.0716860096036136e-06
191,178,0.4305496660006333,0.43055369030986373,4.024309230410417e-06
191,183,0.4291585754982528,0.42915896846120505,3.929629522336775e-07
191,199,0.4180078159878446,0.4180090059469979,1.189959153324871e-06
191,204,0.4099818450955058,0.40998210367773674,2.5858223096086874e-07
191,212,0.436713944903125,0.43671448944992586,5.445468008735688e-07
191,217,0.4262339712953269,0.4262340682016968,9.690636987302881e-08
192,158,0.41233423678364145,0.41233423679267206,9.030609593452255e-12
192,171,0.4153243275617483,0.41532432756212484,3.7653213880162184e-13
192,179,0.4215136395866006,0.42151363959741084,1.081024159077515e-11
192,184,0.42628141931318814,0.42628141931321445,2.631228568361621e-14
192,200,0.4265761107634181,0.42657611078445656,2.103844876089056e-11
192,205,0.39893032289918795,0.3989303228997728,5.848654893725325e-13
192,213,0.4056316838652298,0.40563168386794357,2.7137736502425014e-12
192,218,0.4378110226153417,0.4378110226154074,6.566969190657801e-14
193,159,0.42564653380801937,0.42564653380987394,1.8545720514850927e-12
193,172,0.4122105074195853,0.41221050743123566,1.1650347353509005e-11
193,180,0.4145645293148941,0.4145645293154356,5.414557691096888e-13
193,185,0.41385057628997585,0.4138505763221389,3.216305000108832e-11
193,201,0.3984918142622016,0.39849181426276065,5.590528040499976e-13
193,206,0.4247690237278198,0.4247690237337219,5.902056621209795e-12
193,214,0.38995885336759856,0.38995885336795416,3.5560443478743764e-13
193,219,0.4340173168712633,0.43401731687756,6.2966853953128066e-12
194,160,0.41319214362107165,0.4131921623093533,1.8688281644418936e-08
194,173,0.4335209386894452,0.43352097247814103,3.378869584125255e-08
194,181,0.40203087902205786,0.4020308838752673,4.853209445432327e-09
194,186,0.4465853152953359,0.4465853570024551,4.17071192027052e-08
194,202,0.41071366561022427,0.4107136665702282,9.600039097001911e-10
194,207,0.4303734913301945,0.43037350146364606,1.0133451577853947e-08
194,215,0.4027193281320304,0.402719329434758,1.3027276479782302e-09
194,220,0.41974550421490747,0.4197455119292228,7.714315353180012e-09
195,161,0.4349066478944946,0.4349149880836032,8.340189108557716e-06
195,174,0.42377790108826874,0.4237812494979133,3.3484096445546285e-06
195,182,0.4112629135748447,0.4112673431675199,4.4295926752147e-06
195,187,0.41380238427209376,0.413802798416281,4.141441872218543e-07
195,200,0.4076733711940299,0.4076734573519445,8.615791458055355e-08
195,203,0.4378526175456676,0.4378538053575749,1.1878119072772364e-06
195,208,0.4340546258437163,0.43405489704082095,2.711971046620576e-07
195,216,0.407148169607614,0.40714885069368134,6.810860673223118e-07
196,162,0.4116999110855671,0.4116999141116372,3.0260701167073023e-09
196,175,0.419582973704955,0.41958297438142905,6.76474043448394e-10
196,183,0.4253773409580922,0.4253773435928831,2.6347908854695845e-09
196,188,0.42036409554502896,0.4203640956271941,8.216516356185366e-11
196,201,0.43293537773035423,0.4329353777638288,3.347455646007802e-11
196,204,0.41935149240735214,0.4193514942156654,1.808313276896456e-09
196,209,0.4290205739595182,0.4290205741711499,2.116317121547695e-10
196,217,0.42287896212579246,0.4228789630138426,8.880501334296298e-10
197,163,0.41261518144068615,0.41261518144073905,5.290212712338871e-14
197,176,0.4271009855331251,0.4271009855333315,2.063904602778166e-13
197,184,0.39943807013947885,0.3994380701394981,1.9262369477246466e-14
197,189,0.42206767996574457,0.42206767996630634,5.617728504603292e-13
197,202,0.41935851604370344,0.41935851604518887,1.4854228957972282e-12
197,205,0.420960837192431,0.42096083719273425,3.032574191763615e-13
197,210,0.4259237885975543,0.42592378859778757,2.332578574737454e-13
197,218,0.40317437855834204,0.40317437855838095,3.8913317013111737e-14
198,164,0.4180333820168847,0.4180334077805705,2.5763685795876512e-08
198,177,0.4180934538202823,0.4180935035356142,4.9715331906785565e-08
198,185,0.4193955579127106,0.4193955636437875,5.731076890835851e-09
198,190,0.4291292285016997,0.42912929092583035,6.242413064239116e-08
198,203,0.42724879576107955,0.42724883949652365,4.3735444099635146e-08
198,206,0.4306142208770288,0.4306142217087606,8.317318500594695e-10
198,211,0.42331221802855434,0.42331223008159463,1.2053040288062533e-08
198,219,0.4124890553255341,0.4124890562111692,8.856351207953139e-10
199,165,0.4035517592659529,0.4035552949394173,3.5356734643943177e-06
199,178,0.4396081667522908,0.43961085644356357,2.6896912727614186e-06
199,186,0.4178709136551616,0.4178719961744724,1.0825193108021658e-06
199,191,0.40198128079879014,0.40198240347454856,1.1226757584137381e-06
199,204,0.41419048421160437,0.41419066541162924,1.8120002487354014e-07
199,207,0.42062018837457493,0.4206203100800407,1.217054657609573e-07
199,212,0.4354464573160621,0.43544682958804326,3.722719811860564e-07
199,220,0.41060002620112046,0.41060011702698984,9.082586938102821e-08
200,166,0.4113787605287507,0.4113787716335992,1.1104848485210539e-08
200,179,0.3835264297505062,0.3835264307565792,1.0060730026850706e-09
200,187,0.41022211432819056,0.41022212396454966,9.636359099562952e-09
200,192,0.41657768847765697,0.41657768855725785,7.960088144187694e-11
200,195,0.4318920951520305,0.4318921179972612,2.284523070716915e-08
200,205,0.4048220761611879,0.40482207621311284,5.1924908817113646e-11
200,208,0.43431064063592045,0.4343106470211021,6.3851816611837364e-09
200,213,0.4132306271899771,0.41323062743617434,2.4619722926999543e-10
200,221,0.4150219495445438,0.41502195072064674,1.1761029372614473e-09
201,167,0.4327152234590963,0.43271522346129176,2.195466031196247e-12
201,180,0.4144735756073887,0.41447357560803677,6.480926906249351e-13
201,188,0.3968292521890165,0.396829252191786,2.7695068460786842e-12
201,193,0.41727599750128475,0.41727599750287103,1.5862866575844237e-12
201,196,0.4247730302274862,0.42477303023970026,1.2214063094262428e-11
201,206,0.40251786286797236,0.4025178628735725,5.600131469662983e-12
201,209,0.4197375368862236,0.4197375368909143,4.690692279041286e-12
201,214,0.4118128466733334,0.4118128466738386,5.052069873556775e-13
201,222,0.40300816283430474,0.4030081628359289,1.6241452627241415e-12
202,168,0.4215209696883194,0.4215209697832034,9.488398955426192e-11
202,181,0.42002554757033683,0.42002554777999107,2.096542384144584e-10
202,189,0.4464259626357002,0.44642596265852036,2.282013467080901e-11
202,194,0.43325879502740866,0.4332587953910148,3.6360614519281853e-10
202,197,0.42265014457470457,0.4226501445783572,3.652633751016765e-12
202,207,0.43332521959498815,0.43332521998973617,3.9474801205585663e-10
202,210,0.4190214471908276,0.41902144719719686,6.3692384699720606e-12
202,215,0.4084386722039432,0.40843867229706776,9.31245636159872e-11
202,223,0.4205075395018519,0.4205075395097015,7.849609851007244e-12
203,169,0.4027649375895734,0.40276844461567207,3.5070260986924673e-06
203,182,0.4324055879586166,0.4324082417478689,2.653789252293759e-06
203,190,0.44083975653061536,0.44084087275670975,1.1162260943886615e-06
203,195,0.4101717934754612,0.41017291236746783,1.1188920066573793e-06
203,198,0.4365533937483238,0.43655352348060744,1.297322836379955e-07
203,208,0.40485298311033385,0.40485315217279044,1.690624565897636e-07
203,211,0.44629162728075517,0.4462917464492223,1.1916846714976614e-07
203,216,0.4034791289879315,0.4034795464143163,4.1742638484665306e-07
203,224,0.4107323926647756,0.41073244092667976,4.826190413975695e-08
204,170,0.41091596434494315,0.4109160963650775,1.3202013432467297e-07
204,183,0.4136079701591711,0.41360800783405477,3.767488365724603e-08
204,191,0.42613659563307915,0.4261366720666298,7.643355065534152e-08
204,196,0.44136691134084394,0.4413669163083613,4.9675173419139185e-09
204,199,0.4367710325362207,0.4367710913065884,5.87703677390472e-08
204,209,0.4128399460752379,0.41283994751961833,1.4443804485786416e-09
204,212,0.4327681289034884,0.43276815783240397,2.8928915540848976e-08
204,217,0.4010518324751667,0.40105184306915526,1.0593988575280378e-08
204,225,0.4504723090116815,0.45047231337252114,4.360839633843483e-09
205,171,0.43428932080465604,0.4342893208049881,3.320677066653843e-13
205,184,0.4287673341255729,0.428767334125596,2.3092638912203256e-14
205,192,0.40043315850628475,0.40043315850712924,8.444911436811253e-13
205,197,0.42514703110083063,0.42514703110092283,9.220402219511925e-14
205,200,0.4079787367589814,0.40797873677800306,1.9021673125507732e-11
205,210,0.4055246736102646,0.4055246736104168,1.521560655248777e-13
205,213,0.4088701594552567,0.4088701594576733,2.4166224577015782e-12
205,218,0.4251784122686054,0.42517841226866376,5.834221994405198e-14
205,226,0.4252965675230381,0.4252965675234816,4.434785871865188e-13
206,172,0.4158892887451155,0.41588928878994,4.482453297427469e-11
206,185,0.41342698086147844,0.41342698098500474,1.2352630029965894e-10
206,193,0.4014435438500381,0.40144354385672476,6.686651232712393e-12
206,198,0.4242157916465506,0.4242157919199531,2.734025228434689e-10
206,201,0.42414066606487083,0.4241406660670294,2.1585511156274606e-12
206,211,0.40319165083561137,0.403191651087914,2.523026232381653e-10
206,214,0.43607727613488745,0.4360772761362699,1.382449710263245e-12
206,219,0.4337010320839509,0.43370103210845967,2.4508783891263874e-11
206,227,0.41877145929283,0.41877145929733506,4.50506298932396e-12
207,173,0.4150953030905345,0.4150953419240447,3.883351018529879e-08
207,186,0.43058055884165924,0.4305806067975545,4.795589525485866e-08
207,194,0.41320829271224147,0.4132083030654766,1.0353235158078178e-08
207,199,0.4017544173940977,0.4017544560981358,3.8704038141101904e-08
207,202,0.42987376486694606,0.4298737659506548,1.0837087338622098e-09
207,212,0.44906085095256476,0.4490608700422754,1.908971064557008e-08
207,215,0.444684897043068,0.44468489851403675,1.4709687357061796e-09
207,220,0.41647687431225555,0.416476883110716,8.798460460202051e-09
207,228,0.40387345917700157,0.40387346005482455,8.778229809713878e-10
208,174,0.4171969862631578,0.4171971271043768,1.4084121896518198e-07
208,187,0.4184518552599392,0.41845188878141293,3.352147370794256e-08
208,195,0.409869747898313,0.4098698310921163,8.319380329080417e-08
208,200,0.41641511162184713,0.41641511956645144,7.944604307752456e-09
208,203,0.4092226220153032,0.4092226796887301,5.76734269230883e-08
208,213,0.4051912117255125,0.40519121254489326,8.193807854439683e-10
208,216,0.4070119354894891,0.40701197124422567,3.5754736560367206e-08
208,221,0.4262690958047339,0.42626909980714417,4.002410292081038e-09
208,229,0.4154576447949963,0.4154576478906177,3.0956213703525748e-09
209,175,0.4194808859002221,0.419480886087091,1.868689092354714e-10
209,188,0.4175432529820755,0.417543253006778,2.4702517809060964e-11
209,196,0.4390784278552993,0.43907842803446223,1.791629067326994e-10
209,201,0.41869114418595055,0.4186911441961543,1.0203726752422426e-11
209,204,0.4302532271207941,0.43025322758875084,4.67956728922303e-10
209,214,0.4100112841677932,0.4100112841714641,3.670896919771849e-12
209,217,0.42295136650660575,0.42295136674079264,2.341868921007517e-10
209,222,0.43507112477904575,0.4350711247979598,1.8914037003270323e-11
209,230,0.4033390393599864,0.40333903938783594,2.7849555994663433e-11
210,176,0.3955122523219668,0.39551225232233506,3.682609772681644e-13
210,189,0.4250172375070161,0.4250172375080193,1.0031975250512914e-12
210,197,0.4220627324588888,0.42206273245913256,2.437494650564531e-13
210,202,0.4190590510114458,0.41905905101410884,2.6630364580171317e-12
210,205,0.4136148284032461,0.4136148284037697,5.235811784132238e-13
210,215,0.43123333712706746,0.4312333371305896,3.522127034472078e-12
210,218,0.43147382042904836,0.43147382042911636,6.800116025829084e-14
210,223,0.4109846837345814,0.4109846837350849,5.034861416675085e-13
210,231,0.4122529154415748,0.41225291544176346,1.8868240303504535e-13
211,177,0.4241401051497062,0.42414015068071087,4.553100468873694e-08
211,190,0.4130250853919498,0.41302514255477146,5.7162821642808836e-08
211,198,0.43432938984614916,0.43432940184305496,1.19969058021141e-08
211,203,0.41872068695874265,0.41872072701441,4.005566733855659e-08
211,206,0.4149329160089566,0.41493291677199134,7.630347464981924e-10
211,216,0.41815879610249346,0.4181588209536915,2.4851198043851497e-08
211,219,0.4136265595878732,0.4136265604003651,8.124919070873204e-10
211,224,0.385051085010313,0.3850510896300532,4.619740201494693e-09
211,232,0.41945973133964815,0.41945973184537594,5.057277929765291e-10
212,178,0.43041014682302214,0.4304113377378732,1.1909148510680367e-06
212,191,0.42685958795852624,0.42686008713928314,4.991807568965889e-07
212,199,0.4261145783638387,0.4261149394955368,3.61131698101147e-07
212,204,0.40665234551792967,0.40665242710017246,8.158224279464221e-08
212,207,0.3958199745679595,0.39582002940816546,5.4840205987449764e-08
212,217,0.42205329102025874,0.42205332189762695,3.0877368217829826e-08
212,220,0.4079077493889806,0.4079077903468503,4.095786970692572e-08
212,225,0.4317227593810614,0.4317227700838168,1.0702755404157216e-08
212,233,0.43195782029347485,0.43195782766015306,7.366678211884192e-09
213,179,0.4145875889361905,0.41458758898567843,4.9487913766910197e-11
213,192,0.4297027414529742,0.4297027414573301,4.3559045259655704e-12
213,200,0.4169977939388426,0.4169977940350963,9.625367169974197e-11
213,205,0.43644626662635816,0.43644626662903757,2.6794122476303528e-12
213,208,0.4332469453483084,0.4332469455933297,2.450213365534637e-10
213,218,0.43248320066416485,0.43248320066446716,3.0231372960543013e-13
213,221,0.4250478021336146,0.4250478021856918,5.207723141609222e-11
213,226,0.4107755443800229,0.4107755443823091,2.2862267634593536e-12
213,234,0.42586702524194225,0.42586702524457914,2.6368907057872093e-12
214,180,0.4117301568454566,0.41173015684565667,2.000621890374532e-13
214,193,0.43619000795760304,0.43619000795809765,4.946043574705072e-13
214,201,0.4250343828232886,0.42503438282364253,3.539391002504999e-13
214,206,0.42596070709938805,0.42596070710113487,1.7468249069452213e-12
214,209,0.4115854286412426,0.41158542864253367,1.2910783553365945e-12
214,219,0.41280687654305065,0.41280687654490444,1.853794895367855e-12
214,222,0.43113879856569925,0.4311387985661512,4.5197179332490123e-13
214,227,0.43064408306672997,0.4306440830670871,3.5715874702191286e-13
215,181,0.41729052552825147,0.4172905258152036,2.8695212872520415e-10
215,194,0.40091983128209413,0.40091983178008583,4.979917034297898e-10
215,202,0.4170564991671022,0.41705649926159105,9.448886117979782e-11
215,207,0.4419625681598469,0.4419625687006467,5.407997938355891e-10
215,210,0.42753923103114455,0.42753923103975905,8.614498003822746e-12
215,220,0.4233870951556583,0.4233870955813831,4.25724788755133e-10
215,223,0.41961855216078703,0.4196185521714056,1.0618561585573616e-11
215,228,0.41047620937943713,0.4104762094571899,7.775274868393467e-11
216,182,0.4263290644292354,0.42633044095876477,1.3765295293621804e-06
216,190,0.40555623371733446,0.40555682699336154,5.93276027083256e-07
216,195,0.3946953626954998,0.39469595755009584,5.948545960254847e-07
216,203,0.4233561626640923,0.4233565497589053,3.8709481298138115e-07
216,208,0.41040296962569883,0.4104030620058191,9.238012027568132e-08
216,211,0.4282492019712512,0.42824926714243144,6.517118023019464e-08
216,221,0.4071929596353341,0.40719297325012377,1.3614789684535111e-08
216,224,0.4050976300414201,0.40509765648961943,2.6448199352824275e-08
216,229,0.4194214890715729,0.41942150035506687,1.1283493972502612e-08
217,183,0.4405381027440147,0.4405381164001345,1.3656119790539378e-08
217,191,0.42314572854052285,0.42314575481831684,2.627779399633212e-08
217,196,0.4253456651119072,0.42534566704880844,1.9369012504988348e-09
217,204,0.3986538534400721,0.39865386260273383,9.16266174044722e-09
217,209,0.43008495529229174,0.43008495586595663,5.736648933662991e-10
217,212,0.39725900012715715,0.3972590101974468,1.0070289657715392e-08
217,222,0.41545514625168467,0.4154551464235185,1.7183382494678767e-10
217,225,0.4270287102936707,0.4270287119378754,1.6442047168219176e-09
217,230,0.40527524771957213,0.405275247976327,2.5675489512266836e-10
218,184,0.4206398657393222,0.42063986573932266,4.440892098500626e-16
218,192,0.4249690331200946,0.42496903312015677,6.217248937900877e-14
218,197,0.4317433529331932,0.43174335293320537,1.2156942119645464e-14
218,205,0.41599134744195093,0.4159913474419923,4.135580766728708e-14
218,210,0.4259813495078141,0.4259813495078316,1.7541523789077473e-14
218,213,0.4386446840012177,0.43864468400141343,1.957323192414151e-13
218,223,0.4304367031221376,0.43043670312215954,2.1926904736346842e-14
218,226,0.42228194750613063,0.42228194750616527,3.4638958368304884e-14
218,231,0.4129094296815564,0.41290942968156547,9.048317650695026e-15
219,185,0.4171277442132357,0.4171277443434365,1.3020085010140292e-10
219,193,0.41137336203322405,0.4113733620402908,7.066736085192815e-12
219,198,0.43858001082740644,0.43858001111547296,2.8806651508617165e-10
219,206,0.426906310208234,0.42690631023250736,2.427336109889211e-11
219,211,0.39996315697037915,0.39996315723622095,2.658417930234691e-10
219,214,0.40990285847296004,0.4099028584744191,1.4590550989623807e-12
219,224,0.39707659624600977,0.39707659636032117,1.1431139368411891e-10
219,227,0.4293041486429746,0.4293041486477349,4.760303262685284e-12
219,232,0.4189806984000014,0.41898069841620994,1.620853451456128e-11
220,186,0.4293801483410305,0.42938018364769615,3.530666564666163e-08
220,194,0.42546569081341573,0.42546569850225785,7.688842118547257e-09
220,199,0.43253601508705253,0.43253604359530706,2.850825453482031e-08
220,207,0.41838325502083124,0.41838326360432454,8.5834933050144e-09
220,212,0.4234074783588714,0.4234074924383201,1.407944871800737e-08
220,215,0.41864280407132515,0.4186428051763829,1.1050577675142392e-09
220,225,0.4143720683549124,0.41437207054106806,2.1861556454005893e-09
220,228,0.4218423030600124,0.42184230371997006,6.599576440891042e-10
220,233,0.413391354280735,0.4133913555933406,1.3126056352952276e-09
221,187,0.42103413563553177,0.42103413951240704,3.8768752652629246e-09
221,200,0.43091954239410546,0.4309195433389794,9.448739568540532e-10
221,208,0.4188375482406662,0.4188375508132026,2.572536406120207e-09
221,213,0.4066344396654613,0.4066344397698605,1.0439921149796305e-10
221,216,0.40848965843968116,0.4084896622940118,3.854330632435676e-09
221,226,0.4158343407414561,0.41583434075998654,1.853045494826233e-11
221,229,0.42001119500313,0.4200111953738707,3.7074071590481594e-10
221,234,0.4319714120692208,0.4319714120905752,2.135441823369888e-11
222,188,0.4149759224196901,0.41497592242713,7.43988204376933e-12
222,201,0.41496628223852294,0.4149662822416204,3.0974667275529555e-12
222,209,0.42817488023048295,0.4281748802479608,1.747785249861522e-11
222,214,0.42932816215119374,0.4293281621523298,1.1360357099476914e-12
222,217,0.41999133677828426,0.41999133684537476,6.709049982234205e-11
222,227,0.4316920186678922,0.43169201867017565,2.2834512058977907e-12
222,230,0.43761709289946366,0.43761709290765494,8.191280986835636e-12
222,235,0.41677201119834867,0.4167720112001909,1.8422485759117535e-12
223,189,0.42195657240223255,0.4219565724034824,1.24983356997177e-12
223,202,0.40163893897139713,0.401638938974721,3.323896713425256e-12
223,210,0.4097153351354232,0.40971533513593633,5.131450819817474e-13
223,215,0.4274696532119027,0.4274696532163001,4.39737135593532e-12
223,218,0.3928203717729082,0.3928203717729934,8.520961713998076e-14
223,226,0.4288622878574612,0.42886228785800184,5.4062310184122e-13
223,228,0.4197091567523518,0.419709156755146,2.7941537972253627e-12
223,231,0.44244527293479763,0.442445272935031,2.333688797762079e-13
223,236,0.4185427783906124,0.41854277839101856,4.061750935591135e-13
224,203,0.4246580148773413,0.42465803050934003,1.5631998750986753e-08
224,211,0.42322333380712124,0.4232233381604918,4.353370552934166e-09
224,216,0.4308543777983858,0.43085438751439803,9.716012216998138e-09
224,219,0.4017522284002386,0.40175222872338084,3.2314223519236407e-10
224,227,0.4264867379441083,0.4264867380019362,5.782790912789437e-11
224,229,0.40791170658725207,0.40791170744158073,8.543286633688751e-10
224,232,0.4268567089806326,0.42685670918181057,2.011779631772015e-10
224,237,0.400881283261077,0.40088128332428696,6.320993728436974e-11
225,204,0.4216362227153118,0.4216362256422308,2.9269189849578936e-09
225,212,0.39763818030316156,0.3976381832282347,2.925073128157152e-09
225,217,0.4008068969516953,0.40080689823874427,1.2870489674021712e-09
225,220,0.4420085295073972,0.44200853106657484,1.5591776203471852e-09
225,228,0.4193066934812351,0.41930669367097845,1.8974333215737715e-10
225,230,0.4258959117209879,0.42589591181906256,9.807465950473215e-11
225,233,0.4369031587173185,0.43690315904441634,3.2709784880680104e-10
225,238,0.4330707780335399,0.43307077807649774,4.295785949182118e-11
226,205,0.4372697726246167,0.43726977262501104,3.943512183468556e-13
226,213,0.4246533525879597,0.42465335258979364,1.833921903227065e-12
226,218,0.4242742307060246,0.42427423070606823,4.363176486776865e-14
226,221,0.4248509932621008,0.42485099326998654,7.885747610458793e-12
226,223,0.457194716869395,0.4571947168695391,1.4410694859634532e-13
226,229,0.4094133403370823,0.4094133403429559,5.8735794006281594e-12
226,231,0.42832558524744724,0.4283255852475085,6.128431095930864e-14
226,234,0.4127563127345252,0.41275631273491165,3.86468634872017e-13
226,236,0.42300912835791304,0.4230091283580119,9.886536034287019e-14
227,206,0.4185657094116542,0.4185657094159346,4.2803538491398285e-12
227,214,0.42353666544932894,0.4235366654496108,2.8188562595232725e-13
227,219,0.4285390350729097,0.42853903507747065,4.560962718613837e-12
227,222,0.42423322606484354,0.42423322606546504,6.215028491851626e-13
227,224,0.4087802070816838,0.40878020710466734,2.2983559500033834e-11
227,230,0.4320949395220336,0.43209493952291067,8.770761894538737e-13
227,232,0.4269280202181878,0.4269280202210415,2.853661751345271e-12
227,235,0.4327798809310319,0.432779880931295,2.6306734568493084e-13
227,237,0.4338693341284265,0.4338693341293364,9.099387909827783e-13
228,207,0.4347266100627784,0.4347266103777769,3.149984717509824e-10
228,215,0.41212633729210063,0.4121263373670613,7.496064879930486e-11
228,220,0.4238796522668184,0.42387965251502735,2.482089533906162e-10
228,223,0.4358446284479691,0.4358446284543589,6.389777595927626e-12
228,225,0.42350150068997044,0.42350150080134336,1.1137291089369228e-10
228,231,0.41651243038055435,0.41651243038275004,2.195688075801172e-12
228,233,0.4146610516491001,0.4146610517079048,5.880468334495959e-11
228,236,0.41377149657385837,0.413771496578826,4.967637412534032e-12
228,238,0.418681457915337,0.4186814579271732,1.1836198687831256e-11
229,208,0.4342380460236406,0.43423804836524765,2.3416070749071594e-09
229,216,0.40756037777277865,0.40756038139800904,3.6252303936556984e-09
229,221,0.42066685573812995,0.420666856171721,4.335910519515096e-10
229,224,0.4189309428389659,0.41893094354221855,7.032526228023528e-10
229,226,0.43022507045257735,0.4302250704686534,1.6076029396572267e-11
229,232,0.43333188806801026,0.4333318881482631,8.025285991308806e-11
229,234,0.4396471071834912,0.43964710720201333,1.8522128275577643e-11
229,237,0.4059650715801106,0.405965071605366,2.5255408875324292e-11
230,209,0.4149043914520032,0.41490439147818636,2.6183166745852304e-11
230,217,0.43508997379073616,0.43508997389111886,1.0038270215062539e-10
230,222,0.41525908238003945,0.41525908238838855,8.349099189786102e-12
230,225,0.4193443811997829,0.41934438125158785,5.18049492193029e-11
230,227,0.4276978990248794,0.42769789902821287,3.3334446314370325e-12
230,233,0.41719925005905406,0.41719925008612707,2.7073010500089367e-11
230,235,0.4290982889540053,0.4290982889567556,2.750299987752669e-12
230,238,0.448269338095685,0.4482693381015329,5.847933248759318e-12
231,210,0.4363601052213847,0.4363601052215511,1.6642243139131097e-13
231,218,0.40735885435555474,0.40735885435558317,2.842170943040401e-14
231,223,0.43523816785605324,0.4352381678562561,2.028377465990161e-13
231,226,0.4185751805804976,0.41857518058068743,1.8984813721090177e-13
231,228,0.40491694203631173,0.404916942037177,8.652523142416157e-13
231,234,0.42260297123508295,0.4226029712353,2.170486013142181e-13
231,236,0.4380029450713172,0.4380029450714479,1.3067324999838092e-13
231,239,0.4263087465753772,0.4263087465754851,1.0791367799356522e-13
232,211,0.42820212558786624,0.4282021257526585,1.6479223541310262e-10
232,219,0.4424368279208669,0.4424368279367902,1.5923262708383845e-11
232,224,0.4256484500852461,0.42564845015604136,7.079525854436497e-11
232,227,0.42174329339418676,0.4217432933971156,2.9288238501123942e-12
232,229,0.40820521631876283,0.4082052163543986,3.563577211096458e-11
232,235,0.422151047058294,0.4221510470590599,7.659428646888955e-13
232,237,0.43421834952959343,0.43421834953275856,3.1651348209038588e-12
232,239,0.4240238897268699,0.4240238897274733,6.034062138837726e-13
233,212,0.42659081591341447,0.42659081824842576,2.3350112954290125e-09
233,220,0.42294147129679355,0.4229414724312962,1.1345026584841378e-09
233,225,0.4138814840330348,0.4138814844245537,3.9151887287758314e-10
233,228,0.43053289829815433,0.4305328984216718,1.2351747402661317e-10
233,230,0.42370704763141703,0.4237070476940569,6.263989327237596e-11
233,235,0.42455953954241976,0.4245595395546899,1.2270129357005999e-11
233,236,0.39573531375417353,0.3957353137651238,1.0950240714180381e-11
233,238,0.40828593296465915,0.4082859329914733,2.6814162001898012e-11
233,239,0.43270483425866113,0.4327048342691374,1.0476286504967902e-11
234,213,0.44827768987415473,0.44827768987625316,2.0984325388440084e-12
234,221,0.4386055601053686,0.4386055601143921,9.023504166094654e-12
234,226,0.43489382735481674,0.4348938273552012,3.844702334276917e-13
234,229,0.4136878913552095,0.41368789136193107,6.721567746836854e-12
234,231,0.4198441007791755,0.41984410077924555,7.005507285384738e-14
234,236,0.4150299468643635,0.41502994686448286,1.1934897514720433e-13
234,237,0.4183252781633053,0.41832527816388587,5.805911307277256e-13
234,239,0.42168048034829375,0.42168048034840866,1.149080830487037e-13
235,222,0.4411049388126289,0.44110493881415774,1.5288326160600718e-12
235,227,0.4041830807606789,0.4041830807613901,7.112088695748753e-13
235,230,0.4078769632067058,0.40787696320893796,2.2321589021601085e-12
235,232,0.38690982902900645,0.38690982903123505,2.228606188481308e-12
235,233,0.42390716071247564,0.42390716071709966,4.624023386412546e-12
235,237,0.42272079223158787,0.42272079223232106,7.331912854624534e-13
235,238,0.4490482710905435,0.4490482710916286,1.0850764731173967e-12
235,239,0.40940566505480647,0.40940566505521275,4.0628611586157604e-13
236,223,0.44700988296490124,0.4470098829654783,5.770384170489251e-13
236,226,0.4342197823846945,0.4342197823851024,4.078959392472825e-13
236,228,0.42971247903261905,0.4297124790361286,3.5095260031425823e-12
236,231,0.409872664330538,0.4098726643307442,2.0622392682412283e-13
236,233,0.4142924657986696,0.41429246580271295,4.043376744533589e-12
236,234,0.4085716145660074,0.40857161456647534,4.679590048795035e-13
236,237,0.4374325549734881,0.4374325549741623,6.741829317036263e-13
236,238,0.4385132657708832,0.4385132657718592,9.759970609479751e-13
236,239,0.4033005191426976,0.4033005191430625,3.648747970430577e-13
237,224,0.40051847822144154,0.4005184782448102,2.336864035612507e-11
237,227,0.3961656510828269,0.39616565108374346,9.16544617979298e-13
237,229,0.4250232097637077,0.42502320977526603,1.155830986476758e-11
237,232,0.4410470716386851,0.4410470716417959,3.1107894038484574e-12
237,234,0.42462200063684197,0.42462200063759553,7.53563877964325e-13
237,235,0.407567806174595,0.40756780617485155,2.565725409908737e-13
237,236,0.4259981327092284,0.42599813270943454,2.061129045216603e-13
237,238,0.4223653446904267,0.42236534469086523,4.3853809472693683e-13
237,239,0.4174712905635235,0.41747129056372356,2.000621890374532e-13
238,225,0.41182714017923755,0.4118271401989635,1.97259431011787e-11
238,228,0.41920581929742345,0.4192058193061929,8.769429626909186e-12
238,230,0.41909234369963444,0.41909234370460774,4.97329954995962e-12
238,233,0.4218985715492231,0.42189857155937305,1.0149936446879337e-11
238,235,0.4340537155045585,0.4340537155057115,1.152966611073225e-12
238,236,0.43698917029181616,0.43698917029285245,1.0362821711851211e-12
238,237,0.4330291569871524,0.43302915698875205,1.5996648450311568e-12
238,239,0.4186460107707529,0.4186460107716555,9.02555807869021e-13
239,231,0.41231152164658336,0.4123115216467702,1.8685053504441385e-13
239,232,0.38406612564122844,0.3840661256429818,1.7533752227905097e-12
239,233,0.4213721819243054,0.42137218192864817,4.342748383123762e-12
239,234,0.4360718847726365,0.43607188477303477,3.982925100842749e-13
239,235,0.4272185908744635,0.42721859087490976,4.4625414474808167e-13
239,236,0.4142765648663693,0.4142765648667712,4.0190073491430667e-13
239,237,0.4307934584144334,0.4307934584150122,5.788147738883254e-13
239,238,0.40140673429768603,0.4014067342986319,9.458545058294021e-13
