source,target,before,after,delta
0,1,0.40766557038378576,0.40766557038380696,2.120525977034049e-14
0,2,0.43323146051996914,0.4332314605200203,5.1181281435219717e-14
0,3,0.4191456264852337,0.4191456264854117,1.7802426199864385e-13
0,4,0.4432368699190946,0.4432368699193597,2.650657471292561e-13
0,5,0.4426547211071634,0.44265472110772325,5.598299601672352e-13
0,6,0.4062149960820687,0.4062149960820869,1.8207657603852567e-14
0,7,0.4215444400814196,0.42154444008145253,3.291811268013589e-14
0,8,0.42301430758019287,0.4230143075808638,6.709077737809821e-13
1,0,0.39924125975355,0.39924125975355973,9.71445146547012e-15
1,2,0.44107939017386316,0.44107939017386855,5.384581669432009e-15
1,3,0.4350740659715235,0.43507406597153975,1.6264767310758543e-14
1,4,0.43706712837380796,0.43706712837384837,4.04121180963557e-14
1,6,0.42754248190779,0.4275424819077913,1.3322676295501878e-15
1,9,0.4131732339115316,0.4131732339116431,1.1152190282359697e-13
1,11,0.41080161474501065,0.4108016147450207,1.0047518372857667e-14
1,14,0.4360412492474989,0.43604124924750576,6.8833827526759706e-15
2,0,0.40407477889985316,0.40407477889989507,4.191091917959966e-14
2,1,0.4105903711387367,0.41059037113875,1.3322676295501878e-14
2,3,0.4077981593769499,0.4077981593770453,9.536815781530095e-14
2,4,0.42199322831714653,0.4219932283173017,1.5515366769136563e-13
2,5,0.42270987653682784,0.4227098765371192,2.9137803281287233e-13
2,7,0.4215033470917449,0.4215033470917656,2.070565940925917e-14
2,10,0.4092749817045262,0.40927498170467813,1.5193402091995267e-13
2,12,0.40613490542981284,0.4061349054301716,3.5876857040761934e-13
2,15,0.43034435368087093,0.43034435368089474,2.3814283878209608e-14
3,0,0.40121309836371144,0.40121309836397806,2.6662005936373134e-13
3,1,0.4108629606053646,0.41086296060542843,6.38378239159465e-14
3,2,0.41950927795237825,0.4195092779525483,1.7003065622134272e-13
3,5,0.3961097159244888,0.39610971592705285,2.564060075371799e-12
3,6,0.42836621406487757,0.42836621406493197,5.440092820663267e-14
3,8,0.42083815932805607,0.4208381593310948,3.0387359295502847e-12
3,11,0.43330788870239273,0.43330788870267223,2.7949864644938316e-13
3,13,0.41708057481869815,0.4170805748249992,6.301070776260076e-12
3,16,0.4018019348711576,0.40180193487456023,3.4026115258711798e-12
4,0,0.41679269633502153,0.41679269633511734,9.581224702515101e-14
4,1,0.4039779169970445,0.40397791699709895,5.445643935786393e-14
4,2,0.4274427207130693,0.42744272071315076,8.143485885625523e-14
4,6,0.4014950312569814,0.40149503125702796,4.657385588302532e-14
4,7,0.43289435524305686,0.4328943552431538,9.692247004977617e-14
4,9,0.406132525745487,0.4061325257475707,2.0836665726164938e-12
4,12,0.4048843295338634,0.4048843295356599,1.796507387297197e-12
4,17,0.4238067795230999,0.42380677954338236,2.028244239227206e-11
5,0,0.4195037588354776,0.41950375883675334,1.2757572775967674e-12
5,2,0.421704665901642,0.42170466590242234,7.803202528577913e-13
5,3,0.42471637098325343,0.4247163709868723,3.6188829710681603e-12
5,8,0.4302653006027669,0.43026530062023877,1.7471857294282245e-11
5,10,0.4236241236003062,0.4236241236059613,5.655087509381929e-12
5,13,0.4061670781373513,0.4061670781783795,4.10281808527202e-11
5,18,0.42666227752304714,0.4266622775612332,3.818606542083103e-11
5,26,0.4294814314790898,0.42948143162111674,1.420269457597101e-10
6,0,0.41860710796236833,0.4186071079623764,8.049116928532385e-15
6,1,0.41945956368264986,0.4194595636826511,1.2212453270876722e-15
6,3,0.41302061970133985,0.41302061970135345,1.3600232051658168e-14
6,4,0.4178262395484885,0.4178262395485232,3.469446951953614e-14
6,9,0.44799809755319836,0.44799809755329306,9.470202400052585e-14
6,11,0.41623304947820877,0.4162330494782177,8.93729534823251e-15
6,14,0.4322474260473867,0.432247426047392,5.329070518200751e-15
6,19,0.42480916859658946,0.42480916859658946,0.0
6,27,0.40767188198702875,0.407671881987034,5.2735593669694936e-15
7,0,0.4301111344960714,0.4301111344960817,1.0269562977782698e-14
7,2,0.40952615456808117,0.4095261545680881,6.938893903907228e-15
7,4,0.4214251105822736,0.4214251105823205,4.6906922790412864e-14
7,10,0.4203474784152346,0.4203474784152691,3.447242491461111e-14
7,12,0.40865443714278127,0.40865443714289135,1.1007861289158427e-13
7,15,0.41303417474994963,0.4130341747499564,6.772360450213455e-15
7,20,0.4202657261763159,0.4202657261765153,1.9939605522267811e-13
7,28,0.4282879909243368,0.42828799092435343,1.6653345369377348e-14
8,0,0.42321609391754555,0.4232160939190318,1.486255563065697e-12
8,3,0.39043004924685093,0.390430049251041,4.190092717237803e-12
8,5,0.42711571094550826,0.4271157109625701,1.7061851931288174e-11
8,11,0.4098372762839346,0.4098372762854698,1.5351608873004352e-12
8,13,0.4336079793941978,0.43360797944102397,4.6826154065371384e-11
8,16,0.4154939509027476,0.4154939509247555,2.2007895505993247e-11
8,21,0.4234305508377254,0.4234305510082379,1.7051249301403004e-10
8,29,0.43986739551542825,0.4398673956003114,8.488315605958974e-11
9,1,0.4351565195557171,0.4351565195558698,1.5271117703719028e-13
9,4,0.3991718431458491,0.3991718431479965,2.1473933742299778e-12
9,6,0.42032460249165093,0.420324602491781,1.300626273348371e-13
9,12,0.40353980097139075,0.40353980097640574,5.014988424534295e-12
9,14,0.44539745935501146,0.44539745935545266,4.412026299860372e-13
9,17,0.4350191636227149,0.4350191636788839,5.616895837334823e-11
9,22,0.42149336159421674,0.42149336160728235,1.3065604154149923e-11
9,30,0.409785214394116,0.4097852144894045,9.528849931328409e-11
10,2,0.4262998161819549,0.4262998161822147,2.5979218776228663e-13
10,5,0.42003861530127357,0.42003861530498016,3.706590590013548e-12
10,7,0.42537421285358606,0.4253742128537367,1.5065726444163374e-13
10,13,0.4221764739884337,0.42217647399710756,8.67383942448896e-12
10,15,0.4174368885353816,0.4174368885355687,1.8712809080057013e-13
10,18,0.41454241796712626,0.41454241797634034,9.214073948271562e-12
10,23,0.43099882601747397,0.430998826018753,1.2790324355194116e-12
10,31,0.4113944852658434,0.41139448527506245,9.219069951882375e-12
11,1,0.44075452136916715,0.44075452136919063,2.348121697082206e-14
11,3,0.41115451262617664,0.41115451262635627,1.7963408538435033e-13
11,6,0.4371709415932337,0.43717094159325365,1.992850329202156e-14
11,8,0.43420181339432373,0.4342018133949862,6.624700787938309e-13
11,14,0.41517690645913713,0.41517690645917943,4.2299497238218464e-14
11,16,0.4146407440337774,0.414640744034559,7.815970093361102e-13
11,19,0.40844739046437634,0.4084473904643923,1.5987211554602254e-14
11,24,0.4345882233140468,0.434588223314333,2.8621549574836536e-13
11,32,0.41368870098846067,0.4136887009885269,6.622480341889059e-14
12,2,0.4120575298130856,0.41205752981327204,1.8646195698579504e-13
12,4,0.43453634114845513,0.4345363411502105,1.755373624234835e-12
12,7,0.41310114895312877,0.4131011489533507,2.219335826225688e-13
12,9,0.41555827966684955,0.415558279671603,4.753475391083839e-12
12,15,0.42819557311244133,0.42819557311267026,2.289279876777073e-13
12,17,0.4105289599585138,0.4105289600044708,4.595701597054358e-11
12,20,0.40982752065880446,0.40982752066613604,7.331579787717146e-12
12,25,0.41811714075154127,0.41811714081314594,6.160466581306423e-11
12,33,0.4310134412103032,0.4310134412356598,2.5356605704018875e-11
13,3,0.4267620301054394,0.4267620301217658,1.632638468862524e-11
13,5,0.4018305506745179,0.40183055075477264,8.025474729222992e-11
13,8,0.4287132132176881,0.42871321331105305,9.336492690081855e-11
13,10,0.42644193916797735,0.4264419391926661,2.4688751043555612e-11
13,16,0.408403470107337,0.4084034702044588,9.712175508269638e-11
13,18,0.40713663558958524,0.40713663580663656,2.1705132136062844e-10
13,21,0.40853647589104164,0.4085364772759492,1.3849075775063113e-09
13,26,0.42939638688652726,0.4293963882080362,1.3215089578189065e-09
13,34,0.40965385109804686,0.40965385368497875,2.5869318909244043e-09
14,1,0.4332494144816294,0.4332494144816294,0.0
14,6,0.42807131109751734,0.42807131109751734,0.0
14,9,0.4248684677158562,0.4248684677158825,2.631228568361621e-14
14,11,0.4133088569393083,0.4133088569393083,0.0
14,19,0.416887325581521,0.416887325581521,0.0
14,22,0.407762548193062,0.4077625481931216,5.956346527113965e-14
14,27,0.41307021366122243,0.4130702136612238,1.3877787807814457e-15
14,35,0.40288299586524245,0.40288299586530335,6.089573290068984e-14
15,2,0.42016626856917033,0.42016626856918315,1.2823075934420558e-14
15,7,0.4274567796625477,0.4274567796625573,9.603429163007604e-15
15,10,0.4407423665013269,0.4407423665013792,5.229150445984487e-14
15,12,0.3984033083881183,0.3984033083882987,1.8035573035035668e-13
15,20,0.42742115237427586,0.4274211523746029,3.2701619190333986e-13
15,23,0.40597886678037165,0.40597886678041656,4.490852134608758e-14
15,28,0.4201150183058744,0.420115018305902,2.758904216193514e-14
15,36,0.4191711458705392,0.41917114587057014,3.091971123581061e-14
16,3,0.42972875474063066,0.4297287547449146,4.28396207396986e-12
16,8,0.4049470892496581,0.4049470892697387,2.0080603846395206e-11
16,11,0.4198454018947206,0.41984540189633524,1.6146528558635964e-12
16,13,0.41727317775263123,0.417273177797892,4.5260795111801144e-11
16,21,0.426560589245522,0.426560589407161,1.6163903548971348e-10
16,24,0.4079219080071692,0.4079219080137258,6.556588605377556e-12
16,29,0.4349647742125908,0.4349647742953048,8.27140023140771e-11
16,37,0.4112991499278702,0.4112991499587341,3.0863922528823196e-11
16,50,0.4341810807421708,0.4341810808392862,9.711537130030479e-11
17,4,0.4329456841963498,0.4329456842564612,6.011136033379216e-11
17,9,0.4393478378967625,0.43934783806088873,1.6412621262062999e-10
17,12,0.4135833252385289,0.4135833253782334,1.3970447021449672e-10
17,22,0.40886274965019903,0.4088627500219042,3.717051666463078e-10
17,25,0.42319167444383715,0.42319167719653816,2.7527010115768746e-09
17,30,0.4291168244835881,0.42911682802834666,3.544758542251003e-09
17,38,0.4186045023981003,0.41860451136166577,8.96356544544119e-09
17,51,0.4413722469287006,0.4413722655845412,1.865584059457248e-08
18,5,0.4279653439658915,0.42796534400754344,4.165195965910584e-11
18,10,0.409892674928443,0.40989267494395937,1.5516365969858725e-11
18,13,0.42776951800154195,0.4277695181195872,1.18045240249387e-10
18,23,0.44172840718736717,0.44172840719869044,1.1323275650454434e-11
18,26,0.4136571442430084,0.41365714465749326,4.1448483534267666e-10
18,31,0.42193817872930967,0.4219381788369844,1.0767475799866588e-10
18,39,0.4279729412443612,0.4279729417575629,5.132017033560032e-10
18,52,0.42229028800635826,0.4222902884440153,4.376570217345943e-10
19,6,0.44102068788798104,0.44102068788798354,2.4980018054066022e-15
19,11,0.4066077206594834,0.4066077206594943,1.0880185641326534e-14
19,14,0.4014336730069884,0.401433673006996,7.605027718682322e-15
19,24,0.4215426866724125,0.42154268667244704,3.452793606584237e-14
19,27,0.41077348857396584,0.41077348857397344,7.605027718682322e-15
19,32,0.4353602896953155,0.4353602896953243,8.826273045769994e-15
19,40,0.43771025720423,0.4377102572042359,5.88418203051333e-15
19,45,0.4083381589591555,0.40833815895917147,1.5987211554602254e-14
19,53,0.4126221556715405,0.412622155671541,4.996003610813204e-16
20,7,0.44771855214733053,0.447718552147748,4.1744385725905886e-13
20,12,0.422667246914362,0.4226672469220654,7.703393478664111e-12
20,15,0.434073230536439,0.4340732305368694,4.304334666471732e-13
20,25,0.43573361700479796,0.435733617120463,1.1566503310689313e-10
20,28,0.41528391369765616,0.4152839136989045,1.248334768888526e-12
20,33,0.4142104493663745,0.41421044941400786,4.7633341715425104e-11
20,41,0.4160601584325426,0.4160601584352597,2.7170488081651456e-12
20,46,0.4342062143063224,0.4342062145540932,2.477708038739479e-10
20,54,0.4219541268328712,0.42195412687715095,4.4279746536091125e-11
21,8,0.41051094120730286,0.4105109416875658,4.802629405276093e-10
21,13,0.42749329746284886,0.4274932992137413,1.7508924310405405e-09
21,16,0.41811215739890867,0.4181121578899834,4.910747364306189e-10
21,26,0.41650305994390524,0.41650306776581847,7.821913228234223e-09
21,29,0.4259385085034955,0.4259385113073565,2.8038609767300215e-09
21,34,0.42224510607886506,0.42224512266420827,1.6585343209918335e-08
21,42,0.42601788112331707,0.4260178949089403,1.3785623254047863e-08
21,47,0.4161945255192274,0.4161945597167386,3.419751115618652e-08
21,55,0.436183841734788,0.4361838859029384,4.416815035934718e-08
22,9,0.42078337321523024,0.4207833732287423,1.351208034350293e-11
22,14,0.40929969425947405,0.4092996942604994,1.0253464743925633e-12
22,17,0.4037643972711307,0.4037643974015602,1.3042950053332447e-10
22,27,0.3885921852340042,0.38859218523501665,1.0124678873069115e-12
22,30,0.4164765733804876,0.41647657360175144,2.2126384058296367e-10
22,35,0.39474254537755177,0.39474254540839054,3.0838775977315436e-11
22,43,0.4356134972840104,0.43561349759793,3.139196125268029e-10
22,48,0.41281884999498075,0.41281885001114926,1.6168510974523542e-11
22,56,0.4098847645747959,0.4098847648125991,2.3780322155886324e-10
23,10,0.41711150975632355,0.41711150975731137,9.87820936160233e-13
23,15,0.42146364730575575,0.42146364730589475,1.389999226830696e-13
23,18,0.4408577530833074,0.4408577530880674,4.7600257069291274e-12
23,28,0.431277393156393,0.43127739315671093,3.179123631014136e-13
23,31,0.4242561785902934,0.424256178595066,4.772571227107392e-12
23,36,0.41976906882471526,0.41976906882529114,5.758726828730687e-13
23,44,0.43041927298431015,0.4304192729886025,4.29234425780578e-12
23,49,0.42589078416865334,0.42589078416879866,1.45328193923433e-13
23,57,0.41340432736799376,0.4134043273694555,1.4617196342214811e-12
24,11,0.4074328364745798,0.4074328364749922,4.123923424970144e-13
24,16,0.44595289758014295,0.4459528975849329,4.789946217442775e-12
24,19,0.4289375154833739,0.4289375154834454,7.149836278586008e-14
24,29,0.41097338330282585,0.410973383318743,1.5917156481748407e-11
24,32,0.41366919635366695,0.4136691963539774,3.1047386883642503e-13
24,37,0.4234729282430774,0.4234729282496595,6.582068223792703e-12
24,45,0.419677456019218,0.41967745601973516,5.171418848703979e-13
24,58,0.4081426969286523,0.40814269693211597,3.4636737922255634e-12
25,12,0.4139720222027674,0.4139720223909515,1.8818407943044235e-10
25,17,0.42102599158699977,0.4210259943495249,2.7625251530771777e-09
25,20,0.4098068880288219,0.40980688836943796,3.406160353769394e-10
25,30,0.4002155777611657,0.40021558253836803,4.777202355921162e-09
25,33,0.4143598594380973,0.4143598607923534,1.3542560961532502e-09
25,38,0.40169794017904814,0.40169795226439275,1.2085344613943505e-08
25,46,0.4306733945207478,0.4306734027535713,8.232823478504514e-09
25,59,0.41404839212952915,0.41404842452150514,3.2391975990364585e-08
26,5,0.428273430431843,0.428273430829982,3.9813896623996925e-10
26,13,0.40913082996544503,0.40913083165379266,1.6883476283702237e-09
26,18,0.41773126400923427,0.41773126510441816,1.095183888022433e-09
26,21,0.4166879405101437,0.41668794841713497,7.906991283945786e-09
26,31,0.415754546601523,0.4157545476909403,1.0894172786102274e-09
26,34,0.42607196763493704,0.4260719837250778,1.6090140775304462e-08
26,39,0.45687898277033795,0.4568789923165071,9.546169132956805e-09
26,47,0.3988298707117323,0.3988299039176596,3.3205927285617776e-08
26,60,0.4228472438647584,0.4228472835805332,3.9715774780013646e-08
27,6,0.43322390713435094,0.43322390713435094,0.0
27,14,0.4347602463288759,0.4347602463288759,0.0
27,19,0.4225857502158807,0.4225857502158807,0.0
27,22,0.44407954169689007,0.4440795416969313,4.1244785364824565e-14
27,32,0.4117008485474777,0.4117008485474777,0.0
27,35,0.40119228309921395,0.4011922830992558,4.18554080283684e-14
27,40,0.4144368963437378,0.4144368963437378,0.0
27,48,0.42996303209045594,0.4299630320904776,2.1649348980190553e-14
27,61,0.43378363962458394,0.43378363962459215,8.215650382226158e-15
28,7,0.41192041463708623,0.4119204146371122,2.5979218776228663e-14
28,15,0.41423216015782316,0.4142321601578508,2.7644553313166398e-14
28,20,0.4156432827162643,0.41564328271716566,9.013900736931646e-13
28,23,0.4205471361645436,0.4205471361646265,8.293365993949919e-14
28,33,0.41716828140889595,0.417168281412161,3.265054893120123e-12
28,36,0.43350782427752976,0.4335078242775876,5.784261958297066e-14
28,41,0.41841849612993676,0.4184184961301084,1.716404796070492e-13
28,49,0.42968496013450597,0.4296849601345232,1.7208456881689926e-14
28,62,0.4153917134868221,0.41539171348695003,1.279532035880493e-13
29,8,0.42826664211492044,0.4282666422545237,1.3960327338580214e-10
29,16,0.42003969154229875,0.42003969168940974,1.4711099005637607e-10
29,21,0.4311065144663047,0.431106516283341,1.817036299200936e-09
29,24,0.4361705589078769,0.4361705589455979,3.772099299581555e-11
29,34,0.42646789209018915,0.42646789513438477,3.0441956178073326e-09
29,37,0.4399453919268089,0.43994539213811196,2.1130303062832922e-10
29,42,0.41598832238168554,0.41598832538531477,3.0036292342217052e-09
29,50,0.4224482439561087,0.4224482446869666,7.308579297315987e-10
29,63,0.39531134818806213,0.39531135281259616,4.624534033492722e-09
30,9,0.42517889020051136,0.42517889049467933,2.941679677626041e-10
30,17,0.4393562851575953,0.43935628885592704,3.6983317519556635e-09
30,22,0.41966208890981066,0.41966208957618817,6.663775087289991e-10
30,25,0.4108811763288745,0.41088118129537393,4.966499433933791e-09
30,35,0.4236335198121752,0.423633520490266,6.780908057280044e-10
30,38,0.42441317409856955,0.4244131903826843,1.6284114778830627e-08
30,43,0.43795940108897885,0.43795941022415225,9.135173395513618e-09
30,51,0.406778166928757,0.4067782008528444,3.392408737257213e-08
30,64,0.4248026516127489,0.424802693354543,4.1741794132299503e-08
31,10,0.40258433204549793,0.4025843320609348,1.5436874001295564e-11
31,18,0.42691009047476225,0.4269100905818676,1.0710532460933564e-10
31,23,0.4027196525621954,0.4027196525734698,1.1274425837370927e-11
31,26,0.41722005067424667,0.4172200510849265,4.106798234815301e-10
31,36,0.42393969871659676,0.42393969872441056,7.813805158463083e-12
31,39,0.44174435091849135,0.44174435142692847,5.084371257346731e-10
31,44,0.40965301106369856,0.40965301115963526,9.593670302621149e-11
31,52,0.40609535884907183,0.40609535928269075,4.336189185494277e-10
31,65,0.4129863957509158,0.4129863960150536,2.641378227252744e-10
32,11,0.41061093967923107,0.4106109396792944,6.333822355486518e-14
32,19,0.41276286918713295,0.41276286918714505,1.2101430968414206e-14
32,24,0.40712218373991643,0.40712218374012793,2.1149748619109232e-13
32,27,0.4264675368769951,0.42646753687702654,3.141931159689193e-14
32,37,0.4026160247294297,0.4026160247301973,7.676081992258332e-13
32,40,0.44184725733149394,0.4418472573315169,2.298161660974074e-14
32,45,0.453130456658256,0.4531304566583407,8.465450562766819e-14
32,53,0.4078542223197493,0.4078542223197586,9.270362255620057e-15
32,66,0.4023945699851778,0.4023945699852248,4.701794509287538e-14
33,12,0.41280710366436396,0.41280710371629126,5.192729579661659e-11
33,20,0.40350632285485777,0.40350632294853944,9.36816735297441e-11
33,25,0.40960626394283295,0.4096062648985954,9.557624691680644e-10
33,28,0.4103752819764473,0.4103752819844706,8.02330424320985e-12
33,38,0.4267827619098046,0.42678276480416505,2.894360473515434e-09
33,41,0.41647476314375614,0.4164747631600754,1.631927926126764e-11
33,46,0.4346328987088274,0.43463290081320227,2.104374896561012e-09
33,54,0.4226340206811563,0.4226340209860426,3.048862828869403e-10
33,67,0.420492386946641,0.4204923902821657,3.335524689784819e-09
34,13,0.41446987105496974,0.4144698796782511,8.623281366748614e-09
34,21,0.4204139066525507,0.4204139546415216,4.798897090818599e-08
34,26,0.4346098252469938,0.43460987148337227,4.623637844813899e-08
34,29,0.42422327455401915,0.4242232865913897,1.2037370544781822e-08
34,39,0.4235869919000169,0.4235870509203148,5.9020297871192895e-08
34,42,0.4290539495096215,0.42905403367937855,8.416975705305418e-08
34,47,0.41913010313730314,0.41913051182822475,4.0869092160500387e-07
34,55,0.41674911960229594,0.4167496778681058,5.582658098579607e-07
34,68,0.41622920981531825,0.41623050208507517,1.2922697569250907e-06
35,14,0.410486027869725,0.4104860278707725,1.0474954237338352e-12
35,22,0.4168734839251852,0.41687348395619633,3.101113810188849e-11
35,27,0.4214184379088074,0.4214184379098421,1.0347278589506459e-12
35,30,0.43909219113705367,0.43909219136314354,2.2608986904870676e-10
35,40,0.41523823908974444,0.41523823909051033,7.658873535376642e-13
35,43,0.43710889045003576,0.43710889077080317,3.2076741263153963e-10
35,48,0.4365035435799438,0.43650354359646476,1.6520951273690798e-11
35,56,0.42868108116501696,0.42868108140800726,2.4299029455221444e-10
35,69,0.4318536221392681,0.4318536222763532,1.370851210324986e-10
36,15,0.41592794055212545,0.41592794055222276,9.731104810839497e-14
36,23,0.3940477394374965,0.3940477394380632,5.667133429199112e-13
36,28,0.4190067539940615,0.41900675399428106,2.195466031196247e-13
36,31,0.4384112565779243,0.438411256581198,3.273714632712199e-12
36,41,0.4236741071126824,0.4236741071130824,4.000133557724439e-13
36,44,0.43247859813052447,0.43247859813346873,2.944255950154684e-12
36,49,0.4097207393888676,0.40972073938896814,1.0053069487980792e-13
36,57,0.4118686364112177,0.41186863641222143,1.003752636563604e-12
36,70,0.43401294940326435,0.43401294940361024,3.458899833219675e-13
37,16,0.42610093984698305,0.42610093987976183,3.2778779690545434e-11
37,24,0.39886020798206084,0.3988602079916389,9.57806056689492e-12
37,29,0.422728846039139,0.4227288461642569,1.2511786051661034e-10
37,32,0.4248075172331758,0.42480751723490884,1.7330581414398694e-12
37,42,0.4282406130511191,0.4282406134454804,3.943613213763797e-10
37,45,0.4266653128528661,0.4266653128556288,2.7627344856284708e-12
37,50,0.4458550819955658,0.4458550821412316,1.456658127452215e-10
37,58,0.4146881579412991,0.4146881579621865,2.0887402918390308e-11
37,71,0.42042530397012573,0.4204253041372875,1.671617844145601e-10
38,17,0.42618774902815293,0.4261877752120274,2.618387445751935e-08
38,25,0.4066082355011782,0.40660827072887556,3.522769737029918e-08
38,30,0.41403560160613906,0.4140356479400572,4.633391814667931e-08
38,33,0.4098090340070605,0.4098090448282063,1.0821145812744959e-08
38,43,0.42269421737554597,0.4226942839575195,6.65819735456985e-08
38,46,0.4297549722544612,0.42975505377860634,8.152414515683049e-08
38,51,0.41155030858465014,0.41155072592108644,4.173364362980436e-07
38,59,0.40366925444151885,0.4036698251953592,5.707538403565415e-07
38,72,0.4024538561523274,0.40245519247295425,1.336320626821319e-06
39,18,0.41685483163446024,0.4168548330280425,1.3935822495980688e-09
39,26,0.4428479016906438,0.44284791136749935,9.676855539098028e-09
39,31,0.4368176370345752,0.436817638420742,1.3861667924608412e-09
39,34,0.40797955905708555,0.4079795797322113,2.067512572256902e-08
39,44,0.4137150528271047,0.4137150540691705,1.2420657835576776e-09
39,47,0.4008403956546828,0.40084043835422395,4.2699541125124085e-08
39,52,0.4227621610696743,0.42276217139036987,1.0320695575938288e-08
39,60,0.4436402019753284,0.44364025305601695,5.108068856785053e-08
39,73,0.4113856059059812,0.41138564642903014,4.0523048916440985e-08
40,19,0.410202069012413,0.410202069012413,0.0
40,27,0.4218103041812737,0.42181030418127374,5.551115123125783e-17
40,32,0.4272545399876181,0.4272545399876181,0.0
40,35,0.41608325470630864,0.4160832547063535,4.4853010194856324e-14
40,48,0.40334236753318264,0.4033423675332063,2.3647750424515834e-14
40,53,0.3945315479029493,0.3945315479029493,0.0
40,61,0.41620719963501146,0.4162071996350207,9.2148511043888e-15
40,74,0.42815265387776114,0.42815265387776325,2.1094237467877974e-15
41,20,0.4222755524738122,0.4222755524747346,9.2237328885858e-13
41,28,0.41400717139277926,0.4140071713928625,8.326672684688674e-14
41,33,0.4200596295518017,0.4200596295550645,3.2627789359196413e-12
41,36,0.4113887562779734,0.41138875627803095,5.756506382681437e-14
41,49,0.40384225258926776,0.4038422525892828,1.504352198367087e-14
41,54,0.4280994720989157,0.4280994721018854,2.9697355685698312e-12
41,62,0.4097005029699955,0.40970050297012994,1.3444800828210646e-13
41,75,0.40620766438403516,0.40620766438736117,3.326006137172044e-12
42,21,0.3945482713397108,0.39454828588496266,1.4545251836306505e-08
42,29,0.4214156773163751,0.42141568222754466,4.911169582122454e-09
42,34,0.41078065373438355,0.410780683737819,3.0003435458336725e-08
42,37,0.43223945236938216,0.43223945360751503,1.2381328740040942e-09
42,50,0.3873563443467585,0.3873563489324987,4.585740231988211e-09
42,55,0.40616589167487055,0.4061659719539888,8.027911824193268e-08
42,63,0.4247202851507087,0.42472032346516764,3.8314458938870644e-08
42,76,0.419679226073283,0.41967935823462066,1.3216133765148186e-07
43,22,0.42771032171013607,0.42771032267158243,9.614463669649354e-10
43,30,0.3899859252132416,0.389985934458541,9.245299414928354e-09
43,35,0.41808763398596216,0.4180876349643174,9.783552301634302e-10
43,38,0.408200972901985,0.40820099646774716,2.3565762174992955e-08
43,51,0.401380062483766,0.40138011158790315,4.910413714531714e-08
43,56,0.4222125441797246,0.4222125541584603,9.978735726612342e-09
43,64,0.40984610992010445,0.40984617035687926,6.043677480693788e-08
43,77,0.40917876285280685,0.40917881222716607,4.9374359212261965e-08
44,23,0.42972397934847684,0.4297239793585823,1.01054720147431e-11
44,31,0.426379270711366,0.42637927080714266,9.577666437721177e-11
44,36,0.4361037127917114,0.4361037127987162,7.0047856404187314e-12
44,39,0.4029371121035829,0.4029371125588898,4.553069032908752e-10
44,52,0.431639305506331,0.4316393058946397,3.8830871851303073e-10
44,57,0.4047867247868058,0.4047867248124858,2.5680013671092183e-11
44,65,0.42014872245500606,0.42014872269154646,2.3654039837950336e-10
44,78,0.41297432950099905,0.4129743296064065,1.0540746053777639e-10
45,19,0.386806373022789,0.38680637302280807,1.9095836023552692e-14
45,24,0.4172778826415107,0.4172778826418179,3.071987109137808e-13
45,32,0.43336046057046784,0.43336046057054084,7.299716386910404e-14
45,37,0.4362909468747979,0.43629094687584935,1.0514367154712545e-12
45,53,0.42527818548494845,0.425278185484962,1.354472090042691e-14
45,58,0.41438574102713904,0.4143857410278574,7.183698080837075e-13
45,66,0.42963977342200044,0.42963977342207765,7.721601136267964e-14
45,79,0.42217561459973263,0.4221756146003301,5.97466520702028e-13
46,20,0.417063776586393,0.41706377739271255,8.063195666707657e-10
46,25,0.4123902843669051,0.4123902932535567,8.886651581274663e-09
46,33,0.4168698541000423,0.41686985732770976,3.227667466632056e-09
46,38,0.4051205202538228,0.405120549561446,2.9307623217178502e-08
46,54,0.43964383078261476,0.4396438334217609,2.6391461238617353e-09
46,59,0.41095402767184624,0.4109541065066102,7.883476393910627e-08
46,67,0.42726593516643624,0.42726596654625154,3.137981530176859e-08
46,80,0.41803832423996223,0.4180384546718267,1.3043186447569965e-07
47,21,0.39601360927632356,0.396013719664128,1.1038780445282725e-07
47,26,0.4300114849829504,0.4300115913779504,1.0639500003239988e-07
47,34,0.4360642625828614,0.43606468829027756,4.257074161517771e-07
47,39,0.4138322997742933,0.4138324356605122,1.3588621888827035e-07
47,55,0.4223319311397148,0.42233324093154984,1.3097918350468696e-06
47,60,0.40555629541757243,0.4055575179458837,1.2225283112510255e-06
47,68,0.4177342202292929,0.4177372741823179,3.0539530249673597e-06
47,81,0.42179879011286414,0.4218028104433464,4.020330482246148e-06
48,22,0.4140759932154249,0.4140759932308032,1.5378309736746587e-11
48,27,0.4142737482194638,0.414273748219977,5.132005931329786e-13
48,35,0.4264839310500124,0.42648393106563875,1.5626333560447847e-11
48,40,0.40682235873508066,0.40682235873546047,3.7980729672426605e-13
48,56,0.4139513831021594,0.4139513832226583,1.2049888864495983e-10
48,61,0.40506599610549204,0.4050659961089973,3.5052516444977755e-12
48,69,0.4381476118088249,0.43814761187680484,6.79799549985205e-11
48,82,0.4204125896038343,0.42041258963012024,2.6285917886781363e-11
49,23,0.43397522522669163,0.433975225226796,1.0436096431476471e-13
49,28,0.4074924646175445,0.40749246461759486,5.034861416675085e-14
49,36,0.4307313989643063,0.4307313989643797,7.338574192772285e-14
49,41,0.41268226262041646,0.41268226262050917,9.270362255620057e-14
49,57,0.42172717491236855,0.4217271749125367,1.6814327707947996e-13
49,62,0.4063899602784679,0.40638996027853036,6.245004513516506e-14
49,70,0.4149329332010938,0.4149329332011539,6.006306563222097e-14
49,83,0.42152350875734795,0.4215235087574136,6.566969190657801e-14
50,16,0.44268403106613213,0.4426840311907211,1.245889502676789e-10
50,29,0.4306894045923927,0.43068940509509845,5.027057659034995e-10
50,37,0.406458916449963,0.40645891662566186,1.7569884436241523e-10
50,42,0.3880062840975573,0.3880062857687566,1.6711993455764684e-09
50,58,0.44442238523512023,0.44442238531002387,7.490363884699036e-11
50,63,0.4191951298448708,0.41919513235555345,2.5106826617715683e-09
50,71,0.429092120358592,0.42909212101629923,6.57707222018189e-10
50,84,0.4165096905686557,0.4165096933684622,2.7998064977552417e-09
51,17,0.4145118013218956,0.41451185936011636,5.803822078487286e-08
51,30,0.4111840454798564,0.4111841482200412,1.0274018480416203e-07
51,38,0.4280952501506716,0.42809567777055046,4.27619878839991e-07
51,43,0.4227096650864439,0.42270981274045294,1.4765400901950443e-07
51,59,0.4120282457358605,0.4120295186920223,1.2729561618129992e-06
51,64,0.42284795075575965,0.42284917872345446,1.2279676948057094e-06
51,72,0.40786519456589565,0.4078681841863024,2.989620406734783e-06
51,85,0.42201348195707333,0.4220173574411123,3.875484038962096e-06
52,18,0.42508338747143687,0.4250833886446286,1.1731917104462752e-09
52,31,0.40608879122462577,0.4060887923916006,1.166974850086433e-09
52,39,0.428984703892216,0.42898471416413797,1.0271921979665422e-08
52,44,0.43576011960144523,0.4357601206471157,1.0456704946371076e-09
52,60,0.44631535353609364,0.446315396428243,4.289214938779651e-08
52,65,0.404782892401176,0.4047828972382551,4.837079126129851e-09
52,73,0.4254027849821726,0.42540281900888893,3.402671633345733e-08
52,86,0.3996652104935299,0.3996652287872828,1.8293752901410443e-08
53,19,0.43450683260132666,0.43450683260132666,0.0
53,32,0.4349058767856009,0.43490587678560105,1.6653345369377348e-16
53,40,0.4162916348160723,0.4162916348160744,2.1094237467877974e-15
53,45,0.41882827024432523,0.4188282702443304,5.162537064506978e-15
53,61,0.43553857698403475,0.43553857698406356,2.881028748902281e-14
53,66,0.41454699096189623,0.4145469909618988,2.55351295663786e-15
53,74,0.41970580379410743,0.4197058037941144,6.938893903907228e-15
53,87,0.41072130897580983,0.41072130897581116,1.3322676295501878e-15
54,20,0.39966421005149705,0.39966421009900993,4.7512882517253274e-11
54,33,0.44097875013374194,0.4409787502979563,1.6421436432878522e-10
54,41,0.4199371994753815,0.41993719948475183,9.370337838987552e-12
54,46,0.417385219064505,0.41738521991848887,8.539838836085778e-10
54,62,0.4251586535361297,0.4251586535432079,7.0782268934976855e-12
54,67,0.4085220868323543,0.40852208817600705,1.343652744623114e-09
54,75,0.4356526110051898,0.4356526111761705,1.7098067406351447e-10
54,88,0.4112619308731835,0.41126193244666126,1.573477736993567e-09
55,21,0.4303863893376556,0.43038654428948536,1.5495182975611144e-07
55,34,0.41124150463936704,0.41124211701798924,6.123786222000938e-07
55,42,0.42693039928000825,0.42693067208594165,2.728059333989563e-07
55,47,0.4282430619083941,0.428244443345374,1.3814369798637038e-06
55,63,0.40634278433552745,0.4063432205058052,4.3617027772890893e-07
55,68,0.4262211061272548,0.42622559198297255,4.485855717772935e-06
55,76,0.43105525503980396,0.4310585962001061,3.341160302150481e-06
55,89,0.4228185696293441,0.4228271440248302,8.57439548607175e-06
56,22,0.41505325998759907,0.41505326071220067,7.24601600943231e-10
56,35,0.4330848740298599,0.4330848747672039,7.373440191749125e-10
56,43,0.4152330583748922,0.41523306832214707,9.947254853148735e-09
56,48,0.42599559681799853,0.4259955971991971,3.8119857270757507e-10
56,64,0.4293560218734633,0.4293560674040555,4.5530592240883294e-08
56,69,0.39890127486206645,0.3989012789975923,4.13552586620014e-09
56,77,0.4314104254218502,0.43141046261963156,3.719778135513607e-08
56,90,0.42169979438460714,0.4216998131859365,1.8801329382256426e-08
57,23,0.43006015447856544,0.4300601544813666,2.8011482022805012e-12
57,36,0.4208082300868359,0.4208082300887803,1.944444605328499e-12
57,44,0.41195802600252784,0.4119580260247119,2.2184032388850028e-11
57,49,0.4161886993021544,0.416188699302575,4.2060799287924056e-13
57,65,0.430325122069987,0.43032512212807134,5.808431513543155e-11
57,70,0.42409292573077667,0.4240929257328738,2.0971557823656894e-12
57,78,0.42198577924184943,0.4219857792680517,2.6202262581875857e-11
57,91,0.42159600341059295,0.4215960034183015,7.708556015728618e-12
58,24,0.40800906033164613,0.4080090603345299,2.883748795312613e-12
58,37,0.4268964454541196,0.42689644546520306,1.10834674771354e-11
58,45,0.4506958235059105,0.4506958235069788,1.0683121054455569e-12
58,50,0.42363337476926943,0.42363337479993346,3.0664026873239436e-11
58,66,0.4128122970205015,0.41281229702107064,5.691558335740865e-13
58,71,0.4002994103174102,0.40029941035223743,3.482725219328131e-11
58,79,0.42224038742061604,0.4222403874261521,5.536071601142112e-12
58,92,0.42381390123646867,0.4238139012669758,3.05071523598599e-11
59,25,0.419532753088988,0.4195328638381787,1.1074919070708233e-07
59,38,0.43474195443880476,0.4347425731699648,6.187311600291956e-07
59,46,0.41138358547297205,0.4113838424608633,2.5698789124506405e-07
59,51,0.42666588260371874,0.4266672304685126,1.3478647938880428e-06
59,67,0.4031986780801787,0.403199090655943,4.1257576433029186e-07
59,72,0.41521059941975785,0.41521502019159473,4.420771836877169e-06
59,80,0.38925761119957447,0.38926089496594124,3.2837663667684147e-06
59,93,0.42490452768096953,0.42491282448354845,8.296802578910967e-06
60,26,0.42375300057423737,0.4237531407296942,1.4015545685142072e-07
60,39,0.4074406757753936,0.40744085486939724,1.7909400362725592e-07
60,47,0.3992730722987076,0.3992743745112648,1.3022125571748866e-06
60,52,0.40141065932561887,0.40141080989339245,1.505677735824662e-07
60,68,0.42983197258154127,0.4298362178476639,4.245266122637759e-06
60,73,0.4013034523079817,0.4013046802543385,1.2279463568187765e-06
60,81,0.39420352634855416,0.39420910424771216,5.577899158004662e-06
60,94,0.4242373203432151,0.4242414228080184,4.1024648033127775e-06
61,27,0.4133833800565969,0.4133833800568119,2.1499468871866156e-13
61,40,0.3981970668053741,0.3981970668055334,1.5931700403370996e-13
61,48,0.427808626363097,0.4278086263665344,3.437361506541947e-12
61,53,0.4144457699284456,0.4144457699284834,3.780309398848658e-14
61,69,0.4318012695415059,0.4318012695700334,2.8527513684650785e-11
61,74,0.4224681781674883,0.42246817816788096,3.9268588380991787e-13
61,82,0.4268587986521717,0.4268587986632015,1.1029788193894774e-11
61,95,0.4186350903864244,0.41863509038821983,1.7954526754238032e-12
62,28,0.4152275798136021,0.41522757981361186,9.769962616701378e-15
62,41,0.4000077849339128,0.4000077849339327,1.9872992140790302e-14
62,49,0.42502797936438397,0.42502797936438486,8.881784197001252e-16
62,54,0.4381550142350341,0.4381550142354326,3.9851455468919994e-13
62,70,0.44541754128817007,0.4454175412881798,9.71445146547012e-15
62,75,0.4420038064953786,0.4420038064958257,4.4708681201655054e-13
62,83,0.4206944919534542,0.42069449195346653,1.2323475573339238e-14
62,96,0.42084674760157764,0.4208467476019774,3.997358000162876e-13
63,29,0.40688074799564,0.40688075582610267,7.830462667168803e-09
63,42,0.41520469085204165,0.41520473032915123,3.9477109581298464e-08
63,50,0.4140963922145547,0.414096399485178,7.2706233256170094e-09
63,55,0.40844425132242523,0.4084443817244596,1.3040203439285136e-07
63,71,0.43634857600216864,0.43634858443153074,8.429362097217563e-09
63,76,0.44968707775582006,0.44968729256441553,2.1480859546674225e-07
63,84,0.4172967327557439,0.4172968025723203,6.981657640903194e-08
63,97,0.402839560366824,0.40283981461514035,2.5424831634479617e-07
64,30,0.43921771487458694,0.4392178566142911,1.417397041403312e-07
64,43,0.4188040070712124,0.41880421085208935,2.0378087695060998e-07
64,51,0.4153020842133985,0.4153034000142091,1.315800810641754e-06
64,56,0.4110152338323932,0.4110153875989457,1.53766552490886e-07
64,72,0.4203361877630926,0.420340523537136,4.335774043406904e-06
64,77,0.42553779003613,0.4255391129917816,1.3229556515836904e-06
64,85,0.4054828107281207,0.4054884149963502,5.604268229486564e-06
64,98,0.4231776789972858,0.4231820505531302,4.3715558443735425e-06
65,31,0.42887649120299454,0.4288764918288285,6.258339402265278e-10
65,44,0.4217889037784133,0.4217889043392548,5.608414843649712e-10
65,52,0.4230097941709385,0.4230097986357008,4.464762337619277e-09
65,57,0.4128443295889997,0.4128443297416453,1.5264561836758617e-10
65,73,0.4274958217342169,0.4274958387240338,1.698981688669221e-08
65,78,0.40733622834616773,0.407336229350146,1.003978289393359e-09
65,86,0.41767949717932307,0.4176795063626784,9.183355353936662e-09
65,99,0.4194835736765975,0.41948357691364685,3.2370493507904996e-09
66,32,0.4130185468399609,0.4130185468399901,2.919886554764162e-14
66,45,0.42069888283932316,0.4206988828393766,5.345723863570129e-14
66,53,0.4336084163009047,0.43360841630091196,7.271960811294775e-15
66,58,0.41986120030188434,0.4198612003021268,2.424727085781342e-13
66,74,0.42971043322752933,0.42971043322759217,6.283862319378386e-14
66,79,0.4109296650360955,0.41092966503629774,2.0222712393547226e-13
66,87,0.4296218898807318,0.4296218898807588,2.6978419498391304e-14
66,100,0.4602592807158248,0.46025928071597055,1.4577228313328305e-13
67,33,0.4339448870104573,0.43394489222514154,5.2146842399736215e-09
67,46,0.43372032778368375,0.4337203597335322,3.194984843357673e-08
67,54,0.4033716379554714,0.40337164221414235,4.258670971424294e-09
67,59,0.39945741615342323,0.39945754406523176,1.2791180853399808e-07
67,75,0.4093293047735675,0.40932930955062474,4.777057249771843e-09
67,80,0.4207631218860587,0.4207633336200394,2.117339807372609e-07
67,88,0.42463837114399167,0.4246384309639301,5.981993844716982e-08
67,101,0.42246539741710226,0.4224656454324077,2.480153054595924e-07
68,34,0.41850599290908974,0.4185128695406796,6.8766315898805e-06
68,47,0.4118265169132749,0.41184259109841687,1.6074185141989883e-05
68,55,0.41901881108252076,0.4190418904546384,2.307937211765143e-05
68,60,0.4132926733372979,0.4133144131155106,2.1739778212681582e-05
68,76,0.421570600532629,0.4216135051800771,4.2904647448105404e-05
68,81,0.4223414190428784,0.4225054760412752,0.00016405699839677768
68,89,0.4122520913727546,0.41253486345742335,0.0002827720846687587
68,102,0.4162575542419058,0.4166674703900221,0.00040991614811630717
69,35,0.405308435358532,0.40530843574576936,3.8723735329426745e-10
69,48,0.41973681898145077,0.4197368191817519,2.0030110903235254e-10
69,56,0.4341030572299261,0.43410306114359826,3.913672164124193e-09
69,61,0.44364437736517126,0.4436443774504749,8.530365303016652e-11
69,77,0.420198857509808,0.4201988766842178,1.9174409782163337e-08
69,82,0.41232314049094754,0.4123231413002707,8.093231640415866e-10
69,90,0.44098142351806796,0.4409814332187384,9.700670433598901e-09
69,103,0.4459621186969257,0.4459621214915657,2.7946400193989973e-09
70,36,0.4197615870876429,0.41976158708820294,5.600520047721602e-13
70,49,0.4109808729658381,0.41098087296596414,1.2606582444618653e-13
70,57,0.4162268545086491,0.41622685451049984,1.850741782050136e-12
70,62,0.41593575616470047,0.41593575616499345,2.929878561985788e-13
70,78,0.4234990070233127,0.4234990070301949,6.882161507348883e-12
70,83,0.42275872163262357,0.42275872163296635,3.427813588530171e-13
70,91,0.418825760383733,0.41882576038584085,2.1078694345533222e-12
70,104,0.4239204885098698,0.42392048851037634,5.065392549852277e-13
71,37,0.4225462855089751,0.42254628571302366,2.040485558296723e-10
71,50,0.4305229449462991,0.43052294561170523,6.654061190936034e-10
71,58,0.41775910014252154,0.41775910022916973,8.664818862413881e-11
71,63,0.40789949204787923,0.4078994949803439,2.9324646599881987e-09
71,79,0.4136503615383918,0.4136503616100417,7.164990822872142e-11
71,84,0.43123714597154195,0.43123714924202927,3.2704873254019162e-09
71,92,0.42935318279904294,0.4293531834671142,6.680712649753673e-10
71,105,0.43319528754612263,0.4331952904461948,2.9000721823990716e-09
72,38,0.428875552804361,0.4288827353638251,7.18255946408064e-06
72,51,0.4420955432133276,0.4421115247289535,1.5981515625873577e-05
72,59,0.43335821589113976,0.4333812725090085,2.305661786872193e-05
72,64,0.39347349338604465,0.3934959829832051,2.2489597160446628e-05
72,80,0.4245344599770711,0.4245776473819331,4.318740486197736e-05
72,85,0.41549054941599933,0.41564951147589074,0.00015896205989140988
72,93,0.4091047004638128,0.4093841125413512,0.00027941207753839903
72,106,0.4251349793218495,0.4255528348830053,0.000417855561155811
73,39,0.4093966402738516,0.4093967680710858,1.2779723423950173e-07
73,52,0.41907675870252914,0.4190768661613867,1.0745885753449258e-07
73,60,0.42619656668814987,0.426197713065191,1.1463770411279661e-06
73,65,0.3860551683459866,0.3860552246761243,5.63301377209946e-08
73,81,0.3932079285392064,0.39321169256936966,3.764030163277976e-06
73,86,0.4304144466354723,0.4304148658726274,4.1923715510261417e-07
73,94,0.4326835282772796,0.432686292168929,2.7638916493821775e-06
73,107,0.4151106997051296,0.4151118650581282,1.1653529985999889e-06
74,40,0.4128895952013953,0.4128895952014339,3.863576125695545e-14
74,53,0.4148788340964975,0.4148788340965066,9.103828801926284e-15
74,61,0.414541044955448,0.4145410449558097,3.6165515027164474e-13
74,66,0.40028509742378465,0.4002850974238104,2.5757174171303632e-14
74,82,0.4261791584162787,0.4261791584190186,2.739919402472424e-12
74,87,0.42862029341508395,0.4286202934151082,2.425837308805967e-14
74,95,0.4387554113621717,0.4387554113626149,4.432010314303625e-13
74,108,0.4165881868609379,0.4165881868609716,3.36952687973735e-14
75,41,0.4246194927405011,0.42461949275105876,1.0557665852672926e-11
75,54,0.42304307599371027,0.4230430761657428,1.7203255486819558e-10
75,62,0.41746910472734555,0.41746910473532084,7.975287097394812e-12
75,67,0.4107215543854937,0.410721555899692,1.5141983222832778e-09
75,83,0.41385095070727657,0.41385095071467437,7.397804591136037e-12
75,88,0.4110226202958057,0.41102262206900614,1.77320041983009e-09
75,96,0.42332311323710486,0.423323113409563,1.7245815886468563e-10
75,109,0.4298730303946092,0.4298730318946888,1.5000795605679684e-09
76,42,0.4149194277129526,0.41491992409325784,4.963803052482341e-07
76,55,0.42284188605376505,0.42284542154903443,3.535495269380018e-06
76,63,0.4073922195142344,0.40739301401638817,7.945021537891783e-07
76,68,0.40483147730346103,0.4048400034560208,8.52615255975131e-06
76,84,0.4121297767604096,0.4121306859095608,9.091491511847849e-07
76,89,0.41839346226509727,0.4184097850816978,1.6322816600522483e-05
76,97,0.42003755836241097,0.4200450120237981,7.453661387157862e-06
76,110,0.43540252985699146,0.4354227164074134,2.018655042196338e-05
77,43,0.40094455036466214,0.40094469881408934,1.484494271952741e-07
77,56,0.39860948857767364,0.3986096006038431,1.120261694520508e-07
77,64,0.426949920181631,0.4269511547182965,1.2345366654509249e-06
77,69,0.41805169380214396,0.4180517536046926,5.980254863535706e-08
77,85,0.4124303277457094,0.4124342238439191,3.896098209665855e-06
77,90,0.4218406260096082,0.4218410867602055,4.607505972864523e-07
77,98,0.43010580358269646,0.4301088331520753,3.0295693788651157e-06
77,111,0.43632682315029314,0.4363280966281231,1.2734778299661187e-06
78,44,0.4136250047003686,0.41362500491348325,2.1311463704876132e-10
78,57,0.42823517329980815,0.4282351733585199,5.871175767779846e-11
78,65,0.4193977328793401,0.4193977337897256,9.103854892167362e-10
78,70,0.4078975827686271,0.40789758278543975,1.6812662373411058e-11
78,86,0.4303419758604661,0.430341979092315,3.2318488996097017e-09
78,91,0.4173180967768286,0.4173180968461777,6.934913754363947e-11
78,99,0.42619984235507913,0.42619984353064594,1.1755668105628558e-09
78,112,0.4172207664456112,0.41722076663761704,1.9200585565926076e-10
79,45,0.41822863536196353,0.41822863536284705,8.835154829966996e-13
79,58,0.4081456902578962,0.40814569026340614,5.509925848912189e-12
79,66,0.4085959331897131,0.4085959331901837,4.706235401386039e-13
79,71,0.39935470102286336,0.3993547010515689,2.870553794664943e-11
79,87,0.425416152815236,0.4254161528155991,3.6309844020365745e-13
79,92,0.4117741320414007,0.41177413206654573,2.5145052706676552e-11
79,100,0.4267288851538705,0.42672888515712615,3.2556735085620403e-12
79,113,0.40573509956046316,0.40573509957833576,1.7872592295020695e-11
80,46,0.43844548831714036,0.43844596276124426,4.7444410389285707e-07
80,59,0.4193993740791076,0.41940285332719873,3.479248091131648e-06
80,67,0.41750711787226297,0.41750787991658717,7.620443241984631e-07
80,72,0.42734879138734744,0.42735726206047914,8.47067313169969e-06
80,88,0.440136282375012,0.4401371867524559,9.043774438777241e-07
80,93,0.41072533777615466,0.41074125683760304,1.5919061448377292e-05
80,101,0.41635942485535826,0.4163667168632902,7.292007931924971e-06
80,114,0.4174475009927632,0.41746734909708877,1.9848104325592697e-05
81,47,0.4360776437702565,0.4360956719170674,1.8028146810900036e-05
81,60,0.42538650712391496,0.42541081581768575,2.430869377079148e-05
81,68,0.4388796510514608,0.4390292719696019,0.00014962091814108014
81,73,0.42334881427756793,0.42336573450955045,1.692023198252013e-05
81,89,0.4232936786149433,0.4235986635427425,0.00030498492779917896
81,94,0.41732735931280235,0.41746959091443986,0.00014223160163751025
81,102,0.4201123828133781,0.42054361295837256,0.00043123014499446555
81,115,0.42586151295557567,0.426155808538532,0.00029429558295634983
82,48,0.42694373580894096,0.42694373588027695,7.133599266850865e-11
82,61,0.43534218243510153,0.43534218246548634,3.038480578254621e-11
82,69,0.4084674060785292,0.40846740683944527,7.609160523891489e-10
82,74,0.40470182081767747,0.4047018208256407,7.963241177577629e-12
82,90,0.43885984382242416,0.4388598472186286,3.396204428796068e-09
82,95,0.4265630230728492,0.4265630231101106,3.7261360663620735e-11
82,103,0.4261140288975867,0.4261140298844617,9.868749706321012e-10
82,116,0.42556242122248633,0.42556242132575034,1.0326400845528383e-10
83,49,0.4122197587823002,0.41221975878231726,1.7041923427996153e-14
83,62,0.4051861996895067,0.40518619968956104,5.434541705540141e-14
83,70,0.41374694137948753,0.4137469413795488,6.128431095930864e-14
83,75,0.4245079033319932,0.42450790333387345,1.880273714505165e-12
83,91,0.422608609404467,0.42260860940466016,1.9317880628477724e-13
83,96,0.43584965378098145,0.4358496537826647,1.683264638785431e-12
83,104,0.41104492601413023,0.41104492601420733,7.710498906021712e-14
83,117,0.4204217468558376,0.4204217468569788,1.1411982470121984e-12
84,50,0.42752567079621984,0.4275256790815461,8.285326258405945e-09
84,63,0.4363509008042455,0.43635097153049557,7.072625007875644e-08
84,71,0.44359708633744654,0.4435970959442441,9.606797579664317e-09
84,76,0.43128041940759804,0.43128066697456235,2.475669643176026e-07
84,92,0.42631676812004576,0.4263167764935718,8.373526039218149e-09
84,97,0.43563336102921835,0.4356336540615793,2.9303236093181084e-07
84,105,0.38921267182155,0.389212742026018,7.020446801675462e-08
84,118,0.41725050416305837,0.4172507531705353,2.490074769156969e-07
85,51,0.4316699123090826,0.4316866632751612,1.6750966078615814e-05
85,64,0.42318224977076185,0.42320571891755315,2.3469146791299522e-05
85,72,0.4150526245850549,0.415193580568864,0.00014095598380914343
85,77,0.456836032476881,0.456852873314122,1.6840837241016704e-05
85,93,0.40648933682341193,0.40676750336286094,0.0002781665394490096
85,98,0.4252394341707181,0.42538289615123853,0.000143461980520454
85,106,0.41711633137286264,0.41751900459790314,0.0004026732250405063
85,119,0.4200616727602819,0.4203379673045106,0.0002762945442287279
86,52,0.42582784610873337,0.42582789807937516,5.197064179007782e-08
86,65,0.4383450574899063,0.43834508481346834,2.7323562024061943e-08
86,73,0.4413100110082017,0.4413104134903017,4.0248209998150486e-07
86,78,0.4400915054628234,0.44009151560403864,1.0141215256442848e-08
86,94,0.3934413253205845,0.3934426269370592,1.3016164747137182e-06
86,99,0.43075334716539615,0.43075338339320646,3.6227810307210007e-08
86,107,0.43234761725926013,0.4323481703135451,5.530542849796483e-07
86,120,0.4126809507861529,0.41268103921914334,8.843299043048702e-08
87,53,0.4397640916881846,0.43976409168818914,4.551914400963142e-15
87,66,0.4365323307105774,0.43653233071060193,2.453592884421596e-14
87,74,0.41229741379330687,0.4122974137933512,4.4353409833775004e-14
87,79,0.4398421682676269,0.4398421682677689,1.4199752484955752e-13
87,95,0.4340109553521987,0.43401095535240564,2.0694557179012918e-13
87,100,0.4116867447865924,0.4116867447866945,1.0208500711428314e-13
87,108,0.4148374539127754,0.4148374539127924,1.7041923427996153e-14
87,121,0.41535849305104455,0.41535849305110745,6.289413434501512e-14
88,54,0.40568784464746044,0.4056878497154662,5.068005737296488e-09
88,67,0.4294489466139788,0.4294490071511009,6.053712209297402e-08
88,75,0.39932224093897556,0.3993222466239544,5.684978821030029e-09
88,80,0.42478584298404276,0.42478609609040263,2.531063598709693e-07
88,96,0.422539626147099,0.4225396312350184,5.087919419111131e-09
88,101,0.40662457594121776,0.40662487242852496,2.964873072053287e-07
88,109,0.4278343896443191,0.427834449653102,6.000878294276646e-08
88,122,0.4364871767928591,0.436487432240199,2.5544733989191215e-07
89,55,0.42623336254936967,0.4262810147407573,4.76521913876371e-05
89,68,0.41039179056368574,0.4106797706938053,0.00028798013011954726
89,76,0.41462645977219464,0.41471511554772267,8.865577552802373e-05
89,81,0.4090288602096346,0.40936981579964227,0.0003409555900076855
89,97,0.4130133712389464,0.4131192139340641,0.00010584269511770827
89,102,0.3972320932251706,0.39808641615093693,0.0008543229257663154
89,110,0.4119452404912883,0.4127393680351666,0.0007941275438783091
89,123,0.42586439654542313,0.42692602509646166,0.0010616285510385293
90,56,0.4220619072617772,0.4220619614905599,5.422878268657172e-08
90,69,0.4077953077177091,0.407795336673263,2.8955553899034925e-08
90,77,0.42801009554120645,0.42801054984557635,4.5430436990123724e-07
90,82,0.43337485568654327,0.43337486621684324,1.053029996533894e-08
90,98,0.42390313132844665,0.4239045942727127,1.4629442660618608e-06
90,103,0.43179989399776925,0.4317999321497695,3.8152000281233e-08
90,111,0.4092868499029963,0.4092874649831973,6.150802009941003e-07
90,124,0.4391799646224654,0.4391800559032406,9.128077521625144e-08
91,57,0.4297376902680267,0.4297376902761168,8.090084158141053e-12
91,70,0.42851304221482217,0.4285130422173266,2.504441098949428e-12
91,78,0.4329859998162696,0.43298599984834435,3.207473175947939e-11
91,83,0.4234806730470062,0.42348067304828435,1.2781442570997115e-12
91,99,0.429513269922844,0.42951327001242245,8.957845576418322e-11
91,104,0.42871557695679635,0.4287155769587769,1.9805268536288168e-12
91,112,0.424663046027529,0.4246630460517637,2.4234669826483923e-11
91,125,0.4255166596085325,0.42551665961196716,3.4346414601316155e-12
92,58,0.4297950571785892,0.4297950572541529,7.556372194628125e-11
92,71,0.4306519751030967,0.43065197576945546,6.66358745959883e-10
92,79,0.4448008676885401,0.44480086775102434,6.248424000432351e-11
92,84,0.42807875558612807,0.42807875843279836,2.846670288381148e-09
92,100,0.416929124006168,0.4169291240503135,4.414552057241394e-11
92,105,0.3942026417972834,0.3942026443215681,2.524284670180066e-09
92,113,0.41095239261714034,0.41095239302262876,4.0548842061838286e-10
92,126,0.42988787061703637,0.42988787232603004,1.7089936688030605e-09
93,59,0.40980103576598714,0.40984687386852,4.583810253283582e-05
93,72,0.4086283119431219,0.40891042676717804,0.0002821148240561566
93,80,0.4216225970311999,0.42170850327065007,8.590623945015086e-05
93,85,0.4349981339849314,0.43531529216932124,0.0003171581843898208
93,101,0.39523990552078114,0.3953411053211979,0.00010119980041678467
93,106,0.4158844730553075,0.41671859943790773,0.0008341263826002199
93,114,0.403054282573523,0.40382026649809205,0.0007659839245690581
93,127,0.3977937359699899,0.3988109935883756,0.0010172576183856696
94,60,0.42037527522944623,0.4203958247946586,2.0549565212357734e-05
94,73,0.4012603360799586,0.4012745976295814,1.4261549622807124e-05
94,81,0.42866407051141997,0.4288187003714866,0.00015462986006664625
94,86,0.4120011441106307,0.4120079374510839,6.793340453170593e-06
94,102,0.40665730822717056,0.4070428830524027,0.00038557482523216
94,107,0.4152479157783753,0.4152683239881896,2.0408209814304357e-05
94,115,0.42642492637853846,0.42668193582669267,0.0002570094481542107
94,128,0.427540173667465,0.42758196713941016,4.179347194516181e-05
95,61,0.413920033150583,0.41392003315241416,1.831146345665502e-12
95,74,0.4070778753714002,0.40707787537188916,4.889422200449189e-13
95,82,0.3901533414197591,0.3901533414335041,1.3745005134069288e-11
95,87,0.4122665752614776,0.41226657526160154,1.2395640069939873e-13
95,103,0.42134417181653466,0.4213441718621035,4.5568826489983394e-11
95,108,0.4247830975609768,0.4247830975611483,1.7147394615335543e-13
95,116,0.4287048154444482,0.4287048154505706,6.122380380446657e-12
95,129,0.4384466303435268,0.43844663034383174,3.0492275371329924e-13
96,62,0.42689189860244886,0.42689189860958265,7.133793555880175e-12
96,75,0.4107907053702098,0.4107907055425847,1.7237489213783874e-10
96,83,0.4134155057369956,0.413415505743613,6.617428827127014e-12
96,88,0.40093139784164106,0.400931399429018,1.5873769521057568e-09
96,104,0.4077316218237574,0.407731621829824,6.066591673459243e-12
96,109,0.4218888931696628,0.42188889451252554,1.3428627099187906e-09
96,117,0.4316562747309835,0.4316562748359227,1.0493922397714073e-10
96,130,0.41287390344638597,0.41287390432496607,8.785800975630309e-10
97,63,0.438919016267935,0.4389199639649471,9.476970120880779e-07
97,76,0.4299117545620843,0.429919225670262,7.4711081776701604e-06
97,84,0.40965443647217564,0.4096555209534303,1.0844812546317861e-06
97,89,0.4050286040459134,0.4050480977958999,1.9493749986498887e-05
97,105,0.40289329788945016,0.40289424078390074,9.428944505729397e-07
97,110,0.4222608342110193,0.42228494205138994,2.4107840370657385e-05
97,118,0.41779418362361176,0.41780170457337057,7.520949758810236e-06
97,131,0.41923514652199695,0.4192545545066221,1.9407984625130492e-05
98,64,0.4438219448004626,0.4438449254696382,2.298066917560959e-05
98,77,0.41994652515853986,0.4199629394677148,1.6414309174928032e-05
98,85,0.4077089238516382,0.40787166859558266,0.00016274474394445404
98,90,0.4082899146550534,0.40829785257321366,7.937918160283441e-06
98,106,0.40402867340570003,0.4044571560546671,0.00042848264896705457
98,111,0.4299620954918618,0.429985493835899,2.339834403719543e-05
98,119,0.43599271290087604,0.43627689833158684,0.0002841854307107927
98,132,0.4268012205927566,0.4268466826790057,4.5462086249115075e-05
99,65,0.4102255407146394,0.41022554405382794,3.3391885367883845e-09
99,78,0.4035887804297847,0.4035887817662168,1.336432131626708e-09
99,86,0.4201651841402033,0.42016519654596346,1.240576014138739e-08
99,91,0.41716453846712087,0.41716453870469816,2.37577291173352e-10
99,107,0.4181177240388416,0.4181177542405731,3.0201731504586604e-08
99,112,0.4164130539251949,0.41641305458945105,6.642561500846966e-10
99,120,0.4376447768612992,0.43764478673319357,9.871894357527111e-09
99,133,0.4333752968567945,0.43337529815244474,1.295650253752001e-09
100,66,0.4039961513423896,0.403996151342723,3.333999742949345e-13
100,79,0.4306269466812226,0.4306269466844391,3.2165381469440035e-12
100,87,0.44168105245050826,0.4416810524507657,2.574607194105738e-13
100,92,0.385986556414076,0.38598655643169677,1.762079371303571e-11
100,108,0.4369196265723427,0.43691962657257294,2.3026025530725747e-13
100,113,0.40275365797773083,0.4027536579902573,1.2526479853391947e-11
100,121,0.4115225124403127,0.4115225124416853,1.3726242364953123e-12
100,134,0.4288370113354518,0.4288370113422723,6.8204886183309554e-12
101,67,0.44164275922195606,0.4416436570262413,8.978042852492152e-07
101,80,0.4363254175040161,0.43633271670481977,7.299200803667638e-06
101,88,0.4240382102474444,0.42403927574357264,1.065496128216381e-06
101,93,0.4291481987721461,0.4291669479615601,1.874918941396908e-05
101,109,0.42345884305913184,0.4234597336936072,8.906344753367712e-07
101,114,0.4175772505597947,0.4176006260111207,2.3375451325968744e-05
101,122,0.40797740095803364,0.40798480796978825,7.407011754612114e-06
101,135,0.41925982353862173,0.41927839110473875,1.856756611701149e-05
102,68,0.4170896655454541,0.42383723698941345,0.0067475714439593215
102,81,0.43601448757136346,0.4432724798962794,0.007257992324915918
102,89,0.42236004942162,0.436392970004082,0.014032920582462027
102,94,0.39500588288306604,0.4013625832851459,0.006356700402079862
102,110,0.4067019156412958,0.42666326642080143,0.019961350779505616
102,115,0.3948461207726971,0.40825758623101166,0.013411465458314564
102,123,0.42413624997329097,0.5072521703190026,0.08311592034571164
102,136,0.4187029713576459,0.4394842432893716,0.020781271931725687
103,69,0.4448575469887698,0.4448575498634609,2.8746910962773597e-09
103,82,0.4162134255523093,0.4162134266319015,1.0795921934203534e-09
103,90,0.44667297633143255,0.4466729893430968,1.3011664246054266e-08
103,95,0.4387008863373748,0.43870088647635264,1.3897782924487956e-10
103,111,0.43197756405905124,0.4319775969485201,3.288946887058941e-08
103,116,0.43620470084573515,0.4362047012311585,3.854233598943324e-10
103,124,0.41325788194171875,0.4132578905802079,8.638489146228778e-09
103,137,0.41935038281343034,0.41935038357464566,7.612153130054367e-10
104,70,0.4100765725078868,0.4100765725080917,2.0489165919457264e-13
104,83,0.41939488575369316,0.4193948857538776,1.8446355554146976e-13
104,91,0.39972731567037434,0.3997273156710264,6.520339823623544e-13
104,96,0.4269776112558311,0.42697761126090594,5.0748294455615905e-12
104,112,0.4128803941536901,0.4128803941552666,1.5765166949677223e-12
104,117,0.4315556168646698,0.4315556168681114,3.4415803540355228e-12
104,125,0.4374976561240382,0.43749765612440944,3.7125857943465235e-13
104,138,0.42644049747810353,0.4264404974799553,1.85179649392353e-12
105,71,0.41311823006756876,0.4131182384467714,8.379202665054208e-09
105,84,0.41354453479570913,0.4135446042959888,6.950027969798711e-08
105,92,0.42608095458704276,0.4260809618906997,7.3036569570028576e-09
105,97,0.42831340748532176,0.42831366084874595,2.5336342418524893e-07
105,113,0.42850687847064206,0.42850688348709776,5.016455695283639e-09
105,118,0.41680453570198356,0.41680475100587666,2.1530389310298048e-07
105,126,0.43861764338007303,0.43861768319802613,3.981795310137315e-08
105,139,0.43923077929288346,0.43923090737470444,1.2808182098256182e-07
106,72,0.41979466526072406,0.4266069204737931,0.006812255213069052
106,85,0.4080373931436197,0.414795602480365,0.006758209336745313
106,93,0.4172237282764362,0.4308175879536171,0.013593859677180853
106,98,0.4432404761328118,0.4502177156808659,0.0069772395480540705
106,114,0.43848418952761664,0.45825346981246773,0.019769280284851087
106,119,0.42690300074411225,0.4403799167928188,0.013476916048706544
106,127,0.39549016304157153,0.4774660631811543,0.08197590013958278
106,140,0.42734292580772476,0.44754861225269676,0.020205686444972004
107,73,0.4132865957723914,0.413287812881044,1.2171086525847308e-06
107,86,0.4211774638324362,0.42117806476841124,6.009359750369647e-07
107,94,0.411593465721806,0.41159749529873724,4.0295769312415075e-06
107,99,0.4218023649368028,0.4218024699108807,1.0497407793019775e-07
107,115,0.4153472872901541,0.4153550915491899,7.804259035848471e-06
107,120,0.40473477171343447,0.4047350293831032,2.576696687128788e-07
107,128,0.4366545015792254,0.43665771203457165,3.2104553462364294e-06
107,141,0.42628038762717885,0.42628080451237027,4.168851914232441e-07
108,74,0.40764020352194663,0.4076402035219743,2.7644553313166398e-14
108,87,0.42248489054073235,0.42248489054074284,1.049160758270773e-14
108,95,0.43736838580046516,0.4373683858005927,1.2750911437819923e-13
108,100,0.4175230478157109,0.41752304781577315,6.222800053024002e-14
108,116,0.4217763377683388,0.42177633776869167,3.52884388377106e-13
108,121,0.41166924297675406,0.41166924297679214,3.808064974464287e-14
108,129,0.4404789564073848,0.4404789564073985,1.3655743202889425e-14
108,142,0.4067384844266213,0.40673848442663835,1.7041923427996153e-14
109,75,0.43778120963992606,0.43778121438010237,4.74017630702761e-09
109,88,0.44044827617166094,0.44044833554326457,5.9371603633451286e-08
109,96,0.42677588004494693,0.4267758842872973,4.242350359895397e-09
109,101,0.4128139334363294,0.4128141796634808,2.4622715139033247e-07
109,117,0.4243209907823348,0.42432099365659864,2.8742638269463328e-09
109,122,0.41746447376118995,0.41746468590674785,2.121455578985021e-07
109,130,0.421162509410142,0.4211625418035989,3.239345691685713e-08
109,143,0.432027562183025,0.43202768785259965,1.2566957463544526e-07
110,76,0.42164288574914793,0.42176666235295507,0.0001237766038071353
110,89,0.4099106289514123,0.4107461412409496,0.0008355122895373213
110,97,0.42608347269941077,0.4262312535017572,0.0001477808023464533
110,102,0.4148600739067422,0.4160877924645403,0.0012277185577981298
110,118,0.42976758802360415,0.42989225876053516,0.0001246707369310096
110,123,0.41171829300299967,0.4132439315836788,0.0015256385806791117
110,131,0.4296029085099273,0.4304301875162019,0.000827279006274606
110,144,0.41469028467491154,0.41593754967952096,0.0012472650046094214
111,77,0.41794491397915595,0.4179462597338374,1.3457546814699128e-06
111,90,0.4032001120469826,0.40320077079820404,6.587512214606406e-07
111,98,0.43944086997871384,0.4394452929254615,4.422946747628664e-06
111,103,0.43011495675881745,0.430115067294498,1.1053568055308105e-07
111,119,0.42381025130530714,0.42381845532252016,8.204017213020443e-06
111,124,0.41384410420971873,0.4138443691415861,2.6493186738862917e-07
111,132,0.42254188698803435,0.4225452339935185,3.347005484155563e-06
111,145,0.4371964451158733,0.4371968630287498,4.179128765269269e-07
112,78,0.4414309164607797,0.4414309165554781,9.469841577569582e-11
112,91,0.4211308743803541,0.42113087440692004,2.6565916133591827e-11
112,99,0.40486867957862643,0.4048686798455511,2.6692464905053725e-10
112,104,0.418794321316941,0.41879432132231914,5.378142375889183e-12
112,120,0.4232104460549048,0.42321044660918145,5.542766245980602e-10
112,125,0.40080260566034837,0.4008026056697823,9.433953618298574e-12
112,133,0.41112593930877317,0.4111259394413,1.3252682284914385e-10
112,146,0.4236585877510239,0.4236585877666731,1.5649204154755125e-11
113,79,0.4192652748468233,0.41926527488990784,4.308453593893091e-11
113,92,0.41877069090398694,0.41877069130146255,3.974756079827557e-10
113,100,0.425692458071541,0.42569245810198664,3.044564600429567e-11
113,105,0.40590844873648163,0.40590845044771573,1.711234098866754e-09
113,121,0.41795754894130666,0.41795754895922804,1.792138659695297e-11
113,126,0.408878971338837,0.40887897249790345,1.1590664539262718e-09
113,134,0.40467249906611924,0.40467249921075565,1.4463641395678906e-10
113,147,0.4100727632570865,0.4100727638283583,5.712717521255684e-10
114,80,0.39930445220133703,0.3994268551411067,0.00012240293976967243
114,93,0.42336507231240644,0.4241750099595714,0.0008099376471649711
114,101,0.41361806587020955,0.4137622636856214,0.00014419781541186172
114,106,0.4096640581307329,0.41089082192027354,0.0012267637895406192
114,122,0.43158713389296294,0.4317118278521374,0.00012469395917447113
114,127,0.4209641251195716,0.4224602320453633,0.0014961069257917181
114,135,0.4070452612624662,0.4078475890639484,0.0008023278014822055
114,148,0.4270018548985346,0.4282240319985774,0.0012221771000427983
115,81,0.43501600851230404,0.43534205466877307,0.0003260461564690287
115,94,0.44043946421010705,0.4407010741469287,0.0002616099368216718
115,102,0.43453194012134533,0.4353469341669128,0.000814994045567452
115,107,0.4026732001905613,0.4027159473252829,4.2747134721576874e-05
115,123,0.43713927928920426,0.43815203612254444,0.0010127568333401782
115,128,0.4237263833028922,0.4238140154138059,8.76321109137268e-05
115,136,0.4082573051345247,0.4090429006302361,0.0007855954957113886
115,149,0.40864751309236025,0.40875240129996804,0.0001048882076077895
116,82,0.42507892643360917,0.4250789264731902,3.9581005140121306e-11
116,95,0.4117059672427564,0.41170596724920094,6.4445671021928774e-12
116,103,0.41895554412585284,0.4189555442570554,1.3120254882537097e-10
116,108,0.4049232612909251,0.4049232612914199,4.948264020754323e-13
116,124,0.40078046967253494,0.4007804699678146,2.952796340771613e-10
116,129,0.4416676169980656,0.4416676169989443,8.786860128395801e-13
116,137,0.41529830891714575,0.4152983089517903,3.464456499457924e-11
116,150,0.4085399253579309,0.4085399253594336,1.5027423749813806e-12
117,83,0.4164847403079888,0.41648474031242605,4.437228362519363e-12
117,96,0.4172244739665528,0.41722447407012514,1.0357231738922223e-10
117,104,0.41743163207478745,0.4174316320788602,4.072742143534924e-12
117,109,0.420464615717269,0.42046461662047985,9.032108394535499e-10
117,125,0.41018294293473734,0.41018294293891727,4.179934176562483e-12
117,130,0.4291604155239565,0.42916041611485195,5.908954436861791e-10
117,138,0.4098426817070934,0.4098426817449508,3.785738389439075e-11
117,151,0.4253014958132594,0.42530149608333984,2.7008045799803426e-10
118,84,0.42337166734939746,0.423372582853913,9.155045155306851e-07
118,97,0.4105042442239512,0.4105117521212693,7.5078973180708886e-06
118,105,0.4237523198439899,0.4237531158377706,7.959937806667483e-07
118,110,0.40880512505999356,0.40882546217521726,2.0337115223700852e-05
118,126,0.44177416270646225,0.4417746715803678,5.08873905569196e-07
118,131,0.4374584528178271,0.4374748247303634,1.6371912536339295e-05
118,139,0.420753442443461,0.4207569362296163,3.493786155273071e-06
118,152,0.43827926257826744,0.43828784616065725,8.583582389809497e-06
119,85,0.4395363924201574,0.43985085976231864,0.00031446734216122874
119,98,0.41171665164383997,0.41200141869459356,0.0002847670507535871
119,106,0.41131959955352093,0.4121462652727469,0.0008266657192259608
119,111,0.40802246606368375,0.40806763077673025,4.516471304649716e-05
119,127,0.42217151812322984,0.42317967698679587,0.0010081588635660332
119,132,0.4310146732934233,0.43110245645571915,8.778316229585137e-05
119,140,0.4319604355244098,0.43273620598536294,0.000775770460953118
119,153,0.42760195524883526,0.427702944207723,0.00010098895888771553
120,86,0.422116771534079,0.42211680331774504,3.1783666032403346e-08
120,99,0.4177023140280932,0.41770232478387526,1.0755782042792816e-08
120,107,0.38298989071755807,0.3829899686175696,7.790001155250081e-08
120,112,0.4130134361158631,0.4130134377024961,1.5866329916569555e-09
120,128,0.42804003537942414,0.42804017196748223,1.3658805808614005e-07
120,133,0.4093110904564547,0.4093110935593634,3.1029087077527606e-09
120,141,0.40660825901492514,0.40660829809961163,3.9084686487278475e-08
120,154,0.4086481937330314,0.4086481984772286,4.744197201755895e-09
121,87,0.4155480143686785,0.41554801436883143,1.5293322164211531e-13
121,100,0.4330861229574276,0.43308612295876525,1.3376522112196199e-12
121,108,0.40844679233553766,0.40844679233567366,1.3600232051658168e-13
121,113,0.4243076036096774,0.42430760361691694,7.239542298975721e-12
121,129,0.4224270326100754,0.422427032610241,1.655897641228421e-13
121,134,0.42155133615308554,0.4215513361570305,3.944955473400569e-12
121,142,0.4410028467011932,0.44100284670155354,3.6032288264209456e-13
121,155,0.42077819100659786,0.42077819100826513,1.6672774272308288e-12
122,88,0.43973551287064294,0.4397364330913617,9.202207187364309e-07
122,101,0.40141885951484185,0.4014262907960824,7.43128124053305e-06
122,109,0.43870296782368745,0.43870373700960014,7.691859126857103e-07
122,114,0.4380195050981142,0.4380397597188925,2.0254620778259458e-05
122,130,0.4290214917679692,0.42902198588328355,4.941153143311894e-07
122,135,0.4244465683809771,0.42446265390713345,1.6085526156339736e-05
122,143,0.4409949844941841,0.4409984755485741,3.491054389959114e-06
122,156,0.4131385273609467,0.41314718314645626,8.655785509570357e-06
123,89,0.44122429549567344,0.45555818449506674,0.014333888999393307
123,102,0.40370070592217466,0.4800936081467069,0.07639290222453221
123,110,0.415026509640902,0.43539704749277996,0.02037053785187798
123,115,0.424590524260382,0.43829192584447924,0.013701401584097217
123,131,0.4294407481065189,0.4435875165302671,0.014146768423748235
123,136,0.42666787708301235,0.44787302494291903,0.02120514785990668
123,144,0.4384299701882379,0.5152943839159964,0.07686441372775843
123,157,0.4328651561577332,0.4470356030384359,0.014170446880702736
124,90,0.40934255551652443,0.4093425877873545,3.2270830063740874e-08
124,103,0.4211612037767754,0.421161212943135,9.16635961578649e-09
124,111,0.4010739423749164,0.4010740241362376,8.176132121340274e-08
124,116,0.4070357101225927,0.4070357110612941,9.387013943928935e-10
124,132,0.4237778395130073,0.42377797806110507,1.3854809777225086e-07
124,137,0.4110911660718077,0.41109116792616995,1.8543622748445898e-09
124,145,0.40677489723443716,0.4067749304217842,3.318734703716686e-08
124,158,0.4322272249420176,0.43222722780224215,2.8602245571995866e-09
125,91,0.4515538003126345,0.4515538003141519,1.5173973189064327e-12
125,104,0.4479195664729645,0.4479195664735092,5.447309270323331e-13
125,112,0.42830351221442026,0.4283035122181025,3.6822211946230254e-12
125,117,0.42168463717426835,0.4216846371818537,7.585376771146457e-12
125,133,0.4189208710260657,0.4189208710327799,6.714240274874328e-12
125,138,0.41160130850402055,0.41160130850810406,4.083511306873788e-12
125,146,0.4373611516366704,0.43736115163799094,1.3205547766403924e-12
125,159,0.4147527217860285,0.41475272178749,1.461497589616556e-12
126,92,0.39405048655968283,0.3940504912681976,4.708514744766745e-09
126,105,0.4133566264321984,0.4133566651893268,3.8757128395516816e-08
126,113,0.4086909351102879,0.40869093834558945,3.2353015266828322e-09
126,118,0.43330369600745877,0.43330383176942716,1.3576196838949173e-07
126,134,0.4053869448499978,0.4053869464886053,1.6386074719321186e-09
126,139,0.41672937852324066,0.4167294593335217,8.081028102235877e-08
126,147,0.4301416872330878,0.4301416986386837,1.1405595856661677e-08
126,160,0.4197209667506121,0.4197209999268721,3.3176260016976045e-08
127,93,0.4237949632559333,0.43765394097386223,0.013858977717928933
127,106,0.42496233366630937,0.5008922191848504,0.07592988551854102
127,114,0.39726320455299574,0.4173993482515771,0.020136143698581355
127,119,0.41318238872995255,0.4269225372102286,0.013740148480276049
127,135,0.40202503588125005,0.41576394032341796,0.01373890444216791
127,140,0.4332409071019253,0.45382142991037006,0.020580522808444746
127,148,0.4323194581374807,0.5081532057290563,0.07583374759157563
127,161,0.4196285526014941,0.4332352184065216,0.013606665805027507
128,94,0.46956550237824013,0.46957399800716704,8.495628926907806e-06
128,107,0.4265626359171778,0.42656609100519943,3.455088021631081e-06
128,115,0.41333308623153875,0.41334957500253267,1.6488770993916546e-05
128,120,0.4317269382844412,0.4317274516808888,5.133964475767527e-07
128,136,0.41229340778732576,0.4123147279303937,2.1320143067937725e-05
128,141,0.42294937295014184,0.4229502046628373,8.317126954371368e-07
128,149,0.41256175811565055,0.41256969715151487,7.939035864323873e-06
128,162,0.41142003425592677,0.4114210201538717,9.858979449495209e-07
129,95,0.41468614175280966,0.4146861417528728,6.317169010117141e-14
129,108,0.41915514397798354,0.4191551439779875,3.941291737419306e-15
129,116,0.43970690203239726,0.4397069020325719,1.7463808177353712e-13
129,121,0.409269566283459,0.40926956628347694,1.7930101847696278e-14
129,137,0.42791113585151724,0.42791113585186275,3.455014052633487e-13
129,142,0.4279631008113104,0.42796310081131994,9.547918011776346e-15
129,150,0.3987280313042066,0.3987280313042177,1.1102230246251565e-14
129,163,0.4095559446540907,0.4095559446540927,1.9984014443252818e-15
130,96,0.4105559801808805,0.41055598289496603,2.7140855118901186e-09
130,109,0.435177335745621,0.435177367627623,3.1882001982896924e-08
130,117,0.4213740548517449,0.42137405669064526,1.838900365314089e-09
130,122,0.44500645013928736,0.4450065851500672,1.350107798336886e-07
130,138,0.44534206109568597,0.4453420620799056,9.842196502241052e-10
130,143,0.4110910330467741,0.4110911130630169,8.001624279829755e-08
130,151,0.43614932890452396,0.43614933807944883,9.17492487539917e-09
130,164,0.43331688060980167,0.4333169128711216,3.2261319948823086e-08
131,97,0.4090185834150063,0.40912316614564487,0.00010458273063856938
131,110,0.423801887805367,0.4245856094785976,0.0007837216732305974
131,118,0.4005344535397618,0.4006226856647364,8.823212497460764e-05
131,123,0.42146594914579677,0.4225129511164885,0.001047001970691741
131,139,0.4225874304161901,0.42263346572919575,4.603531300562125e-05
131,144,0.42049680958754904,0.4213527767114624,0.0008559671239133371
131,152,0.42751299260804454,0.4277963647609852,0.0002833721529406641
131,165,0.4320178835635611,0.43235102907251177,0.00033314550895069406
132,98,0.4174574974155027,0.4174663080248172,8.810609314513496e-06
132,111,0.4082255740707671,0.40822914093812734,3.5668673602495815e-06
132,119,0.4208506936411874,0.4208670561612884,1.6362520101009803e-05
132,124,0.43279434061331906,0.4327948471889004,5.0657558131606e-07
132,140,0.42200982725363034,0.42203070434139184,2.0877087761494995e-05
132,145,0.43069635065230805,0.4306971501318434,7.994795353516437e-07
132,153,0.4299933111340703,0.4300008816861887,7.5705521184188385e-06
132,166,0.40512783134802044,0.40512874014396366,9.087959432219073e-07
133,99,0.42638687864409935,0.4263868791786824,5.345830444980493e-10
133,112,0.42244232065425524,0.42244232079226457,1.380093261893478e-10
133,120,0.39813291523407063,0.3981329163468102,1.1127395671550744e-09
133,125,0.4193600496131209,0.4193600496313796,1.8258727862985324e-11
133,141,0.4219339038227189,0.4219339055215827,1.6988638273929269e-09
133,146,0.42020213852403115,0.42020213855439065,3.0359492697584756e-11
133,154,0.4137528543200185,0.41375285471285445,3.9283593045169596e-10
133,167,0.41134756396843825,0.41134756401138645,4.294820055150694e-11
134,100,0.4173368229119977,0.41733682292754004,1.5542345188634954e-11
134,113,0.42943037214768404,0.42943037228631603,1.3863199477270882e-10
134,121,0.42697854898103765,0.42697854899019544,9.157785640923066e-12
134,126,0.40982709238353715,0.4098270929546814,5.711442430111902e-10
134,142,0.4181582842284679,0.418158284232434,3.966105222019678e-12
134,147,0.4090373492061521,0.4090373494883239,2.821717859369244e-10
134,155,0.40492692370373135,0.4049269237321223,2.839095625262189e-11
134,168,0.4514397615394481,0.45143976163846106,9.90129644939941e-11
135,101,0.41745003002678677,0.41755032607467646,0.00010029604788969193
135,114,0.43502276224801495,0.4357821154424797,0.0007593531944647403
135,122,0.4442145134198502,0.44430123591077436,8.672249092417372e-05
135,127,0.40030419330802897,0.4013128450945101,0.0010086517864811295
135,143,0.4254877976723126,0.42553235719366567,4.4559521353071396e-05
135,148,0.4224937301989571,0.4233177077973709,0.0008239775984137943
135,156,0.42809526401672726,0.42837433010960785,0.0002790660928805866
135,169,0.42371251606775867,0.4240287164514313,0.0003162003836726379
136,102,0.4304613255261663,0.43174086170512044,0.0012795361789541548
136,115,0.41591668044316676,0.4167554120804374,0.0008387316372706621
136,123,0.41694750913111894,0.4185375387263017,0.0015900295951827847
136,128,0.431296679287685,0.4314292421391368,0.0001325628514518007
136,144,0.4213432974248088,0.42264320509358877,0.0012999076687799649
136,149,0.4344782890887113,0.43463696178556954,0.00015867269685826413
136,157,0.4053900931618621,0.40625234291032464,0.0008622497484625513
136,170,0.43564344980724257,0.4357786459108237,0.00013519610358114775
137,103,0.41598207653682867,0.4159820768003646,2.635359153124739e-10
137,116,0.42664173744857564,0.42664173748402223,3.5446590107568454e-11
137,124,0.4200349114213494,0.42003491201444076,5.930913538065852e-10
137,129,0.41734765762875264,0.4173476576305185,1.7658652318175427e-12
137,145,0.4343123003084063,0.4343123012263773,9.179710325213364e-10
137,150,0.42404023499145915,0.4240402349944781,3.018973959711957e-12
137,158,0.4227594012637903,0.42275940137078005,1.0698975039247216e-10
137,171,0.4136281138638471,0.4136281138682171,4.369948847227079e-12
138,104,0.40832988522223,0.40832988522439034,2.160327472466861e-12
138,117,0.40909068457264397,0.40909068461003767,3.7393699248156054e-11
138,125,0.40448397680421994,0.4044839768064439,2.2239432517778823e-12
138,130,0.4179579204157551,0.4179579207317548,3.159997263857406e-10
138,146,0.4131325066008183,0.4131325066035657,2.7474134078886436e-12
138,151,0.42808533294168266,0.4280853330859968,1.4431411621274037e-10
138,159,0.43650962851202507,0.4365096285190586,7.033540416756523e-12
138,172,0.4300410666021228,0.4300410666450177,4.2894854335173704e-11
139,105,0.42063720455565795,0.4206376293955835,4.248399255724067e-07
139,118,0.43342855328029,0.433431839763901,3.286483610975832e-06
139,126,0.41605804608161223,0.416058317971441,2.718898287623617e-07
139,131,0.41346977158251735,0.41347810374382055,8.332161303192809e-06
139,147,0.42288366860001575,0.4228837836342804,1.1503426466941136e-07
139,152,0.4118906586693169,0.41189503424409923,4.3755747823337465e-06
139,160,0.3998512826705573,0.3998519424673941,6.597968367771934e-07
139,173,0.4449639959935987,0.44496529600715967,1.300013560967539e-06
140,106,0.4195926565540227,0.42084657026158423,0.0012539137075615048
140,119,0.41057260047176874,0.41139472286092454,0.0008221223891557994
140,127,0.4210584090576562,0.4225876257923299,0.0015292167346737107
140,132,0.409797997130252,0.4099268534787921,0.0001288563485400962
140,148,0.4288555943438859,0.4301048199029627,0.0012492255590767498
140,153,0.42164393479275925,0.42179215658533986,0.00014822179258061619
140,161,0.42180985084611744,0.4226249381868863,0.0008150873407688497
140,174,0.4022365369096349,0.402362265729782,0.0001257288201471085
141,107,0.406047538365798,0.40604766623344146,1.2786764347350044e-07
141,120,0.41697527473182405,0.41697531490371287,4.0171888815443424e-08
141,128,0.40320272932262463,0.40320295367335623,2.243507316035398e-07
141,133,0.4049940476547964,0.4049940526363504,4.981554002636557e-09
141,149,0.39908195710814254,0.3990822239220262,2.6681388365368264e-07
141,154,0.433854836677114,0.4338548442980736,7.620959585619147e-09
141,162,0.40840094559337237,0.4084010200442293,7.445085692392439e-08
141,175,0.4190846769273506,0.41908468552691736,8.599566780898016e-09
142,108,0.4127198971781659,0.4127198971782248,5.895284260759581e-14
142,121,0.40792525919547806,0.4079252591958186,3.4056091280376677e-13
142,129,0.43698476504592243,0.43698476504599437,7.194245199571014e-14
142,134,0.40904581765468034,0.40904581765632136,1.6410206526984439e-12
142,150,0.405436435193415,0.405436435193524,1.0902390101819037e-13
142,155,0.4229209433161053,0.4229209433168016,6.962763698936669e-13
142,163,0.4149939730066159,0.41499397300667284,5.695444116327053e-14
142,176,0.4073349045110314,0.40733490451125975,2.283728761653947e-13
143,109,0.41440701436996286,0.41440741627913713,4.0190917427462836e-07
143,122,0.42958380177340894,0.4295870681494264,3.266376017441175e-06
143,130,0.4298820640411249,0.429882322346026,2.5830490113509796e-07
143,135,0.4129703982641339,0.4129784421618963,8.043897762377572e-06
143,151,0.4454498552572889,0.44544996601451214,1.1075722322617665e-07
143,156,0.42105540915525463,0.4210597447137867,4.3355585320759005e-06
143,164,0.4370604641361347,0.43706111725687424,6.531207395465977e-07
143,177,0.43173582676320116,0.43173709851854086,1.2717553397045833e-06
144,110,0.4062165676010341,0.4262043794132948,0.019987811812260725
144,123,0.43262894405145635,0.5157814093866638,0.08315246533520748
144,131,0.42633574429935467,0.44020388893897155,0.013868144639616886
144,136,0.4225815013174086,0.4433901836650156,0.020808682347606966
144,152,0.41912302885867175,0.42584905335896706,0.006726024500295302
144,157,0.4212904154286876,0.43518188056334683,0.01389146513465922
144,165,0.43097136434513045,0.4380775978945378,0.00710623354940737
144,178,0.4319790710493648,0.4389119271650417,0.0069328561156769
145,111,0.39540315848400737,0.3954032887522358,1.302682284265444e-07
145,124,0.4258763768238107,0.42587641057896725,3.3755156558790134e-08
145,132,0.40386233058664484,0.40386255144586747,2.2085922263270774e-07
145,137,0.41123800703474944,0.4112380099738693,2.939119836398163e-09
145,153,0.4215965467771988,0.4215968024220981,2.556448993051852e-07
145,158,0.43435377916251405,0.43435378369604977,4.533535713502346e-09
145,166,0.43992552368041077,0.43992558345599314,5.977558237280078e-08
145,179,0.43195700183572266,0.4319570070185802,5.182857532037843e-09
146,112,0.4136190358617119,0.41361903586843835,6.726452728145205e-12
146,125,0.4139710461623752,0.41397104616389513,1.5199508318630706e-12
146,133,0.418033680804492,0.41803368081676884,1.2276846206304981e-11
146,138,0.3960807700948768,0.3960807701020897,7.212896946384717e-12
146,154,0.4235962585806543,0.42359625859855293,1.7898627024948155e-11
146,159,0.41468272061734646,0.4146827206199288,2.582323244126883e-12
146,167,0.38574609815688254,0.38574609816020256,3.320010932839068e-12
146,180,0.4197472043329496,0.41974720433383617,8.865685963144188e-13
147,113,0.431982776197848,0.43198277759809656,1.4002485837494305e-09
147,126,0.4214291543353519,0.4214291648828537,1.0547501816393634e-08
147,134,0.43125709033710924,0.4312570910480843,7.109750566058892e-10
147,139,0.41097796062495123,0.41097799333043594,3.2705484709349975e-08
147,155,0.4139942134119263,0.4139942136747536,2.6282725995585565e-10
147,160,0.41901720807421505,0.41901722157399685,1.3499781792436494e-08
147,168,0.4173260746589011,0.4173260761023662,1.4434651252059894e-09
147,181,0.41780821924744704,0.41780822313323146,3.885784416457483e-09
148,114,0.39750344271041277,0.41726732137306405,0.01976387866265128
148,127,0.41347424966711865,0.4954430316223278,0.08196878195520912
148,135,0.4259723105254071,0.43944471459277407,0.013472404067366939
148,140,0.410448786853697,0.4306489544928881,0.02020016763919108
148,156,0.42016354532166067,0.4269382856796786,0.00677474035801795
148,161,0.4128580726654031,0.4261999435833638,0.013341870917960741
148,169,0.41840805917726376,0.4252711088578113,0.006863049680547517
148,182,0.41167859516646643,0.4183098365800248,0.006631241413558364
149,115,0.4220192514795087,0.422038984013053,1.9732533544314368e-05
149,128,0.42012498659167086,0.42013293509791305,7.948506242194675e-06
149,136,0.3974508118303022,0.397476324527443,2.551269714085036e-05
149,141,0.4203267926931527,0.42032778773940976,9.950462570573748e-07
149,157,0.42648200891034926,0.4265020914860281,2.0082575678814774e-05
149,162,0.42748343420371165,0.42748461374333624,1.1795396245850576e-06
149,170,0.412482288507892,0.41249036738258266,8.078874690675697e-06
149,183,0.4100213736100645,0.41002237041319595,9.968031314255832e-07
150,116,0.41948225594929694,0.4194822559493657,6.877831637552845e-14
150,129,0.41639313044356374,0.41639313044356663,2.886579864025407e-15
150,137,0.417694843434916,0.41769484343505164,1.3566925360919413e-13
150,142,0.43440241437927024,0.4344024143792716,1.3322676295501878e-15
150,158,0.4222283240889758,0.422228324089185,2.091660178393795e-13
150,163,0.4153272537689714,0.4153272537689714,0.0
150,171,0.42143407354797746,0.4214340735479832,5.717648576819556e-15
150,184,0.41358867779870756,0.41358867779870756,0.0
151,117,0.43424757165036626,0.43424757242583,7.754637487700222e-10
151,130,0.4157372352091217,0.4157372438447729,8.635651194133231e-09
151,138,0.4194376504901613,0.41943765090527213,4.1511083459511156e-10
151,143,0.41940313549294506,0.41940316854550913,3.305256407459822e-08
151,159,0.4102163492266588,0.41021634937044155,1.4378276347315477e-10
151,164,0.4210815339534574,0.4210815473137993,1.3360341943879916e-08
151,172,0.4012995620416897,0.40129956313391996,1.0922302506877202e-09
151,185,0.41323202883860943,0.41323203177043233,2.931822895568814e-09
152,118,0.42533105568022256,0.4253740955701187,4.303988989612373e-05
152,131,0.41833382828512977,0.4186125585990206,0.00027873031389080705
152,139,0.42542554396358656,0.42544801813553895,2.247417195239132e-05
152,144,0.42148432528603835,0.4218987314060423,0.0004144061200039295
152,160,0.41850684610855005,0.4185144695550853,7.623446535265366e-06
152,165,0.43034844519587573,0.43051011723413685,0.0001616720382611181
152,173,0.4254892716748393,0.4255045465516398,1.5274876800475123e-05
152,186,0.40764152269618,0.40766385126787974,2.2328571699758992e-05
153,119,0.4196443440946686,0.4196631223770881,1.877828241947377e-05
153,132,0.40880876696645513,0.4088163035213571,7.536554901987902e-06
153,140,0.40068859523865513,0.4007125486050731,2.395336641797252e-05
153,145,0.42950989321639105,0.4295108143498255,9.21133434472754e-07
153,161,0.4209229264459822,0.42094158227755696,1.865583157473205e-05
153,166,0.4196595021312991,0.41966054920396073,1.0470726616307324e-06
153,174,0.42120855751451325,0.42121593439134714,7.376876833886659e-06
153,187,0.4053392081770407,0.40534010594801684,8.977709761159858e-07
154,120,0.41446564070678,0.4144656424402032,1.7334231827703661e-09
154,133,0.42501844420700907,0.42501844461108307,4.040739964850104e-10
154,141,0.4078903713478777,0.40789037399616984,2.6482921411385973e-09
154,146,0.40962649685849783,0.40962649690465913,4.616129700707461e-11
154,162,0.40953920413025463,0.4095392071728161,3.042561480537387e-09
154,167,0.4191430716143756,0.41914307167970577,6.533018570564764e-11
154,175,0.4099625751551501,0.409962575841438,6.862879153857193e-10
154,188,0.4227388630613214,0.42273886314268655,8.136513685030877e-11
155,121,0.41428588144486206,0.4142858814482913,3.4292568784621835e-12
155,134,0.4378769456048712,0.43787694563092855,2.6057322966011043e-11
155,142,0.42361549327470577,0.4236154932761968,1.4910295220715852e-12
155,147,0.4225570893702092,0.42255708946856196,9.835277037240076e-11
155,163,0.42447839839075197,0.42447839839126916,5.171973960216292e-13
155,168,0.4352846861194594,0.43528468615428073,3.4821312500099566e-11
155,176,0.41470337931337997,0.4147033793162469,2.8669289164895417e-12
155,189,0.42874298981625913,0.428742989825352,9.092893105133726e-12
156,122,0.4128958514788875,0.41293966031309537,4.380883420784798e-05
156,135,0.4105400816049559,0.4108154465642214,0.00027536495926550053
156,143,0.4182274559117033,0.41824998228409954,2.2526372396247663e-05
156,148,0.4307576131151183,0.4311714541982763,0.0004138410831580064
156,164,0.4174048460012996,0.41741255305946856,7.707058168937575e-06
156,169,0.43649738623176015,0.436656458625037,0.00015907239327683786
156,177,0.4364656575209283,0.43648092837971925,1.5270858790938924e-05
156,190,0.419121285556954,0.41914361641605025,2.233085909625343e-05
157,123,0.41567150348489795,0.41672037872573486,0.0010488752408369106
157,136,0.3961014218088779,0.39691398848326337,0.0008125666743854509
157,144,0.4175436988907744,0.4184011974452369,0.000857498554462488
157,149,0.43005388631907804,0.43016213066090936,0.00010824434183132059
157,165,0.4414702655901234,0.4418039599402751,0.0003336943501516809
157,170,0.43322726742704215,0.4333194894877269,9.222206068476568e-05
157,178,0.40359196094005284,0.4038824834996101,0.00029052255955724915
157,191,0.4372804305243013,0.4373285855514858,4.8155027184471066e-05
158,124,0.4192463273713143,0.41924632829458275,9.232684616833353e-10
158,137,0.41656538420375105,0.41656538431210066,1.0834960706418428e-10
158,145,0.4012909815948777,0.4012909830238865,1.4290088001800427e-09
158,150,0.4064657610067965,0.40646576101149634,4.699851618994444e-12
158,166,0.4222776185945164,0.42227762021035387,1.6158374638308715e-09
158,171,0.42147882569922346,0.42147882570602613,6.802669538785722e-12
158,179,0.4185784894236713,0.41857848961411426,1.904429391963447e-10
158,192,0.4113828076387388,0.4113828076554334,1.6694590154742173e-11
159,125,0.4384337014055058,0.43843370140627685,7.710498906021712e-13
159,138,0.4258770106676542,0.4258770106745398,6.885603198725221e-12
159,146,0.40756105279457444,0.4075610527955362,9.617862062327731e-13
159,151,0.4152734556652784,0.4152734557165106,5.123218516089878e-11
159,167,0.43109298262141177,0.43109298262264945,1.2376766278521245e-12
159,172,0.41042448321761305,0.41042448323274516,1.513211778103596e-11
159,180,0.43812961263352695,0.4381296126342061,6.791234241632083e-13
159,193,0.423615016893452,0.4236150168954941,2.0420887203442817e-12
160,126,0.4282346387968717,0.4282347337313937,9.493452202136154e-08
160,139,0.4307633168532915,0.43076392723986334,6.10386571842092e-07
160,147,0.42558034412323714,0.4255803844781152,4.035487805031934e-08
160,152,0.4280016161200347,0.4280030592078941,1.443087859431813e-06
160,168,0.4185585059599447,0.4185585169327655,1.0972820818633267e-08
160,173,0.4245944607516527,0.42459489921828136,4.38466628671641e-07
160,181,0.4318958645473227,0.4318958965968973,3.2049574605341746e-08
160,194,0.4208189056472635,0.42081896463661206,5.898934857251348e-08
161,127,0.4200281752907208,0.4210262788452583,0.0009981035545374994
161,140,0.4246307674873919,0.4253989876350458,0.0007682201476538753
161,148,0.4262923580741126,0.42710771896520167,0.0008153608910890786
161,153,0.411745309835932,0.41184536003274264,0.00010005019681064153
161,169,0.43169415260607075,0.43200736978689613,0.00031321718082538696
161,174,0.43425465052471973,0.43433951530757614,8.486478285640864e-05
161,182,0.43116603763261,0.43143709817654763,0.0002710605439376068
161,195,0.42214367633455213,0.4221875593633736,4.388302882146755e-05
162,128,0.39931406589289165,0.3993143342232669,2.683303752526456e-07
162,141,0.42029511937780506,0.42029519503147766,7.565367260431444e-08
162,149,0.4165364880585657,0.41653680718953584,3.191309701500167e-07
162,154,0.42292686193526785,0.4229268709236957,8.988427835365798e-09
162,170,0.4141699327268856,0.41417020418233025,2.714554446225925e-07
162,175,0.4042775709683901,0.40427758111040185,1.0142011730440714e-08
162,183,0.43275851028933227,0.4327585864399174,7.615058511545314e-08
162,196,0.42153807040975844,0.42153808023671774,9.826959301850735e-09
163,129,0.4336801370170509,0.4336801370170772,2.631228568361621e-14
163,142,0.39932673306796357,0.39932673306801414,5.057065877167588e-14
163,150,0.41792435378060017,0.41792435378063825,3.808064974464287e-14
163,155,0.42890193598519977,0.4289019359854195,2.1971313657331848e-13
163,171,0.43291703788368974,0.43291703788374497,5.523359547510154e-14
163,176,0.4096144014718895,0.4096144014719634,7.388534228880417e-14
163,184,0.4265216245463639,0.42652162454637066,6.772360450213455e-15
163,197,0.4173333575748976,0.4173333575749491,5.1514348342607263e-14
164,130,0.4287810780674675,0.428781167944021,8.987655347736379e-08
164,143,0.4340393486263233,0.43403995427943065,6.056531073328486e-07
164,151,0.42942390519476975,0.4294239438096016,3.8614831832095575e-08
164,156,0.4084140267088008,0.40841546860239625,1.4418935954663148e-06
164,172,0.4329262120575355,0.43292622252139795,1.0463862443188532e-08
164,177,0.4359483873901202,0.43594882005196267,4.326618424643769e-07
164,185,0.42720341578761534,0.42720344463274884,2.884513350398521e-08
164,198,0.4323839275404167,0.4323839982007915,7.06603747735457e-08
165,131,0.3975913876653859,0.397886760593526,0.00029537292814013627
165,144,0.41566650220095686,0.4160935094159814,0.000427007215024533
165,152,0.4174967538094302,0.4176426635617858,0.00014590975235562187
165,157,0.4131419512886473,0.41343770249963446,0.00029575121098718293
165,173,0.4196088886829556,0.4196258067725438,1.6918089588202623e-05
165,178,0.4328798685002863,0.43302916434188665,0.0001492958416003387
165,186,0.41904619900973,0.41907083154188374,2.46325321537344e-05
165,199,0.46258482149076513,0.46260300234149776,1.818085073262976e-05
166,132,0.4129844878120132,0.4129847395814245,2.517694113191027e-07
166,145,0.4233340325183236,0.4233340925746197,6.005629610283947e-08
166,153,0.413538054663692,0.4135383460871733,2.914234813466976e-07
166,158,0.43782259905932136,0.4378226042184095,5.15908815668098e-09
166,174,0.4167938794052419,0.41679412692727846,2.475220365893982e-07
166,179,0.4010686107695872,0.40106861666759075,5.898003530013796e-09
166,187,0.4011626101109722,0.4011626688668209,5.8755848686420364e-08
166,200,0.419263525392828,0.41926353947814987,1.4085321853318788e-08
167,133,0.4269045872651493,0.4269045872829278,1.7778500893683713e-11
167,146,0.4273485823803523,0.4273485823837978,3.445521645772942e-12
167,154,0.4144210411792896,0.41442104120521084,2.592126513434323e-11
167,159,0.43165972608876374,0.4316597260924766,3.71286335010268e-12
167,175,0.41468059647429395,0.41468059650380484,2.951089372871252e-11
167,180,0.4159856114462159,0.4159856114474905,1.2746470545721422e-12
167,188,0.43450194980962614,0.4345019498155513,5.925149260121998e-12
167,201,0.42645549027417273,0.4264554902766975,2.5247581803000685e-12
168,134,0.4216175370357189,0.42161753723614975,2.0043083859278e-10
168,147,0.4371627561134452,0.43716275737079774,1.2573525554060438e-09
168,155,0.4303176424330938,0.43031764250791527,7.48214823431681e-11
168,160,0.4401651937777109,0.4401651971721311,3.394420189373193e-09
168,176,0.4263046460001887,0.42630464601884543,1.8656742817313443e-11
168,181,0.41462012042981466,0.41462012145762134,1.0278066731039814e-09
168,189,0.41729263474978456,0.41729263481422707,6.444250688630859e-11
168,202,0.40368839234943105,0.4036883925569395,2.0750845486361413e-10
169,135,0.4191891628678154,0.41946900328642683,0.0002798404186114545
169,148,0.43416368600556005,0.4345721713600155,0.00040848535445547896
169,156,0.41630788511866157,0.4164507273579179,0.00014284223925631334
169,161,0.42359122120220094,0.4238694385177443,0.00027821731554333873
169,177,0.39726365415527776,0.3972799064745081,1.6252319230358747e-05
169,182,0.4107737178554484,0.410913813787927,0.00014009593247860108
169,190,0.423216487801292,0.4232401654903798,2.3677689087786558e-05
169,203,0.42277034419559045,0.42278493752189517,1.4593326304712662e-05
170,136,0.41647453450477,0.4164963116913269,2.1777186556881656e-05
170,149,0.41529374628738647,0.41530184566154993,8.099374163461626e-06
170,157,0.4305167051287261,0.4305338439547288,1.7138826002738305e-05
170,162,0.4018954622198971,0.4018964662579645,1.0040380674092297e-06
170,178,0.4250400769607501,0.42504916743569654,9.090474946460425e-06
170,183,0.42845351796508235,0.42845436644037593,8.484752935800088e-07
170,191,0.41310649223825896,0.4131102901796227,3.79794136373679e-06
170,204,0.4197290934564086,0.4197296793621814,5.859057728430095e-07
171,137,0.44366647799464337,0.4436664779946904,4.701794509287538e-14
171,150,0.4205000912167152,0.4205000912167167,1.4988010832439613e-15
171,158,0.41009108970366775,0.4100910897037402,7.244205235679146e-14
171,163,0.40046741247811896,0.40046741247811896,0.0
171,179,0.4305241407628486,0.4305241407629316,8.298917109073045e-14
171,184,0.39916005700014257,0.39916005700014257,0.0
171,192,0.41602614741812716,0.4160261474181332,6.050715484207103e-15
171,205,0.4350955712317565,0.43509557123176007,3.552713678800501e-15
172,138,0.4370110185116832,0.4370110186205735,1.0889028567717673e-10
172,151,0.4010905430496038,0.40109054404262684,9.930230526755679e-10
172,159,0.43593005930806217,0.4359300593458004,3.773825696384847e-11
172,164,0.4302153853856393,0.43021538879817284,3.4125335335311036e-09
172,180,0.4148364272781108,0.4148364272887204,1.0609568779074152e-11
172,185,0.4282870950650123,0.4282870958248036,7.597913409540524e-10
172,193,0.42935957557982235,0.429359575611138,3.131567227754317e-11
172,206,0.40614728428612035,0.40614728439860753,1.1248718623235732e-10
173,139,0.435138956701968,0.4351401815622367,1.2248602687114918e-06
173,152,0.43666921240629514,0.43667211071897816,2.898312683019544e-06
173,160,0.41589683979367453,0.41589728702815637,4.4723448183736636e-07
173,165,0.42713564366200557,0.4271394785293217,3.834867316143686e-06
173,181,0.4378772005502323,0.4378772642348501,6.368461780148493e-08
173,186,0.4208762948793074,0.42087749581198886,1.2009326814665933e-06
173,194,0.43537388452205306,0.43537400187765374,1.1735560068171225e-07
173,207,0.4275649208012709,0.42756505812179185,1.3732052095427605e-07
174,140,0.4208113946121989,0.42083173614528774,2.0341533088830133e-05
174,153,0.4235440322873352,0.4235514168667815,7.384579446267914e-06
174,161,0.44711642661944423,0.447132267294299,1.5840674854772363e-05
174,166,0.4363491068890215,0.4363499944836195,8.875945979869293e-07
174,182,0.4112735201718782,0.41128191024533484,8.390073456654434e-06
174,187,0.4257204282153038,0.4257211892415046,7.610262007795576e-07
174,195,0.4366715411399569,0.43667495868923284,3.417549275963605e-06
174,208,0.42171635368699445,0.42171685716441654,5.034774220868954e-07
175,141,0.4068019074903281,0.4068019104663761,2.9760480191320937e-09
175,154,0.410428924551202,0.4104289252336866,6.824846243702609e-10
175,162,0.4071947379770865,0.40719474139594886,3.4188623598829793e-09
175,167,0.43747927104418227,0.43747927111798446,7.380218658425974e-11
175,183,0.42744553040243216,0.4274455334236619,3.0212297663645415e-09
175,188,0.4269908876612381,0.4269908877531507,9.191258865115515e-11
175,196,0.4129036089581891,0.4129036097052214,7.470322693770015e-10
175,209,0.4433651241276502,0.4433651243755475,2.478972582764527e-10
176,142,0.4262967136378705,0.4262967136382472,3.7675418340654687e-13
176,155,0.40492083554662456,0.404920835549011,2.386424391431774e-12
176,163,0.4356324305132787,0.43563243051341183,1.3311574065255627e-13
176,168,0.4107917048444095,0.41079170485203237,7.622846798227556e-12
176,184,0.4044008778844443,0.4044008778844879,4.363176486776865e-14
176,189,0.40773697591857333,0.4077369759207018,2.128464071660119e-12
176,197,0.43004570299120054,0.43004570299158024,3.7969627442180354e-13
176,210,0.3998953079395348,0.39989530794019756,6.627476345499872e-13
177,143,0.4116431532030227,0.4116443555781568,1.202375134123912e-06
177,156,0.4266127876871185,0.4266156571421926,2.869455074050453e-06
177,164,0.41318229262442907,0.41318273403236083,4.414079317616171e-07
177,169,0.4262867094808216,0.42629039939864516,3.6899178235683117e-06
177,185,0.4102158655788598,0.4102159225516564,5.697279659155896e-08
177,190,0.42352953570107643,0.42353071696727146,1.1812661950272307e-06
177,198,0.3996223805071444,0.39962252014704314,1.396398987552061e-07
177,211,0.41683645259832236,0.4168365739675012,1.213691788182203e-07
178,144,0.4081272818188096,0.4085550478708015,0.00042776605199190687
178,157,0.39085181671058344,0.3911394394647599,0.0002876227541764309
178,165,0.3985315187592813,0.39869808377210225,0.0001665650128209739
178,170,0.423311964129754,0.42335814147204626,4.6177342292230694e-05
178,186,0.43807201198090756,0.4380949640379143,2.295205700675318e-05
178,191,0.40800938775491336,0.40803351426460926,2.4126509695909792e-05
178,199,0.4293547507272762,0.42937162853216615,1.6877804889958714e-05
178,212,0.4168101276725671,0.41681732078124845,7.19310868135814e-06
179,145,0.4125347785132003,0.41253478014617495,1.6329746443943804e-09
179,158,0.4086538285160908,0.40865382870642275,1.903319724050334e-10
179,166,0.4075069159298495,0.40750691777631914,1.8464696438513784e-09
179,171,0.4248742087066774,0.4248742087144514,7.774003663030271e-12
179,187,0.40754967844795054,0.4075496800507997,1.6028491867103867e-09
179,192,0.4317262589991195,0.4317262590181972,1.9077739388251302e-11
179,200,0.4188634090333989,0.41886340945950634,4.2610742712057004e-10
179,213,0.3876419646058735,0.38764196466274675,5.68732283490192e-11
180,146,0.4245461408944546,0.4245461408948069,3.5232927686479343e-13
180,159,0.413991512875319,0.4139915128761132,7.941980406656057e-13
180,167,0.4423334208136351,0.44233342081409693,4.618527782440651e-13
180,172,0.41847627034905427,0.41847627035473417,5.679900993982301e-12
180,188,0.43863797938668,0.4386379793872431,5.631051180898794e-13
180,193,0.44169845356070286,0.44169845356136433,6.614708780716683e-13
180,201,0.42555020980234354,0.4255502098026164,2.728373083016322e-13
180,214,0.4345001409048711,0.43450014090502914,1.5804024755539103e-13
181,147,0.3981181098560649,0.39811811361303673,3.7569718447372225e-09
181,160,0.4229241068509731,0.42292411735219465,1.0501221558989471e-08
181,168,0.42031151433327596,0.4203115154751786,1.1419026280101718e-09
181,173,0.42444538311453517,0.42444540252164464,1.9407109475011453e-08
181,189,0.4146512133463567,0.4146512135274383,1.810815941638566e-10
181,194,0.4362100543628988,0.4362100597617642,5.398865410288778e-09
181,202,0.40481491494478966,0.40481491553456284,5.897731747417367e-10
181,215,0.41853119200829286,0.41853119282638196,8.180890964659682e-10
182,148,0.424077269237814,0.4244821944600175,0.00040492522220347826
182,161,0.4135889176786568,0.41385685744460976,0.00026793976595296254
182,169,0.4208787381558734,0.4210344604025378,0.0001557222466643804
182,174,0.4118165203837183,0.4118588662675311,4.234588381279991e-05
182,190,0.4422224892867882,0.44224436350323876,2.1874216450556982e-05
182,195,0.4120661817860276,0.41208809256294426,2.1910776916655994e-05
182,203,0.428633963411791,0.4286473943082816,1.3430896490584932e-05
182,216,0.4180530593530224,0.4180600644005845,7.005047562125277e-06
183,149,0.4034919687467088,0.40349223522824046,2.664815316744118e-07
183,162,0.39574650583687787,0.3957465803394346,7.450255673502326e-08
183,170,0.4557741816845129,0.45577440836063865,2.2667612575855145e-07
183,175,0.41664705574404604,0.4166470643744425,8.63039645304653e-09
183,191,0.4256582305708185,0.4256583658581567,1.352873382209907e-07
183,196,0.4174925847441085,0.41749259310592496,8.361816461466276e-09
183,204,0.4207839177263072,0.4207839626637493,4.4937442100767555e-08
183,217,0.41658155646921097,0.4165815749640829,1.8494871911745037e-08
184,150,0.42545009514647397,0.4254500951464844,1.0436096431476471e-14
184,163,0.43639170417290624,0.4363917041729081,1.887379141862766e-15
184,171,0.42290069518188617,0.42290069518190176,1.559863349598345e-14
184,176,0.41543080505423075,0.4154308050542463,1.554312234475219e-14
184,192,0.46191124613034595,0.4619112461303923,4.6351811278100286e-14
184,197,0.4150800329686078,0.4150800329686182,1.0380585280245214e-14
184,205,0.4121951578771214,0.41219515787715333,3.191891195797325e-14
184,218,0.42259005085673396,0.42259005085673695,2.9976021664879227e-15
185,151,0.43147825922441196,0.43147826203186224,2.8074502722574834e-09
185,164,0.40980943037733486,0.4098094400871109,9.709776038757667e-09
185,172,0.41745644718241504,0.4174564479828346,8.004195639621514e-10
185,177,0.415796257567651,0.4157962757640528,1.819640182976201e-08
185,193,0.42583618674985946,0.4258361868377777,8.791822825315876e-11
185,198,0.4155241214783221,0.4155241265219328,5.043610751265248e-09
185,206,0.41574492762948284,0.4157449279455711,3.1608826667195444e-10
185,219,0.439195104493461,0.4391951048339952,3.4053421194002453e-10
186,152,0.41505610194079307,0.4150604770547903,4.375113997256985e-06
186,165,0.4253464835304939,0.42535225796880893,5.774438315009345e-06
186,173,0.42087469987381787,0.42087599276399046,1.292890172588379e-06
186,178,0.4195814353220274,0.4195858666720496,4.43135002220485e-06
186,194,0.42440625220871364,0.42440641848324084,1.6627452720241465e-07
186,199,0.4036405836453222,0.40364196267371205,1.3790283898695854e-06
186,207,0.4244103753995171,0.42441057017221384,1.9477269674883502e-07
186,220,0.42276072625828526,0.42276087600649614,1.4974821088697965e-07
187,153,0.4219781444646007,0.42197839266193443,2.4819733374092934e-07
187,166,0.41300431732568743,0.41300437543746354,5.81117761133676e-08
187,174,0.40082553600521603,0.4008257468171906,2.1081197454364542e-07
187,179,0.4375207455950763,0.4375207506389879,5.0439115661937706e-09
187,195,0.40617178414823885,0.4061719086251825,1.2447694364148276e-07
187,200,0.411319753433067,0.41131976546381094,1.2030743956614742e-08
187,208,0.3904458764760653,0.3904459100292928,3.355322747422562e-08
187,221,0.43080636647559656,0.4308063723639973,5.888400766984603e-09
188,154,0.43366555579565963,0.4336655558282921,3.263245229589984e-11
188,167,0.4073329239832937,0.40733292398931153,6.0178528826781985e-12
188,175,0.4128520799213984,0.4128520799585481,3.7149727738494676e-11
188,180,0.4222929639517101,0.42229296395329996,1.5898393712632242e-12
188,196,0.4215317412931623,0.4215317413289073,3.5745018056587696e-11
188,201,0.40526100695412226,0.4052610069572864,3.164135620181696e-12
188,209,0.3925553717769052,0.3925553717905921,1.3686884958730161e-11
188,222,0.4047377368519458,0.40473773685693254,4.986733248557584e-12
189,155,0.40733564139546463,0.40733564140414885,8.684220009769206e-12
189,168,0.41018151526558205,0.4101815152945762,2.8994140421900738e-11
189,176,0.42822896882181977,0.42822896882426326,2.443489854897507e-12
189,181,0.400629619325671,0.40062961939433517,6.866418544859698e-11
189,197,0.4213511128816073,0.4213511128829053,1.2979617380892705e-12
189,202,0.4163632034795393,0.4163632035023469,2.2807589150630747e-11
189,210,0.42681249171568586,0.42681249171795743,2.2715718195343015e-12
189,223,0.4150615933849932,0.4150615933878678,2.8745894553594553e-12
190,156,0.40536456110593805,0.40536887856797993,4.31746204188066e-06
190,169,0.4089708770681528,0.40897641575810784,5.538689955009168e-06
190,177,0.42294010376488744,0.4229413653163217,1.261551434261765e-06
190,182,0.4082260781270384,0.40823032581151236,4.247684473934754e-06
190,198,0.42521385801381106,0.4252140585323114,2.0051850035951446e-07
190,203,0.4123867902428665,0.41238792551574,1.1352728734870254e-06
190,211,0.41296378969969405,0.4129639639390202,1.7423932613391813e-07
190,216,0.41905678301819466,0.4190574170329431,6.34014748424061e-07
191,157,0.438626334827516,0.4386350603485415,8.725521025487737e-06
191,170,0.42841552960175616,0.4284190984648693,3.5688631131458592e-06
191,178,0.4161158802135481,0.41612051506210784,4.634848559725846e-06
191,183,0.42058645337641704,0.4205869068884348,4.535120177728835e-07
191,199,0.420918417775787,0.4209198662800559,1.4485042689194039e-06
191,204,0.43141670782500907,0.4314170212386883,3.134136792315445e-07
191,212,0.42671062394658166,0.42671126222739797,6.38280816311898e-07
191,217,0.4281095549339324,0.42810967020496055,1.1527102816710766e-07
192,158,0.4018743514993728,0.40187435150860584,9.233058761992652e-12
192,171,0.415022601149472,0.41502260114984874,3.7675418340654687e-13
192,179,0.41207821296244057,0.4120782129729971,1.0556555629648301e-11
192,184,0.4213185231014622,0.4213185231014886,2.6423307986078726e-14
192,200,0.4230171850410137,0.4230171850617039,2.069017179806565e-11
192,205,0.4209005062855821,0.42090050628617276,5.906386491005833e-13
192,213,0.42092291544332155,0.4209229154460799,2.7583491046812014e-12
192,218,0.4438082859106208,0.4438082859106862,6.539213615042172e-14
193,159,0.42406916506995423,0.4240691650717708,1.8165469128916811e-12
193,172,0.42173230243872195,0.42173230244989496,1.1173006964071419e-11
193,180,0.4225885276450401,0.42258852764554644,5.063172103803026e-13
193,185,0.406782975139069,0.4067829751683658,2.9296787218413556e-11
193,201,0.43615672089806196,0.4361567208986032,5.412337245047638e-13
193,206,0.4140113268770605,0.41401132688242914,5.368649969028638e-12
193,214,0.41986797506598433,0.4198679750663265,3.4217073618947325e-13
193,219,0.4249451158147823,0.4249451158205766,5.794309476669923e-12
194,160,0.41621861168740265,0.4162186316303477,1.9942945073125884e-08
194,173,0.4383044195572026,0.43830445651899286,3.6961790239598e-08
194,181,0.3962565584379965,0.39625656413962124,5.701624727905141e-09
194,186,0.41430023133342864,0.4143002781347869,4.6801358288828254e-08
194,202,0.42070406299094243,0.42070406406081845,1.0698760211091951e-09
194,207,0.42472976175240706,0.4247297733085157,1.1556108625576655e-08
194,215,0.41159549871933465,0.4115955002042271,1.4848924312360623e-09
194,220,0.43668667222035557,0.4366866812721516,9.051796034942328e-09
195,161,0.4147774420235763,0.41478542963089676,7.987607320458778e-06
195,174,0.41797251563156707,0.41797572815970024,3.212528133178516e-06
195,182,0.4330668859005189,0.4330711227688938,4.236868374918323e-06
195,187,0.4276004842960613,0.42760088399196633,3.9969590504007613e-07
195,200,0.4212848456809199,0.4212849299910555,8.431013559517808e-08
195,203,0.43404789877272426,0.4340490352669411,1.1364942168468062e-06
195,208,0.42038571483647824,0.4203859794034832,2.6456700497057284e-07
195,216,0.40558630857471284,0.405586943529611,6.349548981599007e-07
196,162,0.42773776924737145,0.42773777256844964,3.3210781902326403e-09
196,175,0.4398626510728399,0.4398626518227059,7.498660026250548e-10
196,183,0.4273568584272175,0.4273568613618284,2.934610887628253e-09
196,188,0.41303815137154876,0.4130381514605351,8.898631831399939e-11
196,201,0.39798981908124537,0.39798981911650555,3.526018366173389e-11
196,204,0.41186463088375586,0.4118646329842882,2.100532359161633e-09
196,209,0.4301122005075696,0.43011220074791023,2.4034063628164404e-10
196,217,0.41748877302788656,0.41748877404365703,1.015770467738264e-09
197,163,0.4164318714162598,0.41643187141631655,5.67323965583455e-14
197,176,0.4194566551241256,0.41945665512435315,2.2754020889692583e-13
197,184,0.42631811793524443,0.4263181179352652,2.0761170560490427e-14
197,189,0.41849211774909995,0.418492117749738,6.380451722520775e-13
197,202,0.4130209557264033,0.4130209557281006,1.6973089600469393e-12
197,205,0.4334543221170323,0.4334543221173594,3.2712721420580237e-13
197,210,0.4251220804807851,0.4251220804810496,2.6451063561694355e-13
197,218,0.43050192543764704,0.4305019254376892,4.218847493575595e-14
198,164,0.43066520046577106,0.4306652254130181,2.494724704593665e-08
198,177,0.4315343169672933,0.4315343637854462,4.6818152910077515e-08
198,185,0.4253588007880907,0.4253588062338667,5.445775996815172e-09
198,190,0.40746001092242745,0.4074600711470079,6.022458043375423e-08
198,203,0.4233597241888751,0.423359766572223,4.2383347942376304e-08
198,206,0.43504274263914056,0.4350427434319992,7.928586676086979e-10
198,211,0.41036163011889,0.4103616413007886,1.118189862925334e-08
198,219,0.4154952308767667,0.4154952317308589,8.5409218586463e-10
199,165,0.4014260341913833,0.40143017396631914,4.1397749358518254e-06
199,178,0.43472591888660445,0.4347290882970061,3.169410401682171e-06
199,186,0.42820595280071233,0.42820724535547644,1.2925547641096102e-06
199,191,0.40385740016587346,0.4038587724283126,1.3722624391254712e-06
199,204,0.4387660611484988,0.43876628504080634,2.2389230752706268e-07
199,207,0.4278184147784525,0.4278185618741622,1.470957096683101e-07
199,212,0.4301183001496303,0.43011874586630067,4.457166703497606e-07
199,220,0.43612899134620464,0.43612910453500264,1.1318879800104042e-07
200,166,0.4556880689395223,0.45568807994083405,1.1001311750469256e-08
200,179,0.4267719319954117,0.4267719329921683,9.967566216850798e-10
200,187,0.432411454423015,0.4324114639251526,9.50213763228902e-09
200,192,0.41275491340205933,0.41275491348057536,7.851602701336446e-11
200,195,0.417818709982581,0.41781873245274076,2.2470159732890238e-08
200,205,0.4132867807980365,0.4132867808512564,5.321992846418766e-11
200,208,0.42338425667098184,0.423384263035217,6.364235138889285e-09
200,213,0.44109841431475977,0.44109841456890686,2.5414709226012633e-10
200,221,0.40999086740370805,0.40999086854592226,1.1422142121020329e-09
201,167,0.42050855474589083,0.4205085547481428,2.2519763831496675e-12
201,180,0.4205891246934558,0.4205891246940839,6.281086761816823e-13
201,188,0.43972366935060936,0.4397236693533889,2.779554364451542e-12
201,193,0.4284055705235065,0.4284055705249819,1.4754308885756018e-12
201,196,0.40917068826701253,0.40917068827994457,1.2932044324287517e-11
201,206,0.4345837747055503,0.43458377471083104,5.280720305478326e-12
201,209,0.42842738619549964,0.42842738620049503,4.9953929881496606e-12
201,214,0.4363156985851478,0.4363156985856688,5.21027665456586e-13
201,222,0.41123630350399637,0.4112363035058287,1.8323120798413584e-12
202,168,0.4162359505735915,0.41623595067566027,1.0206879785812362e-10
202,181,0.42197029367276595,0.42197029391722407,2.4445812041307136e-10
202,189,0.4088927437681899,0.4088927437941119,2.5921986779309236e-11
202,194,0.4254457389166021,0.42544573932325824,4.066561531956836e-10
202,197,0.43015202195576696,0.4301520219599024,4.135414233275014e-12
202,207,0.41590233738572857,0.415902337838433,4.5270442949885137e-10
202,210,0.42771071578312037,0.42771071579037956,7.259193246511586e-12
202,215,0.4244156864959613,0.4244156866027376,1.0677631001598797e-10
202,223,0.41601434344213434,0.41601434345133853,9.204192963352398e-12
203,169,0.402543955625609,0.40254726705836996,3.311432760944033e-06
203,182,0.4241607302826667,0.42416326406499044,2.5337823237325807e-06
203,190,0.4534711250457907,0.4534721853194034,1.0602736127407475e-06
203,195,0.40063791169947294,0.4006389826509444,1.0709514714490886e-06
203,198,0.4378772798613934,0.437877405260307,1.253989135863165e-07
203,208,0.43186749302992106,0.4318676576488148,1.6461889373875493e-07
203,211,0.4186477156794032,0.4186478246716445,1.0899224134330865e-07
203,216,0.41060916875853587,0.41060955724803494,3.8848949907022146e-07
203,224,0.41370954105613783,0.41370958559726756,4.454112972895885e-08
204,170,0.4173244385104927,0.4173245935362873,1.550257945903688e-07
204,183,0.4200725456294704,0.4200725897474389,4.411796850067873e-08
204,191,0.41098162398874727,0.41098171655050614,9.256175886873663e-08
204,196,0.4106520693238775,0.410652075132095,5.808217518055159e-09
204,199,0.44960207252880374,0.44960214467455456,7.214575081793129e-08
204,209,0.4066771825569582,0.40667718428205035,1.7250921247047302e-09
204,212,0.41583648610451424,0.4158365206010502,3.44965359611038e-08
204,217,0.4206606066534274,0.42066061940922383,1.2755796419128274e-08
204,225,0.40489802947422115,0.40489803458361623,5.109395073699119e-09
205,171,0.4252344252628567,0.42523442526320304,3.463340725318176e-13
205,184,0.4189880218784002,0.41898802187842427,2.4091839634365897e-14
205,192,0.40698180926692057,0.40698180926777666,8.560929742884582e-13
205,197,0.4211311452933361,0.42113114529343976,1.0363931934875836e-13
205,200,0.43042805030701975,0.43042805032652715,1.9507395698781238e-11
205,210,0.4183962489465945,0.4183962489467687,1.7419399256368706e-13
205,213,0.4253057484281821,0.42530574843074237,2.5602853170880735e-12
205,218,0.4183141130683731,0.41831411306843336,6.0285110237146e-14
205,226,0.4072427747741352,0.4072427747745784,4.432010314303625e-13
206,172,0.4214166284610251,0.42141662850484035,4.381522922258796e-11
206,185,0.41966913995150984,0.4196691400662293,1.1471945615681989e-10
206,193,0.4106189827835649,0.4106189827896878,6.122879980807738e-12
206,198,0.4139328658063414,0.4139328660669134,2.605719529036321e-10
206,201,0.43622439814870495,0.43622439815084224,2.137290344705889e-12
206,211,0.41466502945849315,0.4146650296867769,2.282837252565173e-10
206,214,0.4176691376210717,0.41766913762242935,1.3576362256628727e-12
206,219,0.41935068129186504,0.4193506813148739,2.3008872584995288e-11
206,227,0.4322392415321316,0.43223924153635485,4.223232874522864e-12
207,173,0.4254387515084498,0.4254387953426741,4.383422430587203e-08
207,186,0.4078791663321718,0.4078792218641404,5.5531968579103363e-08
207,194,0.41334842270102634,0.4133484345368703,1.1835843971574889e-08
207,199,0.4162269994620802,0.4162270458670339,4.6404953712997354e-08
207,202,0.40518319281649456,0.4051831940599616,1.2434670515482082e-09
207,212,0.41426418222496286,0.4142642044644152,2.2239452335259813e-08
207,215,0.42899817259472955,0.428998174320989,1.7262594687039723e-09
207,220,0.43321092732003025,0.4332109379628172,1.0642786929526693e-08
207,228,0.4266096163004348,0.42660961736721104,1.0667762229132904e-09
208,174,0.4389702054146323,0.4389703433354401,1.3792080783003868e-07
208,187,0.4083607433133363,0.408360776249741,3.2936404659178464e-08
208,195,0.4082651507095636,0.4082652321939063,8.14843427177081e-08
208,200,0.418022002070767,0.4180220099778291,7.907062116174757e-09
208,203,0.42531307499128185,0.425313131308819,5.6317537133754314e-08
208,213,0.4158463944678756,0.41584639531105716,8.431815801124287e-10
208,216,0.40646146401215083,0.40646149808698645,3.407483561979063e-08
208,221,0.4107520086406754,0.4107520125134615,3.872786091818625e-09
208,229,0.4187336001042442,0.4187336030232777,2.919033514903191e-09
209,175,0.41080369270740186,0.4108036929193367,2.119348585516434e-10
209,188,0.4228260872794528,0.4228260873066508,2.719796610151093e-11
209,196,0.44490600447953627,0.44490600468421065,2.046743885486535e-10
209,201,0.4171657103625088,0.4171657103734225,1.0913658865518983e-11
209,204,0.40389555692936124,0.4038955574861364,5.567751815149791e-10
209,214,0.4299114153122094,0.4299114153164488,4.23938661953116e-12
209,217,0.4018082510663289,0.40180825134070947,2.743805738170124e-10
209,222,0.42067251079644064,0.42067251082005186,2.3611224087005667e-11
209,230,0.4131908277616811,0.41319082779559974,3.391864566992808e-11
210,176,0.4210132216261352,0.4210132216265432,4.0800696154974503e-13
210,189,0.42931380219704673,0.4293138021981937,1.1469714067402492e-12
210,197,0.4233664055524531,0.42336640555272914,2.7605695507304517e-13
210,202,0.4010383457568571,0.4010383457599166,3.059497100110775e-12
210,205,0.40789145675192545,0.40789145675249494,5.69488900481474e-13
210,215,0.43886049440060904,0.43886049440475744,4.148403842663129e-12
210,218,0.4119208461997912,0.4119208461998676,7.638334409421077e-14
210,223,0.415596482415485,0.4155964824160759,5.908606937055083e-13
210,231,0.4340239881390487,0.4340239881392666,2.1793677973391823e-13
211,177,0.4124628027821795,0.4124628432708991,4.048871959927425e-08
211,190,0.41405026325262023,0.41405031532318604,5.207056580358582e-08
211,198,0.4154966584964899,0.41549666958977993,1.1093290008812318e-08
211,203,0.41464193998978954,0.4146419766442006,3.665441106193157e-08
211,206,0.39334550532401297,0.39334550601160095,6.875879865475554e-10
211,216,0.41092449473429715,0.4109245169317086,2.219741146447518e-08
211,219,0.42076814015226344,0.42076814089296305,7.406996127556909e-10
211,224,0.39291955650071686,0.3929195605804288,4.079711957150067e-09
211,232,0.40205426774748865,0.4020542681747227,4.272340259348084e-10
212,178,0.42485779870598106,0.42485913586455826,1.3371585771970729e-06
212,191,0.41465925522889274,0.41465983812391766,5.82895024914265e-07
212,199,0.4023170104520561,0.402317439467344,4.290152879060649e-07
212,204,0.42985884785646966,0.42985894453015133,9.6673681670989e-08
212,207,0.4241503506163307,0.42415041419963884,6.35833081186199e-08
212,217,0.42555049995787836,0.42555053588243863,3.592456027101676e-08
212,220,0.4195959736612512,0.4195960226278718,4.896662064712842e-08
212,225,0.4157714430501473,0.41577145509423474,1.2044087449591956e-08
212,233,0.4262930368871881,0.42629304526738887,8.380200755553346e-09
213,179,0.4273198705632343,0.42731987061401683,5.078254483592559e-11
213,192,0.40638997969060875,0.4063899796950596,4.450828594571021e-12
213,200,0.41908132207553445,0.41908132217499144,9.945699819269294e-11
213,205,0.4253364448225191,0.4253364448253617,2.842615032250251e-12
213,208,0.40231843091633523,0.40231843116910504,2.527698050869276e-10
213,218,0.41108026791228464,0.4110802679126,3.153588501447757e-13
213,221,0.41499574418309565,0.41499574423553987,5.2444215636882063e-11
213,226,0.41864125387832457,0.41864125388062634,2.3017698858041058e-12
213,234,0.40158403804463794,0.40158403804719794,2.5600077613319172e-12
214,180,0.41858853577858185,0.41858853577879407,2.1221913115709867e-13
214,193,0.42333595118317385,0.4233359511836782,5.043743200872086e-13
214,201,0.4231297811458064,0.4231297811461884,3.819722316222851e-13
214,206,0.40528101471970146,0.40528101472150807,1.806610416821286e-12
214,209,0.4309043728954478,0.4309043728969825,1.5347167980905851e-12
214,219,0.40715993370666403,0.407159933708603,1.9389490013566046e-12
214,222,0.4017343058269671,0.40173430582753444,5.67323965583455e-13
214,227,0.40024513042155685,0.4002451304219353,3.7847502909471586e-13
215,181,0.40726622090340675,0.4072662212454414,3.420346228466542e-10
215,194,0.4240487337902219,0.4240487343594653,5.692433746595782e-10
215,202,0.39825954231372024,0.3982595424219413,1.0822104323793269e-10
215,207,0.4276732717337965,0.42767327236768266,6.338861657795292e-10
215,210,0.4178199200836654,0.4178199200937148,1.004940575199953e-11
215,220,0.41551820949509966,0.4155182100069103,5.118106494172991e-10
215,223,0.4226814183138379,0.4226814183265817,1.2743806010462322e-11
215,228,0.40229701482976155,0.40229701492382886,9.406730949734765e-11
216,182,0.4134679597996804,0.4134692376979527,1.2778982723116172e-06
216,190,0.4296944147180581,0.4296949629699636,5.482519055410862e-07
216,195,0.42943596699728015,0.4294365209215131,5.539242329266614e-07
216,203,0.4347701756373548,0.4347705353380561,3.597007012801079e-07
216,208,0.4318054743792552,0.4318055619277208,8.754846558822749e-08
216,211,0.3946636858738597,0.39466374389572056,5.8021860871448894e-08
216,221,0.40576530119946586,0.4057653137446871,1.2545221250714889e-08
216,224,0.3937481872977663,0.39374821105679536,2.3759029077474736e-08
216,229,0.4143911412449995,0.4143911513498837,1.0104884207162712e-08
217,183,0.43246464623750636,0.4324646619383702,1.5700863831291656e-08
217,191,0.4068248804218436,0.40682491166415696,3.1242313347501494e-08
217,196,0.4156966336114899,0.4156966358358577,2.224367801062499e-09
217,204,0.42420818053736553,0.4242081915662169,1.1028851387706595e-08
217,209,0.3936335682691184,0.39363356894157037,6.724519829859332e-10
217,212,0.4225831104070418,0.4225831222006769,1.1793635124046631e-08
217,222,0.44988226927539376,0.449882269494446,2.1905222080675912e-10
217,225,0.4192595224668746,0.41925952435999864,1.8931240464148402e-09
217,230,0.4362210267659634,0.4362210270824596,3.164961626112017e-10
218,184,0.44091202301344423,0.44091202301344495,7.216449660063518e-16
218,192,0.42126474449162854,0.42126474449169266,6.411537967210279e-14
218,197,0.4062990525346835,0.4062990525346962,1.2712053631958042e-14
218,205,0.4187687216835783,0.41876872168362284,4.451994328746878e-14
218,210,0.4372795416830953,0.4372795416831156,2.0317081350640365e-14
218,213,0.4171245584784769,0.41712455847868884,2.1194157540094238e-13
218,223,0.41892035092465957,0.41892035092468455,2.4980018054066022e-14
218,226,0.4262889744657238,0.4262889744657584,3.4638958368304884e-14
218,231,0.4267659557525858,0.42676595575259696,1.1157741397482823e-14
219,185,0.4037526043404999,0.4037526044628221,1.223221524071505e-10
219,193,0.4017787829984607,0.401778783005009,6.548317443844098e-12
219,198,0.4067553171219782,0.40675531739968807,2.777098551121071e-10
219,206,0.4001890424803533,0.40018904250314813,2.2794821585847558e-11
219,211,0.4093789995264248,0.4093789997697352,2.4331037185021387e-10
219,214,0.41954728171346106,0.41954728171490985,1.448785535984598e-12
219,224,0.421345498062202,0.4213454981674727,1.0527068106114257e-10
219,227,0.4135769151818266,0.41357691518634215,4.515554596906668e-12
219,232,0.43344909815970906,0.43344909817399246,1.4283407789861258e-11
220,186,0.4407501112915509,0.44075015352542674,4.223387584101346e-08
220,194,0.4329518718821442,0.4329518809523448,9.070200646110749e-09
220,199,0.4091785629022407,0.40917859820765345,3.530541275997834e-08
220,207,0.438571829327983,0.43857183974087677,1.0412893769462528e-08
220,212,0.39766935372257417,0.39766937066308916,1.6940514990793076e-08
220,215,0.40973667177615536,0.409736673112443,1.336287636100053e-09
220,225,0.42619326815793496,0.4261932707430924,2.585157421464146e-09
220,228,0.4325951549614212,0.4325951557876809,8.262596717933945e-10
220,233,0.42641155092081073,0.4264115524956598,1.574849084473584e-09
221,187,0.41322025300742693,0.41322025669387147,3.6864445385198508e-09
221,200,0.4164756767760269,0.41647567768642735,9.104004217164174e-10
221,208,0.44349700479131565,0.4434970072640301,2.4727144221081687e-09
221,213,0.4182583473306909,0.41825834743480167,1.0411077555616544e-10
221,216,0.4287017074746664,0.428701711027976,3.5533095910089685e-09
221,226,0.41243874714443735,0.4124387471618197,1.7382373318497457e-11
221,229,0.412135052503406,0.41213505284232504,3.3891905948379986e-10
221,234,0.4234798988555206,0.42347989887483223,1.9311607868388592e-11
222,188,0.40342627861688435,0.4034262786257693,8.884948332621434e-12
222,201,0.42082493637982343,0.4208249363834119,3.588462860193431e-12
222,209,0.42413759889311303,0.42413759891521186,2.2098822771710047e-11
222,214,0.42527030758671147,0.4252703075881231,1.4116485758108865e-12
222,217,0.4270790426926547,0.42707904277875086,8.609618573629518e-11
222,227,0.41473560588754527,0.41473560589021496,2.6696977961648827e-12
222,230,0.41252698602594173,0.4125269860368116,1.086986056719752e-11
222,235,0.428134673446185,0.428134673448534,2.3490098755019062e-12
223,189,0.4104927744345416,0.4104927744360146,1.4730439090726577e-12
223,202,0.42993276242328854,0.4299327624272207,3.9321879086173794e-12
223,210,0.39678361663023004,0.3967836166308331,6.03073146976385e-13
223,215,0.41949294358888684,0.4194929435942184,5.331568520006158e-12
223,218,0.40747325799469164,0.4074732579947889,9.725553695716371e-14
223,226,0.4097199841561192,0.4097199841566938,5.745959263947498e-13
223,228,0.41386547849471794,0.4138654784981951,3.477163001974759e-12
223,231,0.3988004602973528,0.3988004602976313,2.784994457272205e-13
223,236,0.4215673050506083,0.42156730505110374,4.954370247389761e-13
224,203,0.4113298260452624,0.4113298405054163,1.4460153907602802e-08
224,211,0.43852511381116505,0.43852511766642593,3.85526088830801e-09
224,216,0.4225513550281948,0.4225513638004814,8.772286619329606e-09
224,219,0.4352836812774539,0.43528368157492736,2.974734347738206e-10
224,227,0.4311429192698532,0.431142919323168,5.331479702164188e-11
224,229,0.4220733679082676,0.4220733686716031,7.633355059155633e-10
224,232,0.40437637043992025,0.4043763706115419,1.716216613267818e-10
224,237,0.4321040462746135,0.43210404633430644,5.969291727581094e-11
225,204,0.4018297240426466,0.4018297274362071,3.3935604881740744e-09
225,212,0.42078195213722247,0.4207819554289879,3.291765415802672e-09
225,217,0.41963254911436765,0.419632550582196,1.4678283588587249e-09
225,220,0.43141083952879894,0.431410841353694,1.8248950683918963e-09
225,228,0.4148926068866805,0.4148926071107076,2.2402707466895322e-10
225,230,0.42523815856088637,0.42523815867812287,1.172364982870988e-10
225,233,0.4257927538883395,0.42579275425840546,3.700659778616e-10
225,238,0.42950315413546486,0.42950315418467777,4.9212911523710545e-11
226,205,0.41428994925455337,0.41428994925494206,3.886890809212673e-13
226,213,0.3943277044981786,0.3943277044999982,1.8196000262094003e-12
226,218,0.4254564332253767,0.42545643322541893,4.2243986086987206e-14
226,221,0.41416806397730066,0.41416806398469325,7.392586542920299e-12
226,223,0.43421125404171307,0.4342112540418715,1.5842882561400984e-13
226,229,0.4234129234655179,0.42341292347089804,5.3801407773335086e-12
226,231,0.42684298753378314,0.4268429875338478,6.467049118441537e-14
226,234,0.4240426745323929,0.42404267453274147,3.485545185810679e-13
226,236,0.4341258459916129,0.4341258459917211,1.081912337497215e-13
227,206,0.42815556345568917,0.42815556345977984,4.0906722453826205e-12
227,214,0.42624398107499717,0.4262439810752884,2.9121149935917856e-13
227,219,0.42597111500044355,0.42597111500485235,4.408806653088959e-12
227,222,0.4327149834306694,0.43271498343141596,7.465694729091865e-13
227,224,0.4268427139579907,0.42684271397973444,2.174371793728369e-11
227,230,0.40238248848785596,0.4023824884889022,1.0462186672555163e-12
227,232,0.41477011252005874,0.4147701125226172,2.558453449097442e-12
227,235,0.4178551144645321,0.4178551144648227,2.906008766956347e-13
227,237,0.416209359316954,0.41620935931785685,9.028333636251773e-13
228,207,0.42132338191972063,0.42132338230317573,3.834551010051257e-10
228,215,0.4117662060700095,0.41176620616112,9.111045251586347e-11
228,220,0.41137246160551644,0.4113724619153648,3.098483691843512e-10
228,223,0.4427485953763278,0.4427485953842527,7.92488297207683e-12
228,225,0.4218649265974675,0.42186492673066983,1.3320233804847703e-10
228,231,0.41222366160216123,0.4122236616048582,2.6969537714194303e-12
228,233,0.4341728923660237,0.4341728924376534,7.162970216967324e-11
228,236,0.4223909137404852,0.4223909137466623,6.177114375560677e-12
228,238,0.40667974257792994,0.4066797425923082,1.4378276347315477e-11
229,208,0.3990993863309357,0.3990993885134113,2.1824755891408643e-09
229,216,0.4094688403926409,0.40946884362999986,3.2373589364809163e-09
229,221,0.4256948635818922,0.4256948639762505,3.943583237742132e-10
229,224,0.4400043482415733,0.4400043488633192,6.217458770052531e-10
229,226,0.43229105099850706,0.43229105101314114,1.4634071732189113e-11
229,232,0.43636476910435196,0.4363647691723453,6.799333318596723e-11
229,234,0.4097584577477278,0.4097584577639832,1.625538592620046e-11
229,237,0.4131204654958307,0.4131204655195096,2.367889218035657e-11
230,209,0.4348844116242888,0.4348844116562001,3.191130693025457e-11
230,217,0.43787300913188065,0.43787300925555417,1.2367351587272424e-10
230,222,0.41112899236674444,0.4111289923776877,1.0943246309125243e-11
230,225,0.409738494516844,0.40973849457962247,6.277844910584918e-11
230,227,0.42107163205708564,0.421071632060891,3.805344928053955e-12
230,233,0.42997140583317783,0.4299714058665985,3.342065513223247e-11
230,235,0.3995182648182636,0.39951826482165387,3.3902880502978405e-12
230,238,0.417584837827883,0.4175848378350624,7.179368211041037e-12
231,210,0.3842796578404998,0.3842796578406941,1.9434454046063365e-13
231,218,0.4223408912423606,0.42234089124239227,3.164135620181696e-14
231,223,0.40713050428445335,0.4071305042846959,2.4252821972936545e-13
231,226,0.4147720194346509,0.41477201943484987,1.9895196601282805e-13
231,228,0.43256907581485393,0.43256907581592646,1.0725309529391325e-12
231,234,0.41462112112594773,0.4146211211261679,2.2015722578316854e-13
231,236,0.4172578281899111,0.41725782819006807,1.5698553568199713e-13
231,239,0.43478737174005216,0.4347873717401776,1.254552017826427e-13
232,211,0.4259738310285598,0.42597383116825616,1.3969636558641696e-10
232,219,0.451772314544222,0.45177231455820493,1.3982925928246459e-11
232,224,0.4057286433173724,0.40572864337774833,6.037592648056034e-11
232,227,0.4135752901726325,0.4135752901752018,2.5692781235875373e-12
232,229,0.4271568063653432,0.4271568063958553,3.0512092852319483e-11
232,235,0.4137736192902361,0.41377361929098794,7.51843032276156e-13
232,237,0.41267070363343095,0.4126707036362779,2.846944902046289e-12
232,239,0.40968516819826595,0.40968516819883694,5.70987701564718e-13
233,212,0.4253205929332026,0.42532059558370355,2.650500929846089e-09
233,220,0.41542874702561633,0.4154287483675522,1.3419358957378336e-09
233,225,0.4159171971059085,0.415917197546713,4.4080450400940663e-10
233,228,0.43911995754707017,0.4391199576947246,1.4765444422693008e-10
233,230,0.41541347855375244,0.4154134786296216,7.586914430035563e-11
233,235,0.4300823926270218,0.4300823926413522,1.4330370223802902e-11
233,236,0.41828825864173086,0.41828825865478075,1.3049894498351478e-11
233,238,0.4169261071813496,0.41692610721246437,3.111477742123725e-11
233,239,0.4234789383120336,0.423478938323757,1.172340002852934e-11
234,213,0.41135243082852224,0.4113524308305304,2.008171406941983e-12
234,221,0.4363209523705007,0.43632095237866586,8.165135234605714e-12
234,226,0.4227513679619449,0.4227513679622908,3.458899833219675e-13
234,229,0.4193036180393345,0.4193036180452783,5.9438010069357006e-12
234,231,0.41023668228004334,0.4102366822801153,7.194245199571014e-14
234,236,0.43732293219838864,0.43732293219851576,1.2712053631958042e-13
234,237,0.4312307956554494,0.43123079565598776,5.383471446407384e-13
234,239,0.41534222534792586,0.4153422253480389,1.1302070390684094e-13
235,222,0.4232588608434622,0.42325886084537956,1.9173551635276453e-12
235,227,0.42628828064477636,0.4262882806455527,7.763234499691407e-13
235,230,0.4133200348906822,0.4133200348934198,2.737587934120711e-12
235,232,0.41843875150324705,0.4184387515054684,2.2213342276700132e-12
235,233,0.4167529876295912,0.4167529876350454,5.454248164227238e-12
235,237,0.4432588199483974,0.4432588199492079,8.105183191275955e-13
235,238,0.4166343069909354,0.4166343069922146,1.2791989689731054e-12
235,239,0.4264698963170587,0.4264698963175218,4.630740235711528e-13
236,223,0.40556904098656316,0.4055690409872678,7.046585537295869e-13
236,226,0.43124402694156344,0.43124402694200537,4.4192427495204356e-13
236,228,0.42367196640187266,0.4236719664062229,4.350242388539982e-12
236,231,0.4143449385368462,0.41434493853709586,2.496891582381977e-13
236,233,0.4185534727111908,0.4185534727160714,4.8805959274034194e-12
236,234,0.4115731021758673,0.41157310217635795,4.906630657330879e-13
236,237,0.4072008780459972,0.4072008780467529,7.557288128623441e-13
236,238,0.43446520708766156,0.43446520708883335,1.1717848913406215e-12
236,239,0.4115446438118665,0.4115446438122908,4.2427172886050357e-13
237,224,0.42030781505018444,0.420307815072418,2.223354833574831e-11
237,227,0.4056282581930153,0.40562825819391457,8.992806499463768e-13
237,229,0.41609992837720655,0.41609992838824145,1.103489521980805e-11
237,232,0.4057959419298115,0.40579594193264107,2.8295699117109052e-12
237,234,0.4296888444010981,0.4296888444018084,7.102651800039439e-13
237,235,0.42955280018166836,0.4295528001819494,2.810529586838584e-13
237,236,0.4309213714250153,0.43092137142525155,2.362554596402333e-13
237,238,0.42887352791752126,0.42887352791802313,5.01876318281802e-13
237,239,0.4225890620162844,0.4225890620164965,2.1210810885463616e-13
238,225,0.43185397963401756,0.43185397965676864,2.2751078798677327e-11
238,228,0.41483431358891104,0.4148343135994922,1.0581147069643748e-11
238,230,0.41253805683643596,0.4125380568424918,6.055822510120379e-12
238,233,0.4100953603495744,0.410095360361494,1.1919631948131837e-11
238,235,0.4405210284983288,0.4405210284996818,1.352973288959447e-12
238,236,0.4158494425323925,0.41584944253363015,1.2376766278521245e-12
238,237,0.4290612540513293,0.4290612540530799,1.7505996652289468e-12
238,239,0.4182418498171222,0.41824184981814466,1.022459894528538e-12
239,231,0.39915122887384025,0.3991512288740544,2.141620214501927e-13
239,232,0.4241078776749986,0.4241078776766978,1.699196339188802e-12
239,233,0.4144172652870365,0.4144172652919342,4.897693361982647e-12
239,234,0.4368880950457388,0.4368880950461396,4.0084602304091277e-13
239,235,0.42047361697969954,0.4204736169802071,5.075384557073903e-13
239,236,0.43171108410413517,0.43171108410460024,4.650724250154781e-13
239,237,0.4237822373234578,0.42378223732408005,6.22224494151169e-13
239,238,0.4154386035801432,0.41543860358121387,1.070699084948501e-12
